CustomerID,Segment,Description,Campaign_Goal,Campaign_Message
12346.0,Loyal Customers,MEDIUM CERAMIC TOP STORAGE JAR,Increase repeat purchases,We appreciate your loyalty! Get a special offer on MEDIUM CERAMIC TOP STORAGE JAR and continue enjoying your favorite picks.
12347.0,Occasional Buyers,ICE CREAM SUNDAE LIP GLOSS,General engagement,Explore our latest offers selected specially for you.
12348.0,Occasional Buyers,DOUGHNUT LIP GLOSS ,General engagement,Explore our latest offers selected specially for you.
12349.0,Occasional Buyers,STRAWBERRY CERAMIC TRINKET POT,General engagement,Explore our latest offers selected specially for you.
12350.0,Inactive Customers,TEA BAG PLATE RED RETROSPOT,General engagement,Explore our latest offers selected specially for you.
12352.0,Occasional Buyers,PINK HEART SHAPE EGG FRYING PAN,General engagement,Explore our latest offers selected specially for you.
12353.0,Inactive Customers,MINI CAKE STAND WITH HANGING CAKES,General engagement,Explore our latest offers selected specially for you.
12354.0,Inactive Customers,BLUE POLKADOT CUP,General engagement,Explore our latest offers selected specially for you.
12355.0,Inactive Customers,ICE CREAM SUNDAE LIP GLOSS,General engagement,Explore our latest offers selected specially for you.
12356.0,Occasional Buyers,60 TEATIME FAIRY CAKE CASES,General engagement,Explore our latest offers selected specially for you.
12357.0,Occasional Buyers,HAND WARMER RED RETROSPOT,General engagement,Explore our latest offers selected specially for you.
12358.0,Occasional Buyers,CERAMIC STRAWBERRY CAKE MONEY BANK,General engagement,Explore our latest offers selected specially for you.
12359.0,Occasional Buyers,"METAL SIGN,CUPCAKE SINGLE HOOK",General engagement,Explore our latest offers selected specially for you.
12360.0,Occasional Buyers,MINI PAINT SET VINTAGE ,General engagement,Explore our latest offers selected specially for you.
12361.0,Inactive Customers,CIRCUS PARADE LUNCH BOX ,General engagement,Explore our latest offers selected specially for you.
12362.0,Occasional Buyers,SPACEBOY LUNCH BOX ,General engagement,Explore our latest offers selected specially for you.
12363.0,Occasional Buyers,60 CAKE CASES VINTAGE CHRISTMAS,General engagement,Explore our latest offers selected specially for you.
12364.0,Occasional Buyers,BUBBLEGUM RING ASSORTED,General engagement,Explore our latest offers selected specially for you.
12365.0,Inactive Customers,ASSORTED BOTTLE TOP  MAGNETS ,General engagement,Explore our latest offers selected specially for you.
12367.0,Occasional Buyers,SLEEPING CAT ERASERS,General engagement,Explore our latest offers selected specially for you.
12370.0,Occasional Buyers,BOYS ALPHABET IRON ON PATCHES,General engagement,Explore our latest offers selected specially for you.
12371.0,Occasional Buyers,GRAND CHOCOLATECANDLE,General engagement,Explore our latest offers selected specially for you.
12372.0,Occasional Buyers,PLASTERS IN TIN CIRCUS PARADE ,General engagement,Explore our latest offers selected specially for you.
12373.0,Inactive Customers,RED RETROSPOT CHARLOTTE BAG,General engagement,Explore our latest offers selected specially for you.
12374.0,Occasional Buyers,72 SWEETHEART FAIRY CAKE CASES,General engagement,Explore our latest offers selected specially for you.
12375.0,Occasional Buyers,JUMBO BAG PEARS,General engagement,Explore our latest offers selected specially for you.
12377.0,Inactive Customers,MINI JIGSAW CIRCUS PARADE ,General engagement,Explore our latest offers selected specially for you.
12378.0,Occasional Buyers,GIRLS ALPHABET IRON ON PATCHES ,General engagement,Explore our latest offers selected specially for you.
12379.0,Occasional Buyers,POLKADOT PEN,General engagement,Explore our latest offers selected specially for you.
12380.0,Occasional Buyers,ROUND SNACK BOXES SET OF4 WOODLAND ,General engagement,Explore our latest offers selected specially for you.
12381.0,Occasional Buyers,MINI PAINT SET VINTAGE ,General engagement,Explore our latest offers selected specially for you.
12383.0,Inactive Customers,PACK OF 12 TRADITIONAL CRAYONS,General engagement,Explore our latest offers selected specially for you.
12384.0,Occasional Buyers,BIRDCAGE DECORATION TEALIGHT HOLDER,General engagement,Explore our latest offers selected specially for you.
12386.0,Inactive Customers,ASSORTED BOTTLE TOP  MAGNETS ,General engagement,Explore our latest offers selected specially for you.
12388.0,Occasional Buyers,STAR DECORATION PAINTED ZINC ,General engagement,Explore our latest offers selected specially for you.
12390.0,Occasional Buyers,MINI PAINT SET VINTAGE ,General engagement,Explore our latest offers selected specially for you.
12391.0,Occasional Buyers,PARTY TIME PENCIL ERASERS,General engagement,Explore our latest offers selected specially for you.
12393.0,Occasional Buyers,LUNCH BAG WOODLAND,General engagement,Explore our latest offers selected specially for you.
12394.0,Occasional Buyers,SET OF 12 MINI LOAF BAKING CASES,General engagement,Explore our latest offers selected specially for you.
12395.0,Occasional Buyers,POLKADOT PEN,General engagement,Explore our latest offers selected specially for you.
12397.0,Occasional Buyers,CARAVAN SQUARE TISSUE BOX,General engagement,Explore our latest offers selected specially for you.
12398.0,Occasional Buyers,BUBBLEGUM RING ASSORTED,General engagement,Explore our latest offers selected specially for you.
12399.0,Occasional Buyers,MINI PAINT SET VINTAGE ,General engagement,Explore our latest offers selected specially for you.
12401.0,Inactive Customers,CHERRY BLOSSOM DECORATIVE FLASK,General engagement,Explore our latest offers selected specially for you.
12402.0,Inactive Customers,DOLLY GIRL LUNCH BOX,General engagement,Explore our latest offers selected specially for you.
12403.0,Occasional Buyers,CHILDRENS CUTLERY POLKADOT PINK,General engagement,Explore our latest offers selected specially for you.
12405.0,Inactive Customers,BLUE POLKADOT BEAKER ,General engagement,Explore our latest offers selected specially for you.
12406.0,Occasional Buyers,LUNCH BAG SUKI DESIGN ,General engagement,Explore our latest offers selected specially for you.
12407.0,Occasional Buyers,FAIRY CAKES NOTEBOOK A7 SIZE,General engagement,Explore our latest offers selected specially for you.
12408.0,Occasional Buyers,DOLLY GIRL LUNCH BOX,General engagement,Explore our latest offers selected specially for you.
12409.0,Occasional Buyers,PACK OF 72 RETROSPOT CAKE CASES,General engagement,Explore our latest offers selected specially for you.
12410.0,Inactive Customers,FRENCH BATHROOM SIGN BLUE METAL,General engagement,Explore our latest offers selected specially for you.
12412.0,Occasional Buyers,WORLD WAR 2 GLIDERS ASSTD DESIGNS,General engagement,Explore our latest offers selected specially for you.
12413.0,Occasional Buyers,JUMBO BAG RED RETROSPOT,General engagement,Explore our latest offers selected specially for you.
12414.0,Inactive Customers,12 PENCILS SMALL TUBE RED RETROSPOT,General engagement,Explore our latest offers selected specially for you.
12415.0,Champions,MINI PAINT SET VINTAGE ,General engagement,Explore our latest offers selected specially for you.
12417.0,Occasional Buyers,WRAP ENGLISH ROSE ,General engagement,Explore our latest offers selected specially for you.
12418.0,Occasional Buyers,WORLD WAR 2 GLIDERS ASSTD DESIGNS,General engagement,Explore our latest offers selected specially for you.
12420.0,Occasional Buyers,HANGING WOOD AND FELT FLOWER,General engagement,Explore our latest offers selected specially for you.
12421.0,Occasional Buyers,LOVE HEART TRINKET POT,General engagement,Explore our latest offers selected specially for you.
12422.0,Occasional Buyers,FRENCH LAVENDER SCENT HEART,General engagement,Explore our latest offers selected specially for you.
12423.0,Occasional Buyers,RABBIT NIGHT LIGHT,General engagement,Explore our latest offers selected specially for you.
12424.0,Inactive Customers,SET OF 3 BUTTERFLY COOKIE CUTTERS,General engagement,Explore our latest offers selected specially for you.
12425.0,Occasional Buyers,ICE CREAM PEN LIP GLOSS ,General engagement,Explore our latest offers selected specially for you.
12426.0,Inactive Customers,WRAP BAD HAIR DAY,General engagement,Explore our latest offers selected specially for you.
12427.0,Occasional Buyers,BOYS ALPHABET IRON ON PATCHES,General engagement,Explore our latest offers selected specially for you.
12428.0,Occasional Buyers,CARD GINGHAM ROSE ,General engagement,Explore our latest offers selected specially for you.
12429.0,Occasional Buyers,60 CAKE CASES DOLLY GIRL DESIGN,General engagement,Explore our latest offers selected specially for you.
12430.0,Occasional Buyers,MINI JIGSAW SPACEBOY,General engagement,Explore our latest offers selected specially for you.
12431.0,Loyal Customers,RED TOADSTOOL LED NIGHT LIGHT,Increase repeat purchases,We appreciate your loyalty! Get a special offer on RED TOADSTOOL LED NIGHT LIGHT and continue enjoying your favorite picks.
12432.0,Occasional Buyers,RAIN PONCHO RETROSPOT,General engagement,Explore our latest offers selected specially for you.
12433.0,Occasional Buyers,SMALL FOLDING SCISSOR(POINTED EDGE),General engagement,Explore our latest offers selected specially for you.
12434.0,Occasional Buyers,PARTY CONES CANDY ASSORTED,General engagement,Explore our latest offers selected specially for you.
12435.0,Occasional Buyers,RED  HARMONICA IN BOX ,General engagement,Explore our latest offers selected specially for you.
12436.0,Occasional Buyers,72 SWEETHEART FAIRY CAKE CASES,General engagement,Explore our latest offers selected specially for you.
12437.0,Loyal Customers,SET/6 RED SPOTTY PAPER CUPS,Increase repeat purchases,We appreciate your loyalty! Get a special offer on SET/6 RED SPOTTY PAPER CUPS and continue enjoying your favorite picks.
12438.0,Occasional Buyers,HOUSE SHAPE PENCIL SHARPENER,General engagement,Explore our latest offers selected specially for you.
12441.0,Inactive Customers,BLUE SCANDINAVIAN PAISLEY WRAP,General engagement,Explore our latest offers selected specially for you.
12442.0,Occasional Buyers,WRAP PAISLEY PARK ,General engagement,Explore our latest offers selected specially for you.
12444.0,Occasional Buyers,BLUE STRIPE CERAMIC DRAWER KNOB,General engagement,Explore our latest offers selected specially for you.
12445.0,Occasional Buyers,3 ROSE MORRIS BOXED CANDLES,General engagement,Explore our latest offers selected specially for you.
12446.0,Occasional Buyers,4 TRADITIONAL SPINNING TOPS,General engagement,Explore our latest offers selected specially for you.
12447.0,Inactive Customers,CIRCUS PARADE LUNCH BOX ,General engagement,Explore our latest offers selected specially for you.
12448.0,Occasional Buyers,ASS FLORAL PRINT MULTI SCREWDRIVER,General engagement,Explore our latest offers selected specially for you.
12449.0,Occasional Buyers,RETRO PLASTIC POLKA TRAY,General engagement,Explore our latest offers selected specially for you.
12450.0,Inactive Customers,LUNCH BAG DOILEY PATTERN ,General engagement,Explore our latest offers selected specially for you.
12451.0,Occasional Buyers,PLASTERS IN TIN WOODLAND ANIMALS,General engagement,Explore our latest offers selected specially for you.
12452.0,Occasional Buyers,ICE CREAM SUNDAE LIP GLOSS,General engagement,Explore our latest offers selected specially for you.
12453.0,Occasional Buyers,BLUE POLKADOT WRAP,General engagement,Explore our latest offers selected specially for you.
12454.0,Occasional Buyers,VANILLA SCENT CANDLE JEWELLED BOX,General engagement,Explore our latest offers selected specially for you.
12455.0,Occasional Buyers,HEART DECORATION PAINTED ZINC ,General engagement,Explore our latest offers selected specially for you.
12456.0,Occasional Buyers,CHRISTMAS METAL POSTCARD WITH BELLS,General engagement,Explore our latest offers selected specially for you.
12457.0,Occasional Buyers,JUMBO BAG APPLES,General engagement,Explore our latest offers selected specially for you.
12458.0,Occasional Buyers,DINOSAUR KEYRINGS ASSORTED,General engagement,Explore our latest offers selected specially for you.
12461.0,Occasional Buyers,ASSORTED TUTTI FRUTTI BRACELET,General engagement,Explore our latest offers selected specially for you.
12462.0,Occasional Buyers,CHRISTMAS PUDDING TRINKET POT ,General engagement,Explore our latest offers selected specially for you.
12463.0,Occasional Buyers,DOLLY GIRL LUNCH BOX,General engagement,Explore our latest offers selected specially for you.
12464.0,Occasional Buyers,BREAD BIN DINER STYLE RED ,General engagement,Explore our latest offers selected specially for you.
12465.0,Occasional Buyers,POLKADOT PEN,General engagement,Explore our latest offers selected specially for you.
12468.0,Inactive Customers,MINI PAINT SET VINTAGE ,General engagement,Explore our latest offers selected specially for you.
12471.0,Loyal Customers,FUNKY DIVA PEN,Increase repeat purchases,We appreciate your loyalty! Get a special offer on FUNKY DIVA PEN and continue enjoying your favorite picks.
12472.0,Occasional Buyers,GUMBALL COAT RACK,General engagement,Explore our latest offers selected specially for you.
12473.0,Occasional Buyers,CHRISTMAS TREE PAINTED ZINC ,General engagement,Explore our latest offers selected specially for you.
12474.0,Loyal Customers,WOODLAND CHARLOTTE BAG,Increase repeat purchases,We appreciate your loyalty! Get a special offer on WOODLAND CHARLOTTE BAG and continue enjoying your favorite picks.
12475.0,Occasional Buyers,POPART WOODEN PENCILS ASST,General engagement,Explore our latest offers selected specially for you.
12476.0,Occasional Buyers,ASSORTED COLOUR BIRD ORNAMENT,General engagement,Explore our latest offers selected specially for you.
12477.0,Occasional Buyers,3 HOOK HANGER MAGIC GARDEN,General engagement,Explore our latest offers selected specially for you.
12478.0,Occasional Buyers,12 PENCILS TALL TUBE RED RETROSPOT,General engagement,Explore our latest offers selected specially for you.
12479.0,Occasional Buyers,12 PENCIL SMALL TUBE WOODLAND,General engagement,Explore our latest offers selected specially for you.
12480.0,Occasional Buyers,SPACEBOY LUNCH BOX ,General engagement,Explore our latest offers selected specially for you.
12481.0,Occasional Buyers,JAM MAKING SET PRINTED,General engagement,Explore our latest offers selected specially for you.
12483.0,Occasional Buyers,GUMBALL COAT RACK,General engagement,Explore our latest offers selected specially for you.
12484.0,Occasional Buyers,GROW A FLYTRAP OR SUNFLOWER IN TIN,General engagement,Explore our latest offers selected specially for you.
12488.0,Occasional Buyers,RED TOADSTOOL LED NIGHT LIGHT,General engagement,Explore our latest offers selected specially for you.
12489.0,Inactive Customers,TEA PARTY BIRTHDAY CARD,General engagement,Explore our latest offers selected specially for you.
12490.0,Occasional Buyers,RABBIT NIGHT LIGHT,General engagement,Explore our latest offers selected specially for you.
12491.0,Occasional Buyers,12 PENCIL SMALL TUBE WOODLAND,General engagement,Explore our latest offers selected specially for you.
12492.0,Occasional Buyers,WRAP 50'S  CHRISTMAS,General engagement,Explore our latest offers selected specially for you.
12493.0,Inactive Customers,ASSORTED COLOURS SILK FAN,General engagement,Explore our latest offers selected specially for you.
12494.0,Occasional Buyers,60 CAKE CASES DOLLY GIRL DESIGN,General engagement,Explore our latest offers selected specially for you.
12497.0,Occasional Buyers,BLUE POLKADOT WRAP,General engagement,Explore our latest offers selected specially for you.
12498.0,Occasional Buyers,LUNCH BAG CARS BLUE,General engagement,Explore our latest offers selected specially for you.
12500.0,Occasional Buyers,PACK OF 6 BIRDY GIFT TAGS,General engagement,Explore our latest offers selected specially for you.
12501.0,Inactive Customers,ASSTD DESIGN 3D PAPER STICKERS,General engagement,Explore our latest offers selected specially for you.
12502.0,Occasional Buyers,FUNKY DIVA PEN,General engagement,Explore our latest offers selected specially for you.
12504.0,Occasional Buyers,SET/10 BLUE POLKADOT PARTY CANDLES,General engagement,Explore our latest offers selected specially for you.
12506.0,Inactive Customers,BAKING MOULD EASTER EGG MILK CHOC,General engagement,Explore our latest offers selected specially for you.
12507.0,Occasional Buyers,SET 40 HEART SHAPE PETIT FOUR CASES,General engagement,Explore our latest offers selected specially for you.
12508.0,Occasional Buyers,LOVEBIRD HANGING DECORATION WHITE ,General engagement,Explore our latest offers selected specially for you.
12509.0,Inactive Customers,CHARLOTTE BAG PINK POLKADOT,General engagement,Explore our latest offers selected specially for you.
12510.0,Occasional Buyers,BLACK RECORD COVER FRAME,General engagement,Explore our latest offers selected specially for you.
12512.0,Occasional Buyers,WRAP ENGLISH ROSE ,General engagement,Explore our latest offers selected specially for you.
12513.0,Occasional Buyers,FANCY FONTS BIRTHDAY WRAP,General engagement,Explore our latest offers selected specially for you.
12514.0,Inactive Customers,BIG DOUGHNUT FRIDGE MAGNETS,General engagement,Explore our latest offers selected specially for you.
12515.0,Inactive Customers,PACK OF 60 MUSHROOM CAKE CASES,General engagement,Explore our latest offers selected specially for you.
12516.0,Occasional Buyers,CHRISTMAS METAL TAGS ASSORTED ,General engagement,Explore our latest offers selected specially for you.
12517.0,Occasional Buyers,RED RETROSPOT CUP,General engagement,Explore our latest offers selected specially for you.
12518.0,Occasional Buyers,WRAP DOLLY GIRL,General engagement,Explore our latest offers selected specially for you.
12519.0,Occasional Buyers,12 PENCILS SMALL TUBE RED RETROSPOT,General engagement,Explore our latest offers selected specially for you.
12520.0,Occasional Buyers,"FEATHER PEN,HOT PINK",General engagement,Explore our latest offers selected specially for you.
12521.0,Inactive Customers,JUMBO BAG APPLES,General engagement,Explore our latest offers selected specially for you.
12522.0,Occasional Buyers,POPART WOODEN PENCILS ASST,General engagement,Explore our latest offers selected specially for you.
12523.0,Occasional Buyers,WRAP  VINTAGE DOILY ,General engagement,Explore our latest offers selected specially for you.
12524.0,Occasional Buyers,PACK OF 12 RED APPLE TISSUES,General engagement,Explore our latest offers selected specially for you.
12526.0,Occasional Buyers,MAGIC DRAWING SLATE CIRCUS PARADE  ,General engagement,Explore our latest offers selected specially for you.
12527.0,Occasional Buyers,60 TEATIME FAIRY CAKE CASES,General engagement,Explore our latest offers selected specially for you.
12528.0,Occasional Buyers,WRAP PINK FAIRY CAKES ,General engagement,Explore our latest offers selected specially for you.
12530.0,Occasional Buyers,STAR DECORATION PAINTED ZINC ,General engagement,Explore our latest offers selected specially for you.
12531.0,Occasional Buyers,POCKET MIRROR WOODLAND,General engagement,Explore our latest offers selected specially for you.
12532.0,Occasional Buyers,NOEL GARLAND PAINTED ZINC ,General engagement,Explore our latest offers selected specially for you.
12534.0,Occasional Buyers,BLUE POLKADOT WRAP,General engagement,Explore our latest offers selected specially for you.
12535.0,Occasional Buyers,CLOTHES PEGS RETROSPOT PACK 24 ,General engagement,Explore our latest offers selected specially for you.
12536.0,Occasional Buyers,GLAMOROUS  MUG,General engagement,Explore our latest offers selected specially for you.
12538.0,Occasional Buyers,LIPSTICK PEN FUSCHIA,General engagement,Explore our latest offers selected specially for you.
12539.0,Occasional Buyers,JAM MAKING SET PRINTED,General engagement,Explore our latest offers selected specially for you.
12540.0,Loyal Customers,ASSORTED COLOUR BIRD ORNAMENT,Increase repeat purchases,We appreciate your loyalty! Get a special offer on ASSORTED COLOUR BIRD ORNAMENT and continue enjoying your favorite picks.
12541.0,Occasional Buyers,SET/20 RED RETROSPOT PAPER NAPKINS ,General engagement,Explore our latest offers selected specially for you.
12544.0,Occasional Buyers,6 RIBBONS RUSTIC CHARM,General engagement,Explore our latest offers selected specially for you.
12545.0,Occasional Buyers,PINK PAISLEY SQUARE TISSUE BOX ,General engagement,Explore our latest offers selected specially for you.
12546.0,Occasional Buyers,HANGING WOOD AND FELT FLOWER,General engagement,Explore our latest offers selected specially for you.
12547.0,Inactive Customers,PARTY CONES CANDY ASSORTED,General engagement,Explore our latest offers selected specially for you.
12548.0,Inactive Customers,SET OF 3 BUTTERFLY COOKIE CUTTERS,General engagement,Explore our latest offers selected specially for you.
12550.0,Occasional Buyers,WRAP  VINTAGE DOILY ,General engagement,Explore our latest offers selected specially for you.
12551.0,Inactive Customers,JUMBO  BAG BAROQUE BLACK WHITE,General engagement,Explore our latest offers selected specially for you.
12552.0,Occasional Buyers,RED RETROSPOT WRAP ,General engagement,Explore our latest offers selected specially for you.
12553.0,Occasional Buyers,WORLD WAR 2 GLIDERS ASSTD DESIGNS,General engagement,Explore our latest offers selected specially for you.
12556.0,Occasional Buyers,CARD MOTORBIKE SANTA,General engagement,Explore our latest offers selected specially for you.
12557.0,Occasional Buyers,CHILDRENS CUTLERY POLKADOT PINK,General engagement,Explore our latest offers selected specially for you.
12558.0,Occasional Buyers,SET OF 5 LUCKY CAT MAGNETS ,General engagement,Explore our latest offers selected specially for you.
12559.0,Inactive Customers,CHILDREN'S APRON DOLLY GIRL ,General engagement,Explore our latest offers selected specially for you.
12560.0,Occasional Buyers,POLKADOT PEN,General engagement,Explore our latest offers selected specially for you.
12561.0,Inactive Customers,BLUE POLKADOT WRAP,General engagement,Explore our latest offers selected specially for you.
12562.0,Occasional Buyers,RABBIT NIGHT LIGHT,General engagement,Explore our latest offers selected specially for you.
12564.0,Inactive Customers,CIRCUS PARADE LUNCH BOX ,General engagement,Explore our latest offers selected specially for you.
12565.0,Inactive Customers,ASSORTED BOTTLE TOP  MAGNETS ,General engagement,Explore our latest offers selected specially for you.
12566.0,Occasional Buyers,LOVE HEART TRINKET POT,General engagement,Explore our latest offers selected specially for you.
12567.0,Occasional Buyers,MINI PAINT SET VINTAGE ,General engagement,Explore our latest offers selected specially for you.
12569.0,Loyal Customers,STRAWBERRY CERAMIC TRINKET BOX,Increase repeat purchases,We appreciate your loyalty! Get a special offer on STRAWBERRY CERAMIC TRINKET BOX and continue enjoying your favorite picks.
12571.0,Occasional Buyers,MINI PAINT SET VINTAGE ,General engagement,Explore our latest offers selected specially for you.
12572.0,Occasional Buyers,SAVE THE PLANET MUG,General engagement,Explore our latest offers selected specially for you.
12573.0,Inactive Customers,"ELEPHANT, BIRTHDAY CARD, ",General engagement,Explore our latest offers selected specially for you.
12574.0,Inactive Customers,SET OF 3 BUTTERFLY COOKIE CUTTERS,General engagement,Explore our latest offers selected specially for you.
12576.0,Occasional Buyers,LARGE CHINESE STYLE SCISSOR,General engagement,Explore our latest offers selected specially for you.
12577.0,Occasional Buyers,DOUGHNUT LIP GLOSS ,General engagement,Explore our latest offers selected specially for you.
12578.0,Occasional Buyers,MINI PAINT SET VINTAGE ,General engagement,Explore our latest offers selected specially for you.
12579.0,Occasional Buyers,RED RETROSPOT WRAP ,General engagement,Explore our latest offers selected specially for you.
12580.0,Inactive Customers,MINI FUNKY DESIGN TAPES,General engagement,Explore our latest offers selected specially for you.
12581.0,Occasional Buyers,WRAP 50'S  CHRISTMAS,General engagement,Explore our latest offers selected specially for you.
12582.0,Inactive Customers,BLUE POLKADOT BEAKER ,General engagement,Explore our latest offers selected specially for you.
12583.0,Loyal Customers,MINI PAINT SET VINTAGE ,Increase repeat purchases,We appreciate your loyalty! Get a special offer on MINI PAINT SET VINTAGE  and continue enjoying your favorite picks.
12584.0,Occasional Buyers,SET OF 3 CAKE TINS PANTRY DESIGN ,General engagement,Explore our latest offers selected specially for you.
12585.0,Inactive Customers,MULTI COLOUR SILVER T-LIGHT HOLDER,General engagement,Explore our latest offers selected specially for you.
12586.0,Occasional Buyers,TEATIME ROUND PENCIL SHARPENER ,General engagement,Explore our latest offers selected specially for you.
12587.0,Occasional Buyers,JUMBO BAG PEARS,General engagement,Explore our latest offers selected specially for you.
12588.0,Occasional Buyers,LARGE HEART MEASURING SPOONS,General engagement,Explore our latest offers selected specially for you.
12589.0,Occasional Buyers,CERAMIC STRAWBERRY CAKE MONEY BANK,General engagement,Explore our latest offers selected specially for you.
12590.0,Inactive Customers,ASSORTED COLOURS SILK FAN,General engagement,Explore our latest offers selected specially for you.
12591.0,Inactive Customers,72 SWEETHEART FAIRY CAKE CASES,General engagement,Explore our latest offers selected specially for you.
12592.0,Occasional Buyers,WOODLAND CHARLOTTE BAG,General engagement,Explore our latest offers selected specially for you.
12593.0,Occasional Buyers,LUNCH BAG WOODLAND,General engagement,Explore our latest offers selected specially for you.
12594.0,Occasional Buyers,SCOTTIE DOGS BABY BIB,General engagement,Explore our latest offers selected specially for you.
12596.0,Occasional Buyers,SMALL CERAMIC TOP STORAGE JAR ,General engagement,Explore our latest offers selected specially for you.
12597.0,Occasional Buyers,CHRISTMAS MUSICAL ZINC STAR,General engagement,Explore our latest offers selected specially for you.
12598.0,Occasional Buyers,CHARLOTTE BAG APPLES DESIGN,General engagement,Explore our latest offers selected specially for you.
12599.0,Occasional Buyers,SET/6 RED SPOTTY PAPER CUPS,General engagement,Explore our latest offers selected specially for you.
12600.0,Occasional Buyers,RED RETROSPOT UMBRELLA,General engagement,Explore our latest offers selected specially for you.
12601.0,Inactive Customers,JAM MAKING SET PRINTED,General engagement,Explore our latest offers selected specially for you.
12602.0,Occasional Buyers,MINI PLAYING CARDS BUFFALO BILL ,General engagement,Explore our latest offers selected specially for you.
12603.0,Occasional Buyers,REGENCY CAKESTAND 3 TIER,General engagement,Explore our latest offers selected specially for you.
12604.0,Occasional Buyers,60 TEATIME FAIRY CAKE CASES,General engagement,Explore our latest offers selected specially for you.
12607.0,Occasional Buyers,MINI PAINT SET VINTAGE ,General engagement,Explore our latest offers selected specially for you.
12609.0,Occasional Buyers,BLUE POLKADOT BEAKER ,General engagement,Explore our latest offers selected specially for you.
12610.0,Occasional Buyers,CHRISTMAS GINGHAM STAR,General engagement,Explore our latest offers selected specially for you.
12611.0,Occasional Buyers,ICE CREAM BUBBLES,General engagement,Explore our latest offers selected specially for you.
12612.0,Occasional Buyers,BROCADE RING PURSE ,General engagement,Explore our latest offers selected specially for you.
12613.0,Occasional Buyers,GUMBALL COAT RACK,General engagement,Explore our latest offers selected specially for you.
12614.0,Inactive Customers,TOAST ITS - BEST MUM,General engagement,Explore our latest offers selected specially for you.
12615.0,Occasional Buyers,WORLD WAR 2 GLIDERS ASSTD DESIGNS,General engagement,Explore our latest offers selected specially for you.
12616.0,Occasional Buyers,12 PENCILS TALL TUBE RED RETROSPOT,General engagement,Explore our latest offers selected specially for you.
12617.0,Occasional Buyers,RED RETROSPOT SHOPPER BAG,General engagement,Explore our latest offers selected specially for you.
12618.0,Occasional Buyers,BLUE POLKADOT WRAP,General engagement,Explore our latest offers selected specially for you.
12619.0,Occasional Buyers,SET OF 12 FAIRY CAKE BAKING CASES,General engagement,Explore our latest offers selected specially for you.
12620.0,Occasional Buyers,RED POLKADOT BEAKER ,General engagement,Explore our latest offers selected specially for you.
12621.0,Loyal Customers,ASSORTED COLOURS SILK FAN,Increase repeat purchases,We appreciate your loyalty! Get a special offer on ASSORTED COLOURS SILK FAN and continue enjoying your favorite picks.
12622.0,Inactive Customers,BALLOONS  WRITING SET ,General engagement,Explore our latest offers selected specially for you.
12623.0,Inactive Customers,WRAP RED APPLES ,General engagement,Explore our latest offers selected specially for you.
12624.0,Occasional Buyers,BAG 125g SWIRLY MARBLES,General engagement,Explore our latest offers selected specially for you.
12625.0,Inactive Customers,PACK 3 BOXES BIRD PANNETONE ,General engagement,Explore our latest offers selected specially for you.
12626.0,Occasional Buyers,ROUND SNACK BOXES SET OF4 WOODLAND ,General engagement,Explore our latest offers selected specially for you.
12627.0,Occasional Buyers,POPART WOODEN PENCILS ASST,General engagement,Explore our latest offers selected specially for you.
12628.0,Occasional Buyers,DOUGHNUT LIP GLOSS ,General engagement,Explore our latest offers selected specially for you.
12630.0,Occasional Buyers,CINAMMON SET OF 9 T-LIGHTS,General engagement,Explore our latest offers selected specially for you.
12631.0,Occasional Buyers,PACK OF 72 RETROSPOT CAKE CASES,General engagement,Explore our latest offers selected specially for you.
12633.0,Occasional Buyers,COLOURING PENCILS BROWN TUBE,General engagement,Explore our latest offers selected specially for you.
12635.0,Occasional Buyers,POPART WOODEN PENCILS ASST,General engagement,Explore our latest offers selected specially for you.
12637.0,Occasional Buyers,MINI PAINT SET VINTAGE ,General engagement,Explore our latest offers selected specially for you.
12638.0,Occasional Buyers,HYACINTH BULB T-LIGHT CANDLES,General engagement,Explore our latest offers selected specially for you.
12639.0,Inactive Customers,SET/10 BLUE POLKADOT PARTY CANDLES,General engagement,Explore our latest offers selected specially for you.
12640.0,Occasional Buyers,BOX OF 6 MINI 50'S CRACKERS,General engagement,Explore our latest offers selected specially for you.
12641.0,Occasional Buyers,PACK OF 60 PINK PAISLEY CAKE CASES,General engagement,Explore our latest offers selected specially for you.
12642.0,Occasional Buyers,6 RIBBONS RUSTIC CHARM,General engagement,Explore our latest offers selected specially for you.
12643.0,Occasional Buyers,MINI WOODEN HAPPY BIRTHDAY GARLAND,General engagement,Explore our latest offers selected specially for you.
12644.0,Occasional Buyers,RED RETROSPOT TISSUE BOX,General engagement,Explore our latest offers selected specially for you.
12645.0,Occasional Buyers,MINI PAINT SET VINTAGE ,General engagement,Explore our latest offers selected specially for you.
12646.0,Occasional Buyers,SET 12 COLOURING PENCILS DOILY,General engagement,Explore our latest offers selected specially for you.
12647.0,Occasional Buyers,LUNCH BOX WITH CUTLERY RETROSPOT ,General engagement,Explore our latest offers selected specially for you.
12648.0,Inactive Customers,BLUE POLKADOT PLATE ,General engagement,Explore our latest offers selected specially for you.
12649.0,Occasional Buyers,PIECE OF CAMO STATIONERY SET,General engagement,Explore our latest offers selected specially for you.
12650.0,Occasional Buyers,SET 7 BABUSHKA NESTING BOXES,General engagement,Explore our latest offers selected specially for you.
12651.0,Inactive Customers,CUTE CATS TAPE,General engagement,Explore our latest offers selected specially for you.
12652.0,Inactive Customers,60 CAKE CASES DOLLY GIRL DESIGN,General engagement,Explore our latest offers selected specially for you.
12653.0,Inactive Customers,DOILEY STORAGE TIN,General engagement,Explore our latest offers selected specially for you.
12654.0,Occasional Buyers,PLASTERS IN TIN CIRCUS PARADE ,General engagement,Explore our latest offers selected specially for you.
12656.0,Occasional Buyers,RED RETROSPOT PICNIC BAG,General engagement,Explore our latest offers selected specially for you.
12657.0,Occasional Buyers,WRAP CHRISTMAS VILLAGE,General engagement,Explore our latest offers selected specially for you.
12658.0,Occasional Buyers,6 RIBBONS ELEGANT CHRISTMAS ,General engagement,Explore our latest offers selected specially for you.
12659.0,Occasional Buyers,CHRISTMAS METAL POSTCARD WITH BELLS,General engagement,Explore our latest offers selected specially for you.
12660.0,Occasional Buyers,MINI PAINT SET VINTAGE ,General engagement,Explore our latest offers selected specially for you.
12662.0,Occasional Buyers,WOODLAND CHARLOTTE BAG,General engagement,Explore our latest offers selected specially for you.
12664.0,Occasional Buyers,CHILDRENS CUTLERY POLKADOT PINK,General engagement,Explore our latest offers selected specially for you.
12665.0,Inactive Customers,STRAWBERRY CERAMIC TRINKET BOX,General engagement,Explore our latest offers selected specially for you.
12667.0,Occasional Buyers,12 PENCILS TALL TUBE POSY,General engagement,Explore our latest offers selected specially for you.
12668.0,Occasional Buyers,STRAWBERRY CERAMIC TRINKET BOX,General engagement,Explore our latest offers selected specially for you.
12669.0,Inactive Customers,DINOSAUR KEYRINGS ASSORTED,General engagement,Explore our latest offers selected specially for you.
12670.0,Occasional Buyers,RABBIT NIGHT LIGHT,General engagement,Explore our latest offers selected specially for you.
12672.0,Inactive Customers,PINK BABY BUNTING,General engagement,Explore our latest offers selected specially for you.
12673.0,Occasional Buyers,RECYCLED PENCIL WITH RABBIT ERASER,General engagement,Explore our latest offers selected specially for you.
12674.0,Occasional Buyers,ICE CREAM SUNDAE LIP GLOSS,General engagement,Explore our latest offers selected specially for you.
12676.0,Occasional Buyers,SET OF 9 HEART SHAPED BALLOONS,General engagement,Explore our latest offers selected specially for you.
12678.0,Loyal Customers,RABBIT NIGHT LIGHT,Increase repeat purchases,We appreciate your loyalty! Get a special offer on RABBIT NIGHT LIGHT and continue enjoying your favorite picks.
12679.0,Occasional Buyers,STRAWBERRY CERAMIC TRINKET BOX,General engagement,Explore our latest offers selected specially for you.
12680.0,Occasional Buyers,CARAVAN SQUARE TISSUE BOX,General engagement,Explore our latest offers selected specially for you.
12681.0,Loyal Customers,RED TOADSTOOL LED NIGHT LIGHT,Increase repeat purchases,We appreciate your loyalty! Get a special offer on RED TOADSTOOL LED NIGHT LIGHT and continue enjoying your favorite picks.
12682.0,Loyal Customers,RABBIT NIGHT LIGHT,Increase repeat purchases,We appreciate your loyalty! Get a special offer on RABBIT NIGHT LIGHT and continue enjoying your favorite picks.
12683.0,Loyal Customers,SET OF 9 HEART SHAPED BALLOONS,Increase repeat purchases,We appreciate your loyalty! Get a special offer on SET OF 9 HEART SHAPED BALLOONS and continue enjoying your favorite picks.
12684.0,Occasional Buyers,MINI PAINT SET VINTAGE ,General engagement,Explore our latest offers selected specially for you.
12685.0,Occasional Buyers,WRAP  VINTAGE DOILY ,General engagement,Explore our latest offers selected specially for you.
12686.0,Inactive Customers,MINI JIGSAW DOLLY GIRL,General engagement,Explore our latest offers selected specially for you.
12688.0,Occasional Buyers,RED RETROSPOT CHARLOTTE BAG,General engagement,Explore our latest offers selected specially for you.
12689.0,Occasional Buyers,RED TOADSTOOL LED NIGHT LIGHT,General engagement,Explore our latest offers selected specially for you.
12690.0,Inactive Customers,RABBIT NIGHT LIGHT,General engagement,Explore our latest offers selected specially for you.
12691.0,Occasional Buyers,RED TOADSTOOL LED NIGHT LIGHT,General engagement,Explore our latest offers selected specially for you.
12693.0,Occasional Buyers,JAM MAKING SET PRINTED,General engagement,Explore our latest offers selected specially for you.
12694.0,Occasional Buyers,MINI PAINT SET VINTAGE ,General engagement,Explore our latest offers selected specially for you.
12695.0,Occasional Buyers,EMPIRE TISSUE BOX,General engagement,Explore our latest offers selected specially for you.
12697.0,Occasional Buyers,CHRISTMAS METAL POSTCARD WITH BELLS,General engagement,Explore our latest offers selected specially for you.
12700.0,Occasional Buyers,10 COLOUR SPACEBOY PEN,General engagement,Explore our latest offers selected specially for you.
12701.0,Occasional Buyers,DINOSAUR KEYRINGS ASSORTED,General engagement,Explore our latest offers selected specially for you.
12702.0,Occasional Buyers,HAND WARMER RED LOVE HEART,General engagement,Explore our latest offers selected specially for you.
12703.0,Occasional Buyers,HAND WARMER OWL DESIGN,General engagement,Explore our latest offers selected specially for you.
12704.0,Occasional Buyers,RABBIT NIGHT LIGHT,General engagement,Explore our latest offers selected specially for you.
12705.0,Occasional Buyers,GUMBALL COAT RACK,General engagement,Explore our latest offers selected specially for you.
12707.0,Inactive Customers,CARD I LOVE LONDON ,General engagement,Explore our latest offers selected specially for you.
12708.0,Occasional Buyers,ROUND SNACK BOXES SET OF4 WOODLAND ,General engagement,Explore our latest offers selected specially for you.
12709.0,Loyal Customers,SET/6 RED SPOTTY PAPER CUPS,Increase repeat purchases,We appreciate your loyalty! Get a special offer on SET/6 RED SPOTTY PAPER CUPS and continue enjoying your favorite picks.
12710.0,Occasional Buyers,MINI PAINT SET VINTAGE ,General engagement,Explore our latest offers selected specially for you.
12712.0,Occasional Buyers,METAL 4 HOOK HANGER FRENCH CHATEAU,General engagement,Explore our latest offers selected specially for you.
12713.0,Occasional Buyers,FANCY FONTS BIRTHDAY WRAP,General engagement,Explore our latest offers selected specially for you.
12714.0,Occasional Buyers,POLKADOT PEN,General engagement,Explore our latest offers selected specially for you.
12715.0,Occasional Buyers,PACK OF 12 WOODLAND TISSUES ,General engagement,Explore our latest offers selected specially for you.
12716.0,Occasional Buyers,SET OF 9 BLACK SKULL BALLOONS,General engagement,Explore our latest offers selected specially for you.
12717.0,Inactive Customers,ASSTD FRUIT+FLOWERS FRIDGE MAGNETS,General engagement,Explore our latest offers selected specially for you.
12718.0,Occasional Buyers,PACK OF 12 DOLLY GIRL TISSUES,General engagement,Explore our latest offers selected specially for you.
12719.0,Occasional Buyers,SET 12 COLOUR PENCILS DOLLY GIRL ,General engagement,Explore our latest offers selected specially for you.
12720.0,Loyal Customers,PACK OF 12 PINK POLKADOT TISSUES,Increase repeat purchases,We appreciate your loyalty! Get a special offer on PACK OF 12 PINK POLKADOT TISSUES and continue enjoying your favorite picks.
12721.0,Occasional Buyers,RED RETROSPOT WRAP ,General engagement,Explore our latest offers selected specially for you.
12722.0,Occasional Buyers,WHITE HANGING HEART T-LIGHT HOLDER,General engagement,Explore our latest offers selected specially for you.
12723.0,Occasional Buyers,PACK OF 12 LONDON TISSUES ,General engagement,Explore our latest offers selected specially for you.
12724.0,Occasional Buyers,RABBIT NIGHT LIGHT,General engagement,Explore our latest offers selected specially for you.
12725.0,Inactive Customers,SCANDINAVIAN 3 HEARTS NAPKIN RING,General engagement,Explore our latest offers selected specially for you.
12726.0,Occasional Buyers,MAGIC DRAWING SLATE CIRCUS PARADE  ,General engagement,Explore our latest offers selected specially for you.
12727.0,Occasional Buyers,PLACE SETTING WHITE HEART,General engagement,Explore our latest offers selected specially for you.
12728.0,Occasional Buyers,FUNKY DIVA PEN,General engagement,Explore our latest offers selected specially for you.
12729.0,Occasional Buyers,MAGIC DRAWING SLATE DOLLY GIRL ,General engagement,Explore our latest offers selected specially for you.
12731.0,Loyal Customers,ASSORTED COLOUR BIRD ORNAMENT,Increase repeat purchases,We appreciate your loyalty! Get a special offer on ASSORTED COLOUR BIRD ORNAMENT and continue enjoying your favorite picks.
12732.0,Inactive Customers,36 PENCILS TUBE RED RETROSPOT,General engagement,Explore our latest offers selected specially for you.
12733.0,Inactive Customers,PARTY CONES CANDY TREE DECORATION,General engagement,Explore our latest offers selected specially for you.
12734.0,Inactive Customers,CAKE PLATE LOVEBIRD PINK,General engagement,Explore our latest offers selected specially for you.
12735.0,Inactive Customers,60 CAKE CASES DOLLY GIRL DESIGN,General engagement,Explore our latest offers selected specially for you.
12736.0,Inactive Customers,PACK OF 72 RETROSPOT CAKE CASES,General engagement,Explore our latest offers selected specially for you.
12738.0,Inactive Customers,60 CAKE CASES VINTAGE CHRISTMAS,General engagement,Explore our latest offers selected specially for you.
12739.0,Occasional Buyers,BLUE PAISLEY TISSUE BOX,General engagement,Explore our latest offers selected specially for you.
12740.0,Occasional Buyers,SET OF 9 BLACK SKULL BALLOONS,General engagement,Explore our latest offers selected specially for you.
12743.0,Occasional Buyers,TEA PARTY  WRAPPING PAPER ,General engagement,Explore our latest offers selected specially for you.
12744.0,Loyal Customers,CHRISTMAS TREE PAINTED ZINC ,Increase repeat purchases,We appreciate your loyalty! Get a special offer on CHRISTMAS TREE PAINTED ZINC  and continue enjoying your favorite picks.
12747.0,Occasional Buyers,WOOD BLACK BOARD ANT WHITE FINISH,General engagement,Explore our latest offers selected specially for you.
12748.0,Champions,VICTORIAN  METAL POSTCARD SPRING,General engagement,Explore our latest offers selected specially for you.
12749.0,Occasional Buyers,WRAP VINTAGE LEAF DESIGN,General engagement,Explore our latest offers selected specially for you.
12750.0,Occasional Buyers,WRAP DOILEY DESIGN,General engagement,Explore our latest offers selected specially for you.
12752.0,Occasional Buyers,JUMBO BAG RED RETROSPOT,General engagement,Explore our latest offers selected specially for you.
12753.0,Occasional Buyers,CHARLOTTE BAG DOLLY GIRL DESIGN,General engagement,Explore our latest offers selected specially for you.
12754.0,Inactive Customers,MAGIC DRAWING SLATE BAKE A CAKE ,General engagement,Explore our latest offers selected specially for you.
12755.0,Inactive Customers,ROUND SNACK BOXES SET OF 4 FRUITS ,General engagement,Explore our latest offers selected specially for you.
12756.0,Occasional Buyers,RAIN PONCHO RETROSPOT,General engagement,Explore our latest offers selected specially for you.
12757.0,Loyal Customers,JUMBO SHOPPER VINTAGE RED PAISLEY,Increase repeat purchases,We appreciate your loyalty! Get a special offer on JUMBO SHOPPER VINTAGE RED PAISLEY and continue enjoying your favorite picks.
12758.0,Occasional Buyers,MINI PAINT SET VINTAGE ,General engagement,Explore our latest offers selected specially for you.
12759.0,Occasional Buyers,SPACEBOY GIFT WRAP,General engagement,Explore our latest offers selected specially for you.
12762.0,Occasional Buyers,FRIDGE MAGNETS LA VIE EN ROSE,General engagement,Explore our latest offers selected specially for you.
12763.0,Occasional Buyers,SET OF 72 PINK HEART PAPER DOILIES,General engagement,Explore our latest offers selected specially for you.
12764.0,Inactive Customers,ASSTD FRUIT+FLOWERS FRIDGE MAGNETS,General engagement,Explore our latest offers selected specially for you.
12766.0,Occasional Buyers,POLKADOT PEN,General engagement,Explore our latest offers selected specially for you.
12769.0,Inactive Customers,DOLLY GIRL LUNCH BOX,General engagement,Explore our latest offers selected specially for you.
12770.0,Inactive Customers,JAZZ HEARTS PURSE NOTEBOOK,General engagement,Explore our latest offers selected specially for you.
12772.0,Occasional Buyers,BLUE POLKADOT WRAP,General engagement,Explore our latest offers selected specially for you.
12775.0,Occasional Buyers,FOLKART ZINC HEART CHRISTMAS DEC,General engagement,Explore our latest offers selected specially for you.
12778.0,Occasional Buyers,DINOSAUR KEYRINGS ASSORTED,General engagement,Explore our latest offers selected specially for you.
12779.0,Occasional Buyers,CERAMIC CAKE DESIGN SPOTTED MUG,General engagement,Explore our latest offers selected specially for you.
12781.0,Occasional Buyers,WOODEN STAR CHRISTMAS SCANDINAVIAN,General engagement,Explore our latest offers selected specially for you.
12782.0,Occasional Buyers,RED RETROSPOT WRAP ,General engagement,Explore our latest offers selected specially for you.
12783.0,Occasional Buyers,WORLD WAR 2 GLIDERS ASSTD DESIGNS,General engagement,Explore our latest offers selected specially for you.
12784.0,Occasional Buyers,BLUE SCANDINAVIAN PAISLEY WRAP,General engagement,Explore our latest offers selected specially for you.
12785.0,Inactive Customers,COSMETIC BAG VINTAGE ROSE PAISLEY,General engagement,Explore our latest offers selected specially for you.
12787.0,Occasional Buyers,JUMBO BAG ALPHABET,General engagement,Explore our latest offers selected specially for you.
12789.0,Occasional Buyers,FAUX FUR CHOCOLATE THROW,General engagement,Explore our latest offers selected specially for you.
12790.0,Inactive Customers,MINI JIGSAW CIRCUS PARADE ,General engagement,Explore our latest offers selected specially for you.
12791.0,Inactive Customers,HAND WARMER BIRD DESIGN,General engagement,Explore our latest offers selected specially for you.
12792.0,Inactive Customers,WRAP DOLLY GIRL,General engagement,Explore our latest offers selected specially for you.
12793.0,Inactive Customers,LUNCH BAG SUKI  DESIGN ,General engagement,Explore our latest offers selected specially for you.
12794.0,Occasional Buyers,ICE CREAM PEN LIP GLOSS ,General engagement,Explore our latest offers selected specially for you.
12795.0,Occasional Buyers,PLASTERS IN TIN STRONGMAN,General engagement,Explore our latest offers selected specially for you.
12797.0,Inactive Customers,MINI JIGSAW CIRCUS PARADE ,General engagement,Explore our latest offers selected specially for you.
12798.0,Occasional Buyers,RABBIT NIGHT LIGHT,General engagement,Explore our latest offers selected specially for you.
12802.0,Inactive Customers,KIDS RAIN MAC PINK,General engagement,Explore our latest offers selected specially for you.
12808.0,Occasional Buyers,POCKET BAG BLUE PAISLEY RED SPOT,General engagement,Explore our latest offers selected specially for you.
12809.0,Inactive Customers,SET OF 60 PANTRY DESIGN CAKE CASES ,General engagement,Explore our latest offers selected specially for you.
12811.0,Inactive Customers,MINI PAINT SET VINTAGE ,General engagement,Explore our latest offers selected specially for you.
12812.0,Occasional Buyers,60 CAKE CASES DOLLY GIRL DESIGN,General engagement,Explore our latest offers selected specially for you.
12814.0,Occasional Buyers,RABBIT NIGHT LIGHT,General engagement,Explore our latest offers selected specially for you.
12815.0,Inactive Customers,LARGE CHINESE STYLE SCISSOR,General engagement,Explore our latest offers selected specially for you.
12816.0,Occasional Buyers,EMERGENCY FIRST AID TIN ,General engagement,Explore our latest offers selected specially for you.
12817.0,Inactive Customers,PLASTERS IN TIN CIRCUS PARADE ,General engagement,Explore our latest offers selected specially for you.
12818.0,Inactive Customers,SET 12 KIDS COLOUR  CHALK STICKS,General engagement,Explore our latest offers selected specially for you.
12820.0,Occasional Buyers,PACK OF 12 VINTAGE DOILY TISSUES,General engagement,Explore our latest offers selected specially for you.
12821.0,Inactive Customers,HEART DECORATION PAINTED ZINC ,General engagement,Explore our latest offers selected specially for you.
12822.0,Occasional Buyers,PAPER CHAIN KIT 50'S CHRISTMAS ,General engagement,Explore our latest offers selected specially for you.
12823.0,Occasional Buyers,DOORMAT UNION FLAG,General engagement,Explore our latest offers selected specially for you.
12824.0,Occasional Buyers,CHRISTMAS TABLE SILVER CANDLE SPIKE,General engagement,Explore our latest offers selected specially for you.
12826.0,Occasional Buyers,36 PENCILS TUBE SKULLS,General engagement,Explore our latest offers selected specially for you.
12827.0,Occasional Buyers,HANGING HEART JAR T-LIGHT HOLDER,General engagement,Explore our latest offers selected specially for you.
12828.0,Occasional Buyers,MINI CAKE STAND WITH HANGING CAKES,General engagement,Explore our latest offers selected specially for you.
12829.0,Inactive Customers,ASS DES PHONE SPONGE CRAFT STICKER,General engagement,Explore our latest offers selected specially for you.
12830.0,Occasional Buyers,BAG 125g SWIRLY MARBLES,General engagement,Explore our latest offers selected specially for you.
12831.0,Inactive Customers,HANGING HEART ZINC T-LIGHT HOLDER,General engagement,Explore our latest offers selected specially for you.
12832.0,Occasional Buyers,ANTIQUE SILVER T-LIGHT GLASS,General engagement,Explore our latest offers selected specially for you.
12833.0,Inactive Customers,SMALL HANGING IVORY/RED WOOD BIRD,General engagement,Explore our latest offers selected specially for you.
12834.0,Inactive Customers,DECORATION WHITE CHICK MAGIC GARDEN,General engagement,Explore our latest offers selected specially for you.
12836.0,Occasional Buyers,WHITE HANGING HEART T-LIGHT HOLDER,General engagement,Explore our latest offers selected specially for you.
12837.0,Inactive Customers,RETROSPOT TEA SET CERAMIC 11 PC ,General engagement,Explore our latest offers selected specially for you.
12838.0,Occasional Buyers,BIRD DECORATION RED RETROSPOT,General engagement,Explore our latest offers selected specially for you.
12839.0,Loyal Customers,CHARLOTTE BAG SUKI DESIGN,Increase repeat purchases,We appreciate your loyalty! Get a special offer on CHARLOTTE BAG SUKI DESIGN and continue enjoying your favorite picks.
12840.0,Occasional Buyers,LUNCH BAG APPLE DESIGN,General engagement,Explore our latest offers selected specially for you.
12841.0,Loyal Customers,PACK OF 72 SKULL CAKE CASES,Increase repeat purchases,We appreciate your loyalty! Get a special offer on PACK OF 72 SKULL CAKE CASES and continue enjoying your favorite picks.
12842.0,Occasional Buyers,PACK OF 6 PANNETONE GIFT BOXES,General engagement,Explore our latest offers selected specially for you.
12843.0,Occasional Buyers,SET 20 NAPKINS FAIRY CAKES DESIGN ,General engagement,Explore our latest offers selected specially for you.
12844.0,Occasional Buyers,WOODEN PICTURE FRAME WHITE FINISH,General engagement,Explore our latest offers selected specially for you.
12845.0,Inactive Customers,CREAM FELT EASTER EGG BASKET,General engagement,Explore our latest offers selected specially for you.
12847.0,Occasional Buyers,BUBBLEGUM RING ASSORTED,General engagement,Explore our latest offers selected specially for you.
12849.0,Occasional Buyers,EASTER DECORATION HANGING BUNNY,General engagement,Explore our latest offers selected specially for you.
12851.0,Occasional Buyers,FRENCH STYLE STORAGE JAR CAFE ,General engagement,Explore our latest offers selected specially for you.
12852.0,Inactive Customers,CERAMIC CHERRY CAKE MONEY BANK,General engagement,Explore our latest offers selected specially for you.
12853.0,Occasional Buyers,FUNKY DIVA PEN,General engagement,Explore our latest offers selected specially for you.
12854.0,Occasional Buyers,ASSORTED COLOUR BIRD ORNAMENT,General engagement,Explore our latest offers selected specially for you.
12855.0,Inactive Customers,JAM JAR WITH GREEN LID,General engagement,Explore our latest offers selected specially for you.
12856.0,Occasional Buyers,10 COLOUR SPACEBOY PEN,General engagement,Explore our latest offers selected specially for you.
12857.0,Inactive Customers,RECYCLING BAG RETROSPOT ,General engagement,Explore our latest offers selected specially for you.
12863.0,Occasional Buyers,POPCORN HOLDER,General engagement,Explore our latest offers selected specially for you.
12864.0,Occasional Buyers,ASSORTED COLOURS SILK FAN,General engagement,Explore our latest offers selected specially for you.
12865.0,Occasional Buyers,ANGEL DECORATION 3 BUTTONS ,General engagement,Explore our latest offers selected specially for you.
12866.0,Inactive Customers,RETRO PLASTIC DAISY TRAY,General engagement,Explore our latest offers selected specially for you.
12867.0,Occasional Buyers,CACTI T-LIGHT CANDLES,General engagement,Explore our latest offers selected specially for you.
12868.0,Inactive Customers,DOUGHNUT LIP GLOSS ,General engagement,Explore our latest offers selected specially for you.
12871.0,Occasional Buyers,WHITE HANGING HEART T-LIGHT HOLDER,General engagement,Explore our latest offers selected specially for you.
12872.0,Inactive Customers,VICTORIAN GLASS HANGING T-LIGHT,General engagement,Explore our latest offers selected specially for you.
12873.0,Inactive Customers,PAPER CHAIN KIT 50'S CHRISTMAS ,General engagement,Explore our latest offers selected specially for you.
12875.0,Occasional Buyers,ASSORTED LAQUERED INCENSE HOLDERS,General engagement,Explore our latest offers selected specially for you.
12876.0,Occasional Buyers,60 CAKE CASES DOLLY GIRL DESIGN,General engagement,Explore our latest offers selected specially for you.
12877.0,Occasional Buyers,ASSORTED COLOURS SILK FAN,General engagement,Explore our latest offers selected specially for you.
12878.0,Inactive Customers,BLUE SPOT CERAMIC DRAWER KNOB,General engagement,Explore our latest offers selected specially for you.
12879.0,Occasional Buyers,CHRISTMAS PUDDING TRINKET POT ,General engagement,Explore our latest offers selected specially for you.
12881.0,Inactive Customers,CAT BOWL VINTAGE CREAM,General engagement,Explore our latest offers selected specially for you.
12882.0,Occasional Buyers,DOORMAT KEEP CALM AND COME IN,General engagement,Explore our latest offers selected specially for you.
12883.0,Occasional Buyers,SET 12 VINTAGE DOILY CHALK ,General engagement,Explore our latest offers selected specially for you.
12884.0,Occasional Buyers,JUMBO BAG APPLES,General engagement,Explore our latest offers selected specially for you.
12885.0,Occasional Buyers,SET OF 60 VINTAGE LEAF CAKE CASES ,General engagement,Explore our latest offers selected specially for you.
12886.0,Occasional Buyers,WORLD WAR 2 GLIDERS ASSTD DESIGNS,General engagement,Explore our latest offers selected specially for you.
12888.0,Inactive Customers,BLACK RECORD COVER FRAME,General engagement,Explore our latest offers selected specially for you.
12890.0,Occasional Buyers,PENS ASSORTED FUNNY FACE,General engagement,Explore our latest offers selected specially for you.
12891.0,Inactive Customers,RED RETROSPOT WRAP ,General engagement,Explore our latest offers selected specially for you.
12893.0,Occasional Buyers,TREASURE TIN GYMKHANA DESIGN,General engagement,Explore our latest offers selected specially for you.
12895.0,Occasional Buyers,PACK OF 60 PINK PAISLEY CAKE CASES,General engagement,Explore our latest offers selected specially for you.
12897.0,Inactive Customers,HEART OF WICKER SMALL,General engagement,Explore our latest offers selected specially for you.
12901.0,Loyal Customers,WORLD WAR 2 GLIDERS ASSTD DESIGNS,Increase repeat purchases,We appreciate your loyalty! Get a special offer on WORLD WAR 2 GLIDERS ASSTD DESIGNS and continue enjoying your favorite picks.
12902.0,Inactive Customers,EMPIRE BIRTHDAY CARD,General engagement,Explore our latest offers selected specially for you.
12904.0,Occasional Buyers,FRENCH LAVENDER SCENT HEART,General engagement,Explore our latest offers selected specially for you.
12906.0,Occasional Buyers,PACK OF 12 LONDON TISSUES ,General engagement,Explore our latest offers selected specially for you.
12908.0,Inactive Customers,ASSORTED COLOURS SILK FAN,General engagement,Explore our latest offers selected specially for you.
12909.0,Occasional Buyers,TEATIME ROUND PENCIL SHARPENER ,General engagement,Explore our latest offers selected specially for you.
12910.0,Occasional Buyers,FELTCRAFT CUSHION OWL,General engagement,Explore our latest offers selected specially for you.
12912.0,Occasional Buyers,RABBIT NIGHT LIGHT,General engagement,Explore our latest offers selected specially for you.
12913.0,Occasional Buyers,ANGEL DECORATION STARS ON DRESS,General engagement,Explore our latest offers selected specially for you.
12915.0,Inactive Customers,FAIRY CAKES NOTEBOOK A6 SIZE,General engagement,Explore our latest offers selected specially for you.
12916.0,Occasional Buyers,WHITE HANGING HEART T-LIGHT HOLDER,General engagement,Explore our latest offers selected specially for you.
12917.0,Occasional Buyers,EDWARDIAN PARASOL BLACK,General engagement,Explore our latest offers selected specially for you.
12919.0,Occasional Buyers,ZINC FOLKART SLEIGH BELLS,General engagement,Explore our latest offers selected specially for you.
12920.0,Occasional Buyers,BROCADE RING PURSE ,General engagement,Explore our latest offers selected specially for you.
12921.0,Loyal Customers,ASSORTED COLOUR BIRD ORNAMENT,Increase repeat purchases,We appreciate your loyalty! Get a special offer on ASSORTED COLOUR BIRD ORNAMENT and continue enjoying your favorite picks.
12922.0,Inactive Customers,MULTICOLOUR HONEYCOMB FAN,General engagement,Explore our latest offers selected specially for you.
12923.0,Occasional Buyers,ANIMAL STICKERS,General engagement,Explore our latest offers selected specially for you.
12924.0,Occasional Buyers,ANTIQUE SILVER T-LIGHT GLASS,General engagement,Explore our latest offers selected specially for you.
12925.0,Occasional Buyers,WORLD WAR 2 GLIDERS ASSTD DESIGNS,General engagement,Explore our latest offers selected specially for you.
12928.0,Occasional Buyers,SMALL FOLDING SCISSOR(POINTED EDGE),General engagement,Explore our latest offers selected specially for you.
12929.0,Inactive Customers,JAM JAR WITH GREEN LID,General engagement,Explore our latest offers selected specially for you.
12930.0,Occasional Buyers,CACTI T-LIGHT CANDLES,General engagement,Explore our latest offers selected specially for you.
12931.0,Loyal Customers,ASSORTED COLOUR BIRD ORNAMENT,Increase repeat purchases,We appreciate your loyalty! Get a special offer on ASSORTED COLOUR BIRD ORNAMENT and continue enjoying your favorite picks.
12933.0,Occasional Buyers,POPART WOODEN PENCILS ASST,General engagement,Explore our latest offers selected specially for you.
12935.0,Occasional Buyers,BUBBLEGUM RING ASSORTED,General engagement,Explore our latest offers selected specially for you.
12936.0,Occasional Buyers,PAPER CHAIN KIT VINTAGE CHRISTMAS,General engagement,Explore our latest offers selected specially for you.
12937.0,Occasional Buyers,CHRISTMAS METAL TAGS ASSORTED ,General engagement,Explore our latest offers selected specially for you.
12938.0,Occasional Buyers,WOODEN TREE CHRISTMAS SCANDINAVIAN,General engagement,Explore our latest offers selected specially for you.
12939.0,Occasional Buyers,FELTCRAFT CUSHION RABBIT,General engagement,Explore our latest offers selected specially for you.
12940.0,Occasional Buyers,SMALL FOLKART STAR CHRISTMAS DEC,General engagement,Explore our latest offers selected specially for you.
12942.0,Occasional Buyers,LAVENDER SCENTED FABRIC HEART,General engagement,Explore our latest offers selected specially for you.
12944.0,Occasional Buyers,12 PENCILS SMALL TUBE RED RETROSPOT,General engagement,Explore our latest offers selected specially for you.
12945.0,Inactive Customers,HEART OF WICKER SMALL,General engagement,Explore our latest offers selected specially for you.
12947.0,Occasional Buyers,PAPER POCKET TRAVELING FAN ,General engagement,Explore our latest offers selected specially for you.
12948.0,Occasional Buyers,SCOTTIE DOGS BABY BIB,General engagement,Explore our latest offers selected specially for you.
12949.0,Occasional Buyers,COLOUR GLASS T-LIGHT HOLDER HANGING,General engagement,Explore our latest offers selected specially for you.
12950.0,Occasional Buyers,RED RETROSPOT CHARLOTTE BAG,General engagement,Explore our latest offers selected specially for you.
12951.0,Occasional Buyers,WRAP CHRISTMAS VILLAGE,General engagement,Explore our latest offers selected specially for you.
12952.0,Occasional Buyers,HANGING CLEAR MINI BOTTLE,General engagement,Explore our latest offers selected specially for you.
12953.0,Occasional Buyers,SET 8 CANDLES VINTAGE DOILY,General engagement,Explore our latest offers selected specially for you.
12955.0,Occasional Buyers,SANDALWOOD FAN,General engagement,Explore our latest offers selected specially for you.
12956.0,Inactive Customers,ASSORTED COLOUR BIRD ORNAMENT,General engagement,Explore our latest offers selected specially for you.
12957.0,Occasional Buyers,DOUGHNUT LIP GLOSS ,General engagement,Explore our latest offers selected specially for you.
12962.0,Occasional Buyers,PACK OF 6 LARGE FRUIT STRAWS ,General engagement,Explore our latest offers selected specially for you.
12963.0,Occasional Buyers,JUMBO BAG 50'S CHRISTMAS ,General engagement,Explore our latest offers selected specially for you.
12965.0,Occasional Buyers,GROW A FLYTRAP OR SUNFLOWER IN TIN,General engagement,Explore our latest offers selected specially for you.
12966.0,Occasional Buyers,4 LAVENDER BOTANICAL DINNER CANDLES,General engagement,Explore our latest offers selected specially for you.
12967.0,Inactive Customers,PARTY CONES CANDY ASSORTED,General engagement,Explore our latest offers selected specially for you.
12968.0,Occasional Buyers,BIRD HOUSE HOT WATER BOTTLE,General engagement,Explore our latest offers selected specially for you.
12970.0,Occasional Buyers,CARD CHRISTMAS VILLAGE,General engagement,Explore our latest offers selected specially for you.
12971.0,Loyal Customers,CHINESE DRAGON PAPER LANTERNS,Increase repeat purchases,We appreciate your loyalty! Get a special offer on CHINESE DRAGON PAPER LANTERNS and continue enjoying your favorite picks.
12974.0,Inactive Customers,EDWARDIAN PARASOL NATURAL,General engagement,Explore our latest offers selected specially for you.
12976.0,Inactive Customers,LUNCH BAG PINK POLKADOT,General engagement,Explore our latest offers selected specially for you.
12977.0,Inactive Customers,BLUE/YELLOW FLOWER DESIGN BIG MUG,General engagement,Explore our latest offers selected specially for you.
12980.0,Occasional Buyers,VINYL RECORD FRAME SILVER,General engagement,Explore our latest offers selected specially for you.
12981.0,Occasional Buyers,SET OF 12 FAIRY CAKE BAKING CASES,General engagement,Explore our latest offers selected specially for you.
12982.0,Inactive Customers,GLASS CHALICE BLUE SMALL ,General engagement,Explore our latest offers selected specially for you.
12984.0,Occasional Buyers,PINK FLORAL FELTCRAFT SHOULDER BAG,General engagement,Explore our latest offers selected specially for you.
12985.0,Occasional Buyers,HAIRCLIPS FORTIES FABRIC ASSORTED,General engagement,Explore our latest offers selected specially for you.
12987.0,Occasional Buyers,FILIGREE HEART BUTTERFLY WHITE ,General engagement,Explore our latest offers selected specially for you.
12988.0,Inactive Customers,ASSORTED COLOUR BIRD ORNAMENT,General engagement,Explore our latest offers selected specially for you.
12989.0,Loyal Customers,GRAND CHOCOLATECANDLE,Increase repeat purchases,We appreciate your loyalty! Get a special offer on GRAND CHOCOLATECANDLE and continue enjoying your favorite picks.
12990.0,Occasional Buyers,JUMBO BAG RED RETROSPOT,General engagement,Explore our latest offers selected specially for you.
12991.0,Occasional Buyers,POPCORN HOLDER,General engagement,Explore our latest offers selected specially for you.
12993.0,Occasional Buyers,VINTAGE SNAP CARDS,General engagement,Explore our latest offers selected specially for you.
12994.0,Occasional Buyers,WRAP ENGLISH ROSE ,General engagement,Explore our latest offers selected specially for you.
12995.0,Occasional Buyers,GOLD MUG BONE CHINA TREE OF LIFE,General engagement,Explore our latest offers selected specially for you.
12997.0,Occasional Buyers,MUSICAL ZINC HEART DECORATION ,General engagement,Explore our latest offers selected specially for you.
12999.0,Inactive Customers,12 PENCIL SMALL TUBE WOODLAND,General engagement,Explore our latest offers selected specially for you.
13000.0,Occasional Buyers,HANGING HEART JAR T-LIGHT HOLDER,General engagement,Explore our latest offers selected specially for you.
13001.0,Loyal Customers,VICTORIAN GLASS HANGING T-LIGHT,Increase repeat purchases,We appreciate your loyalty! Get a special offer on VICTORIAN GLASS HANGING T-LIGHT and continue enjoying your favorite picks.
13002.0,Inactive Customers,GRAND CHOCOLATECANDLE,General engagement,Explore our latest offers selected specially for you.
13003.0,Occasional Buyers,STRAWBERRY CERAMIC TRINKET BOX,General engagement,Explore our latest offers selected specially for you.
13004.0,Loyal Customers,FRENCH STYLE STORAGE JAR CAFE ,Increase repeat purchases,We appreciate your loyalty! Get a special offer on FRENCH STYLE STORAGE JAR CAFE  and continue enjoying your favorite picks.
13005.0,Inactive Customers,ICE CREAM PEN LIP GLOSS ,General engagement,Explore our latest offers selected specially for you.
13006.0,Occasional Buyers,HEART DECORATION RUSTIC HANGING ,General engagement,Explore our latest offers selected specially for you.
13008.0,Inactive Customers,HOMEMADE JAM SCENTED CANDLES,General engagement,Explore our latest offers selected specially for you.
13011.0,Inactive Customers,WOODEN FRAME ANTIQUE WHITE ,General engagement,Explore our latest offers selected specially for you.
13012.0,Occasional Buyers,ICE CREAM SUNDAE LIP GLOSS,General engagement,Explore our latest offers selected specially for you.
13013.0,Occasional Buyers,60 CAKE CASES VINTAGE CHRISTMAS,General engagement,Explore our latest offers selected specially for you.
13014.0,Occasional Buyers,6 RIBBONS RUSTIC CHARM,General engagement,Explore our latest offers selected specially for you.
13015.0,Occasional Buyers,60 TEATIME FAIRY CAKE CASES,General engagement,Explore our latest offers selected specially for you.
13016.0,Occasional Buyers,SET OF 12 FAIRY CAKE BAKING CASES,General engagement,Explore our latest offers selected specially for you.
13017.0,Occasional Buyers,CHOCOLATE HOT WATER BOTTLE,General engagement,Explore our latest offers selected specially for you.
13018.0,Loyal Customers,COLOUR GLASS T-LIGHT HOLDER HANGING,Increase repeat purchases,We appreciate your loyalty! Get a special offer on COLOUR GLASS T-LIGHT HOLDER HANGING and continue enjoying your favorite picks.
13021.0,Occasional Buyers,FUNKY DIVA PEN,General engagement,Explore our latest offers selected specially for you.
13023.0,Occasional Buyers,EMPIRE TISSUE BOX,General engagement,Explore our latest offers selected specially for you.
13026.0,Occasional Buyers,ASSORTED COLOURS SILK FAN,General engagement,Explore our latest offers selected specially for you.
13027.0,Occasional Buyers,PACK OF 72 RETROSPOT CAKE CASES,General engagement,Explore our latest offers selected specially for you.
13028.0,Occasional Buyers,CANDY HEART HANGING DECORATION,General engagement,Explore our latest offers selected specially for you.
13029.0,Occasional Buyers,CABIN BAG VINTAGE RETROSPOT,General engagement,Explore our latest offers selected specially for you.
13030.0,Occasional Buyers,PENNY FARTHING BIRTHDAY CARD,General engagement,Explore our latest offers selected specially for you.
13032.0,Occasional Buyers,CERAMIC STRAWBERRY CAKE MONEY BANK,General engagement,Explore our latest offers selected specially for you.
13033.0,Inactive Customers,JUMBO  BAG BAROQUE BLACK WHITE,General engagement,Explore our latest offers selected specially for you.
13034.0,Occasional Buyers,12 PENCILS SMALL TUBE RED RETROSPOT,General engagement,Explore our latest offers selected specially for you.
13035.0,Occasional Buyers,PAPER CHAIN KIT 50'S CHRISTMAS ,General engagement,Explore our latest offers selected specially for you.
13037.0,Occasional Buyers,"KEY FOB , BACK DOOR ",General engagement,Explore our latest offers selected specially for you.
13038.0,Occasional Buyers,SET OF 3 CAKE TINS PANTRY DESIGN ,General engagement,Explore our latest offers selected specially for you.
13040.0,Occasional Buyers,WRAP CHRISTMAS VILLAGE,General engagement,Explore our latest offers selected specially for you.
13043.0,Inactive Customers,JAM MAKING SET PRINTED,General engagement,Explore our latest offers selected specially for you.
13044.0,Inactive Customers,SPACEBOY GIFT WRAP,General engagement,Explore our latest offers selected specially for you.
13045.0,Occasional Buyers,WRAP RED VINTAGE DOILY,General engagement,Explore our latest offers selected specially for you.
13046.0,Occasional Buyers,HEART IVORY TRELLIS SMALL,General engagement,Explore our latest offers selected specially for you.
13047.0,Occasional Buyers,WRAP DOILEY DESIGN,General engagement,Explore our latest offers selected specially for you.
13048.0,Occasional Buyers,PLACE SETTING WHITE HEART,General engagement,Explore our latest offers selected specially for you.
13049.0,Occasional Buyers,HAND WARMER BIRD DESIGN,General engagement,Explore our latest offers selected specially for you.
13050.0,Loyal Customers,PLACE SETTING WHITE HEART,Increase repeat purchases,We appreciate your loyalty! Get a special offer on PLACE SETTING WHITE HEART and continue enjoying your favorite picks.
13052.0,Inactive Customers,MEDIUM CHINESE STYLE SCISSOR,General engagement,Explore our latest offers selected specially for you.
13055.0,Occasional Buyers,FUNKY DIVA PEN,General engagement,Explore our latest offers selected specially for you.
13058.0,Occasional Buyers,VINTAGE CHRISTMAS BUNTING,General engagement,Explore our latest offers selected specially for you.
13059.0,Inactive Customers,GREEN REGENCY TEACUP AND SAUCER,General engagement,Explore our latest offers selected specially for you.
13060.0,Inactive Customers,LADIES & GENTLEMEN METAL SIGN,General engagement,Explore our latest offers selected specially for you.
13061.0,Occasional Buyers,MULTI COLOUR SILVER T-LIGHT HOLDER,General engagement,Explore our latest offers selected specially for you.
13062.0,Inactive Customers,GIRLS ALPHABET IRON ON PATCHES ,General engagement,Explore our latest offers selected specially for you.
13064.0,Occasional Buyers,BROCADE RING PURSE ,General engagement,Explore our latest offers selected specially for you.
13065.0,Inactive Customers,COOK WITH WINE METAL SIGN ,General engagement,Explore our latest offers selected specially for you.
13066.0,Occasional Buyers,EMPIRE GIFT WRAP,General engagement,Explore our latest offers selected specially for you.
13067.0,Occasional Buyers,WHITE CHRISTMAS GARLAND STARS TREES,General engagement,Explore our latest offers selected specially for you.
13068.0,Occasional Buyers,JUMBO  BAG BAROQUE BLACK WHITE,General engagement,Explore our latest offers selected specially for you.
13069.0,Loyal Customers,GIRLS ALPHABET IRON ON PATCHES ,Increase repeat purchases,We appreciate your loyalty! Get a special offer on GIRLS ALPHABET IRON ON PATCHES  and continue enjoying your favorite picks.
13070.0,Inactive Customers,JUMBO BAG RED RETROSPOT,General engagement,Explore our latest offers selected specially for you.
13072.0,Inactive Customers,JAM MAKING SET PRINTED,General engagement,Explore our latest offers selected specially for you.
13075.0,Occasional Buyers,JUMBO BAG DOILEY PATTERNS,General engagement,Explore our latest offers selected specially for you.
13077.0,Occasional Buyers,DISCO BALL CHRISTMAS DECORATION,General engagement,Explore our latest offers selected specially for you.
13078.0,Loyal Customers,POPCORN HOLDER,Increase repeat purchases,We appreciate your loyalty! Get a special offer on POPCORN HOLDER and continue enjoying your favorite picks.
13079.0,Occasional Buyers,BOOM BOX SPEAKER BOYS,General engagement,Explore our latest offers selected specially for you.
13080.0,Inactive Customers,"FEATHER PEN,COAL BLACK",General engagement,Explore our latest offers selected specially for you.
13081.0,Loyal Customers,PAPER POCKET TRAVELING FAN ,Increase repeat purchases,We appreciate your loyalty! Get a special offer on PAPER POCKET TRAVELING FAN  and continue enjoying your favorite picks.
13082.0,Occasional Buyers,ASSORTED COLOURS SILK FAN,General engagement,Explore our latest offers selected specially for you.
13083.0,Occasional Buyers,PACK OF 12 LONDON TISSUES ,General engagement,Explore our latest offers selected specially for you.
13085.0,Inactive Customers,10 COLOUR SPACEBOY PEN,General engagement,Explore our latest offers selected specially for you.
13089.0,Champions,SILVER HANGING T-LIGHT HOLDER,General engagement,Explore our latest offers selected specially for you.
13090.0,Loyal Customers,BOX OF VINTAGE ALPHABET BLOCKS,Increase repeat purchases,We appreciate your loyalty! Get a special offer on BOX OF VINTAGE ALPHABET BLOCKS and continue enjoying your favorite picks.
13091.0,Occasional Buyers,CHRISTMAS PUDDING TRINKET POT ,General engagement,Explore our latest offers selected specially for you.
13092.0,Occasional Buyers,POPART WOODEN PENCILS ASST,General engagement,Explore our latest offers selected specially for you.
13093.0,Inactive Customers,JUMBO BAG STRAWBERRY,General engagement,Explore our latest offers selected specially for you.
13094.0,Occasional Buyers,T-LIGHT GLASS FLUTED ANTIQUE,General engagement,Explore our latest offers selected specially for you.
13095.0,Occasional Buyers,WORLD WAR 2 GLIDERS ASSTD DESIGNS,General engagement,Explore our latest offers selected specially for you.
13097.0,Occasional Buyers,GUMBALL COAT RACK,General engagement,Explore our latest offers selected specially for you.
13098.0,Loyal Customers,HANGING JAM JAR T-LIGHT HOLDER,Increase repeat purchases,We appreciate your loyalty! Get a special offer on HANGING JAM JAR T-LIGHT HOLDER and continue enjoying your favorite picks.
13099.0,Occasional Buyers,PORCELAIN ROSE SMALL,General engagement,Explore our latest offers selected specially for you.
13101.0,Inactive Customers,RIDGED GLASS FINGER BOWL,General engagement,Explore our latest offers selected specially for you.
13102.0,Loyal Customers,PACK OF 12 LONDON TISSUES ,Increase repeat purchases,We appreciate your loyalty! Get a special offer on PACK OF 12 LONDON TISSUES  and continue enjoying your favorite picks.
13103.0,Occasional Buyers,ASSORTED COLOUR BIRD ORNAMENT,General engagement,Explore our latest offers selected specially for you.
13104.0,Occasional Buyers,BLACK RECORD COVER FRAME,General engagement,Explore our latest offers selected specially for you.
13106.0,Occasional Buyers,NATURAL SLATE CHALKBOARD LARGE ,General engagement,Explore our latest offers selected specially for you.
13107.0,Occasional Buyers,CLOTHES PEGS RETROSPOT PACK 24 ,General engagement,Explore our latest offers selected specially for you.
13108.0,Inactive Customers,MINI PAINT SET VINTAGE ,General engagement,Explore our latest offers selected specially for you.
13109.0,Occasional Buyers,RED RETROSPOT WRAP ,General engagement,Explore our latest offers selected specially for you.
13110.0,Occasional Buyers,WHITE HANGING HEART T-LIGHT HOLDER,General engagement,Explore our latest offers selected specially for you.
13113.0,Loyal Customers,PICNIC BASKET WICKER LARGE,Increase repeat purchases,We appreciate your loyalty! Get a special offer on PICNIC BASKET WICKER LARGE and continue enjoying your favorite picks.
13115.0,Occasional Buyers,WRAP SUKI AND FRIENDS,General engagement,Explore our latest offers selected specially for you.
13116.0,Occasional Buyers,BLUE POLKADOT WRAP,General engagement,Explore our latest offers selected specially for you.
13117.0,Occasional Buyers,DRAGONS BLOOD INCENSE,General engagement,Explore our latest offers selected specially for you.
13118.0,Occasional Buyers,AIRLINE BAG VINTAGE TOKYO 78,General engagement,Explore our latest offers selected specially for you.
13120.0,Inactive Customers,WOODEN PICTURE FRAME WHITE FINISH,General engagement,Explore our latest offers selected specially for you.
13121.0,Inactive Customers,SKULLS GREETING CARD,General engagement,Explore our latest offers selected specially for you.
13122.0,Occasional Buyers,LOVE HEART TRINKET POT,General engagement,Explore our latest offers selected specially for you.
13124.0,Occasional Buyers,ASSORTED COLOUR BIRD ORNAMENT,General engagement,Explore our latest offers selected specially for you.
13126.0,Occasional Buyers,FENG SHUI PILLAR CANDLE,General engagement,Explore our latest offers selected specially for you.
13127.0,Occasional Buyers,DOUGHNUT LIP GLOSS ,General engagement,Explore our latest offers selected specially for you.
13130.0,Occasional Buyers,RED RETROSPOT OVEN GLOVE ,General engagement,Explore our latest offers selected specially for you.
13131.0,Occasional Buyers,SOLDIERS EGG CUP ,General engagement,Explore our latest offers selected specially for you.
13132.0,Inactive Customers,BLACK RECORD COVER FRAME,General engagement,Explore our latest offers selected specially for you.
13133.0,Inactive Customers,HANGING HEART JAR T-LIGHT HOLDER,General engagement,Explore our latest offers selected specially for you.
13134.0,Occasional Buyers,BLUE PAISLEY TISSUE BOX,General engagement,Explore our latest offers selected specially for you.
13135.0,Inactive Customers,SMALL POPCORN HOLDER,General engagement,Explore our latest offers selected specially for you.
13136.0,Occasional Buyers,SET OF 12 MINI LOAF BAKING CASES,General engagement,Explore our latest offers selected specially for you.
13137.0,Occasional Buyers,WORLD WAR 2 GLIDERS ASSTD DESIGNS,General engagement,Explore our latest offers selected specially for you.
13138.0,Occasional Buyers,PINK BLUE FELT CRAFT TRINKET BOX,General engagement,Explore our latest offers selected specially for you.
13139.0,Occasional Buyers,JUMBO BAG RED RETROSPOT,General engagement,Explore our latest offers selected specially for you.
13140.0,Occasional Buyers,HANGING METAL RABBIT DECORATION,General engagement,Explore our latest offers selected specially for you.
13141.0,Occasional Buyers,ANGEL DECORATION 3 BUTTONS ,General engagement,Explore our latest offers selected specially for you.
13142.0,Occasional Buyers,WRAP 50'S  CHRISTMAS,General engagement,Explore our latest offers selected specially for you.
13144.0,Inactive Customers,GREEN REGENCY TEACUP AND SAUCER,General engagement,Explore our latest offers selected specially for you.
13145.0,Occasional Buyers,SKULLS GREETING CARD,General engagement,Explore our latest offers selected specially for you.
13146.0,Occasional Buyers,WRAP CHRISTMAS VILLAGE,General engagement,Explore our latest offers selected specially for you.
13147.0,Occasional Buyers,CHILLI LIGHTS,General engagement,Explore our latest offers selected specially for you.
13148.0,Occasional Buyers,DINOSAUR KEYRINGS ASSORTED,General engagement,Explore our latest offers selected specially for you.
13149.0,Occasional Buyers,FENG SHUI PILLAR CANDLE,General engagement,Explore our latest offers selected specially for you.
13151.0,Inactive Customers,PENS ASSORTED SPACEBALL,General engagement,Explore our latest offers selected specially for you.
13153.0,Occasional Buyers,BLACK CHRISTMAS TREE 120CM,General engagement,Explore our latest offers selected specially for you.
13155.0,Occasional Buyers,6 RIBBONS RUSTIC CHARM,General engagement,Explore our latest offers selected specially for you.
13157.0,Occasional Buyers,WORLD WAR 2 GLIDERS ASSTD DESIGNS,General engagement,Explore our latest offers selected specially for you.
13158.0,Occasional Buyers,DINOSAUR KEYRINGS ASSORTED,General engagement,Explore our latest offers selected specially for you.
13159.0,Occasional Buyers,BROCADE RING PURSE ,General engagement,Explore our latest offers selected specially for you.
13160.0,Occasional Buyers,BLUE SPOT CERAMIC DRAWER KNOB,General engagement,Explore our latest offers selected specially for you.
13161.0,Inactive Customers,WHITE HANGING HEART T-LIGHT HOLDER,General engagement,Explore our latest offers selected specially for you.
13162.0,Occasional Buyers,CREAM FELT EASTER EGG BASKET,General engagement,Explore our latest offers selected specially for you.
13165.0,Occasional Buyers,ORIGAMI LAVENDER INCENSE/CANDL SET ,General engagement,Explore our latest offers selected specially for you.
13166.0,Inactive Customers,MOROCCAN TEA GLASS,General engagement,Explore our latest offers selected specially for you.
13167.0,Occasional Buyers,BROCADE RING PURSE ,General engagement,Explore our latest offers selected specially for you.
13168.0,Occasional Buyers,RED RETROSPOT WRAP ,General engagement,Explore our latest offers selected specially for you.
13169.0,Occasional Buyers,CHRISTMAS METAL POSTCARD WITH BELLS,General engagement,Explore our latest offers selected specially for you.
13170.0,Occasional Buyers,PENS ASSORTED SPACEBALL,General engagement,Explore our latest offers selected specially for you.
13171.0,Occasional Buyers,WOODEN HEART CHRISTMAS SCANDINAVIAN,General engagement,Explore our latest offers selected specially for you.
13173.0,Occasional Buyers,ENGLISH ROSE NOTEBOOK A7 SIZE,General engagement,Explore our latest offers selected specially for you.
13174.0,Occasional Buyers,STAR DECORATION RUSTIC,General engagement,Explore our latest offers selected specially for you.
13176.0,Occasional Buyers,BUBBLEGUM RING ASSORTED,General engagement,Explore our latest offers selected specially for you.
13177.0,Occasional Buyers,CHRISTMAS CRAFT WHITE FAIRY ,General engagement,Explore our latest offers selected specially for you.
13178.0,Occasional Buyers,LUNCH BAG CARS BLUE,General engagement,Explore our latest offers selected specially for you.
13182.0,Occasional Buyers,BOTANICAL LAVENDER GIFT WRAP ,General engagement,Explore our latest offers selected specially for you.
13183.0,Occasional Buyers,COOK WITH WINE METAL SIGN ,General engagement,Explore our latest offers selected specially for you.
13184.0,Occasional Buyers,PAPER POCKET TRAVELING FAN ,General engagement,Explore our latest offers selected specially for you.
13185.0,Inactive Customers,PICNIC BASKET WICKER SMALL,General engagement,Explore our latest offers selected specially for you.
13186.0,Occasional Buyers,POPART WOODEN PENCILS ASST,General engagement,Explore our latest offers selected specially for you.
13187.0,Inactive Customers,4 LAVENDER BOTANICAL DINNER CANDLES,General engagement,Explore our latest offers selected specially for you.
13188.0,Occasional Buyers,PAPER LANTERN 5 POINT STAR MOON ,General engagement,Explore our latest offers selected specially for you.
13189.0,Occasional Buyers,POPART WOODEN PENCILS ASST,General engagement,Explore our latest offers selected specially for you.
13192.0,Occasional Buyers,WRAP ALPHABET DESIGN,General engagement,Explore our latest offers selected specially for you.
13193.0,Occasional Buyers,PARTY CONE CHRISTMAS DECORATION ,General engagement,Explore our latest offers selected specially for you.
13194.0,Occasional Buyers,SET/4 SPRING FLOWER DECORATION,General engagement,Explore our latest offers selected specially for you.
13196.0,Occasional Buyers,"FANCY FONT BIRTHDAY CARD, ",General engagement,Explore our latest offers selected specially for you.
13198.0,Occasional Buyers,SLEEPING CAT ERASERS,General engagement,Explore our latest offers selected specially for you.
13199.0,Loyal Customers,MULTI COLOUR SILVER T-LIGHT HOLDER,Increase repeat purchases,We appreciate your loyalty! Get a special offer on MULTI COLOUR SILVER T-LIGHT HOLDER and continue enjoying your favorite picks.
13200.0,Occasional Buyers,ANTIQUE SILVER T-LIGHT GLASS,General engagement,Explore our latest offers selected specially for you.
13203.0,Occasional Buyers,GLITTER CHRISTMAS STAR ,General engagement,Explore our latest offers selected specially for you.
13207.0,Occasional Buyers,ASSORTED COLOURS SILK FAN,General engagement,Explore our latest offers selected specially for you.
13208.0,Occasional Buyers,LARGE CIRCULAR MIRROR MOBILE,General engagement,Explore our latest offers selected specially for you.
13209.0,Occasional Buyers,PACK OF 12 VINTAGE CHRISTMAS TISSUE,General engagement,Explore our latest offers selected specially for you.
13210.0,Occasional Buyers,DECORATIVE WICKER HEART SMALL,General engagement,Explore our latest offers selected specially for you.
13211.0,Occasional Buyers,PAPER CHAIN KIT 50'S CHRISTMAS ,General engagement,Explore our latest offers selected specially for you.
13212.0,Occasional Buyers,DRAWER KNOB CERAMIC IVORY,General engagement,Explore our latest offers selected specially for you.
13213.0,Occasional Buyers,CHRISTMAS TREE PAINTED ZINC ,General engagement,Explore our latest offers selected specially for you.
13216.0,Inactive Customers,SET/20 RED RETROSPOT PAPER NAPKINS ,General engagement,Explore our latest offers selected specially for you.
13217.0,Occasional Buyers,PACK OF SIX LED TEA LIGHTS,General engagement,Explore our latest offers selected specially for you.
13218.0,Occasional Buyers,PARTY TIME PENCIL ERASERS,General engagement,Explore our latest offers selected specially for you.
13220.0,Occasional Buyers,FANCY FONTS BIRTHDAY WRAP,General engagement,Explore our latest offers selected specially for you.
13221.0,Inactive Customers,GLASS CHALICE BLUE SMALL ,General engagement,Explore our latest offers selected specially for you.
13223.0,Inactive Customers,CAMOUFLAGE DESIGN TEDDY,General engagement,Explore our latest offers selected specially for you.
13224.0,Occasional Buyers,WORLD WAR 2 GLIDERS ASSTD DESIGNS,General engagement,Explore our latest offers selected specially for you.
13225.0,Occasional Buyers,JUMBO BAG PINK POLKADOT,General engagement,Explore our latest offers selected specially for you.
13226.0,Inactive Customers,PACK OF 12 HEARTS DESIGN TISSUES ,General engagement,Explore our latest offers selected specially for you.
13227.0,Inactive Customers,GLASS JAR DIGESTIVE BISCUITS,General engagement,Explore our latest offers selected specially for you.
13228.0,Occasional Buyers,JUMBO  BAG BAROQUE BLACK WHITE,General engagement,Explore our latest offers selected specially for you.
13229.0,Inactive Customers,STRAWBERRY CERAMIC TRINKET BOX,General engagement,Explore our latest offers selected specially for you.
13230.0,Occasional Buyers,CARD BILLBOARD FONT,General engagement,Explore our latest offers selected specially for you.
13232.0,Occasional Buyers,LIPSTICK PEN RED,General engagement,Explore our latest offers selected specially for you.
13233.0,Occasional Buyers,ASSTD DESIGN 3D PAPER STICKERS,General engagement,Explore our latest offers selected specially for you.
13235.0,Inactive Customers,WOODEN PICTURE FRAME WHITE FINISH,General engagement,Explore our latest offers selected specially for you.
13236.0,Occasional Buyers,ASSORTED COLOUR BIRD ORNAMENT,General engagement,Explore our latest offers selected specially for you.
13238.0,Occasional Buyers,JUMBO BAG 50'S CHRISTMAS ,General engagement,Explore our latest offers selected specially for you.
13239.0,Inactive Customers,BLUE POLKADOT COFFEE MUG,General engagement,Explore our latest offers selected specially for you.
13240.0,Occasional Buyers,CINNAMON SCENTED VOTIVE CANDLE,General engagement,Explore our latest offers selected specially for you.
13242.0,Occasional Buyers,JUMBO BAG APPLES,General engagement,Explore our latest offers selected specially for you.
13243.0,Inactive Customers,BLUE POLKADOT BOWL,General engagement,Explore our latest offers selected specially for you.
13244.0,Occasional Buyers,SET/6 RED SPOTTY PAPER CUPS,General engagement,Explore our latest offers selected specially for you.
13245.0,Occasional Buyers,ANTIQUE SILVER TEA GLASS ENGRAVED,General engagement,Explore our latest offers selected specially for you.
13246.0,Occasional Buyers,HEART OF WICKER SMALL,General engagement,Explore our latest offers selected specially for you.
13247.0,Occasional Buyers,60 CAKE CASES VINTAGE CHRISTMAS,General engagement,Explore our latest offers selected specially for you.
13248.0,Occasional Buyers,SCOTTIE DOGS BABY BIB,General engagement,Explore our latest offers selected specially for you.
13249.0,Occasional Buyers,STRAWBERRY CERAMIC TRINKET BOX,General engagement,Explore our latest offers selected specially for you.
13253.0,Inactive Customers,36 DOILIES VINTAGE CHRISTMAS,General engagement,Explore our latest offers selected specially for you.
13255.0,Occasional Buyers,RED  HARMONICA IN BOX ,General engagement,Explore our latest offers selected specially for you.
13258.0,Occasional Buyers,SMALL WHITE HEART OF WICKER,General engagement,Explore our latest offers selected specially for you.
13259.0,Occasional Buyers,BLACK TEA TOWEL CLASSIC DESIGN,General engagement,Explore our latest offers selected specially for you.
13260.0,Occasional Buyers,REGENCY TEA PLATE ROSES ,General engagement,Explore our latest offers selected specially for you.
13261.0,Inactive Customers,HOMEMADE JAM SCENTED CANDLES,General engagement,Explore our latest offers selected specially for you.
13262.0,Inactive Customers,PACK OF 12 PINK POLKADOT TISSUES,General engagement,Explore our latest offers selected specially for you.
13263.0,Loyal Customers,WOODEN HEART CHRISTMAS SCANDINAVIAN,Increase repeat purchases,We appreciate your loyalty! Get a special offer on WOODEN HEART CHRISTMAS SCANDINAVIAN and continue enjoying your favorite picks.
13265.0,Occasional Buyers,ASSORTED COLOUR BIRD ORNAMENT,General engagement,Explore our latest offers selected specially for you.
13266.0,Occasional Buyers,JAZZ HEARTS PURSE NOTEBOOK,General engagement,Explore our latest offers selected specially for you.
13267.0,Loyal Customers,COLOUR GLASS T-LIGHT HOLDER HANGING,Increase repeat purchases,We appreciate your loyalty! Get a special offer on COLOUR GLASS T-LIGHT HOLDER HANGING and continue enjoying your favorite picks.
13268.0,Occasional Buyers,PENS ASSORTED FUNNY FACE,General engagement,Explore our latest offers selected specially for you.
13269.0,Loyal Customers,POPCORN HOLDER,Increase repeat purchases,We appreciate your loyalty! Get a special offer on POPCORN HOLDER and continue enjoying your favorite picks.
13270.0,Inactive Customers,AFGHAN SLIPPER SOCK PAIR,General engagement,Explore our latest offers selected specially for you.
13271.0,Occasional Buyers,CHRISTMAS METAL TAGS ASSORTED ,General engagement,Explore our latest offers selected specially for you.
13272.0,Occasional Buyers,DANISH ROSE PHOTO FRAME,General engagement,Explore our latest offers selected specially for you.
13273.0,Occasional Buyers,BROCADE RING PURSE ,General engagement,Explore our latest offers selected specially for you.
13276.0,Occasional Buyers,PINK BLUE FELT CRAFT TRINKET BOX,General engagement,Explore our latest offers selected specially for you.
13277.0,Occasional Buyers,LUNCH BAG WOODLAND,General engagement,Explore our latest offers selected specially for you.
13278.0,Occasional Buyers,BROCADE RING PURSE ,General engagement,Explore our latest offers selected specially for you.
13279.0,Occasional Buyers,PACK OF 12 PINK POLKADOT TISSUES,General engagement,Explore our latest offers selected specially for you.
13280.0,Occasional Buyers,DINOSAUR KEYRINGS ASSORTED,General engagement,Explore our latest offers selected specially for you.
13282.0,Occasional Buyers,RED RETROSPOT WRAP ,General engagement,Explore our latest offers selected specially for you.
13283.0,Occasional Buyers,HEART DECORATION RUSTIC HANGING ,General engagement,Explore our latest offers selected specially for you.
13284.0,Inactive Customers,PACK OF 72 RETROSPOT CAKE CASES,General engagement,Explore our latest offers selected specially for you.
13285.0,Occasional Buyers,CHARLOTTE BAG APPLES DESIGN,General engagement,Explore our latest offers selected specially for you.
13291.0,Inactive Customers,ASSORTED TUTTI FRUTTI PEN,General engagement,Explore our latest offers selected specially for you.
13292.0,Occasional Buyers,DECORATIVE WICKER HEART SMALL,General engagement,Explore our latest offers selected specially for you.
13294.0,Inactive Customers,FANCY FONTS BIRTHDAY WRAP,General engagement,Explore our latest offers selected specially for you.
13295.0,Inactive Customers,HAND WARMER BABUSHKA DESIGN,General engagement,Explore our latest offers selected specially for you.
13296.0,Occasional Buyers,RED RETROSPOT WRAP ,General engagement,Explore our latest offers selected specially for you.
13297.0,Occasional Buyers,HANGING  BUTTERFLY T-LIGHT HOLDER,General engagement,Explore our latest offers selected specially for you.
13298.0,Occasional Buyers,WHITE SKULL HOT WATER BOTTLE ,General engagement,Explore our latest offers selected specially for you.
13299.0,Inactive Customers,NATURAL SLATE CHALKBOARD LARGE ,General engagement,Explore our latest offers selected specially for you.
13300.0,Inactive Customers,"ASSORTED FLOWER COLOUR ""LEIS""",General engagement,Explore our latest offers selected specially for you.
13301.0,Occasional Buyers,GLITTER HEART DECORATION,General engagement,Explore our latest offers selected specially for you.
13302.0,Inactive Customers,SET OF 16 VINTAGE PISTACHIO CUTLERY,General engagement,Explore our latest offers selected specially for you.
13304.0,Inactive Customers,PACK OF 12 HEARTS DESIGN TISSUES ,General engagement,Explore our latest offers selected specially for you.
13305.0,Occasional Buyers,FUNKY DIVA PEN,General engagement,Explore our latest offers selected specially for you.
13307.0,Occasional Buyers,SET 6 SCHOOL MILK BOTTLES IN CRATE,General engagement,Explore our latest offers selected specially for you.
13308.0,Occasional Buyers,WORLD WAR 2 GLIDERS ASSTD DESIGNS,General engagement,Explore our latest offers selected specially for you.
13309.0,Occasional Buyers,SKULLS AND CROSSBONES WRAP,General engagement,Explore our latest offers selected specially for you.
13310.0,Occasional Buyers,SPACEBOY GIFT WRAP,General engagement,Explore our latest offers selected specially for you.
13311.0,Occasional Buyers,ICE CREAM SUNDAE LIP GLOSS,General engagement,Explore our latest offers selected specially for you.
13313.0,Occasional Buyers,COLOUR GLASS T-LIGHT HOLDER HANGING,General engagement,Explore our latest offers selected specially for you.
13314.0,Occasional Buyers,BLUE POLKADOT WRAP,General engagement,Explore our latest offers selected specially for you.
13316.0,Occasional Buyers,GIRLS ALPHABET IRON ON PATCHES ,General engagement,Explore our latest offers selected specially for you.
13317.0,Occasional Buyers,FUNKY DIVA PEN,General engagement,Explore our latest offers selected specially for you.
13318.0,Occasional Buyers,RABBIT NIGHT LIGHT,General engagement,Explore our latest offers selected specially for you.
13319.0,Loyal Customers,ASSORTED COLOUR BIRD ORNAMENT,Increase repeat purchases,We appreciate your loyalty! Get a special offer on ASSORTED COLOUR BIRD ORNAMENT and continue enjoying your favorite picks.
13320.0,Occasional Buyers,LUNCH BAG VINTAGE LEAF DESIGN,General engagement,Explore our latest offers selected specially for you.
13321.0,Occasional Buyers,ASSORTED COLOUR BIRD ORNAMENT,General engagement,Explore our latest offers selected specially for you.
13322.0,Occasional Buyers,BATHROOM METAL SIGN,General engagement,Explore our latest offers selected specially for you.
13323.0,Occasional Buyers,SCOTTIE DOG HOT WATER BOTTLE,General engagement,Explore our latest offers selected specially for you.
13324.0,Occasional Buyers,PACK OF 60 PINK PAISLEY CAKE CASES,General engagement,Explore our latest offers selected specially for you.
13325.0,Occasional Buyers,PAPER CHAIN KIT 50'S CHRISTMAS ,General engagement,Explore our latest offers selected specially for you.
13327.0,Occasional Buyers,JUMBO BAG RED RETROSPOT,General engagement,Explore our latest offers selected specially for you.
13328.0,Inactive Customers,SET OF 20 KIDS COOKIE CUTTERS,General engagement,Explore our latest offers selected specially for you.
13329.0,Occasional Buyers,60 CAKE CASES VINTAGE CHRISTMAS,General engagement,Explore our latest offers selected specially for you.
13330.0,Occasional Buyers,PENS ASSORTED FUNNY FACE,General engagement,Explore our latest offers selected specially for you.
13332.0,Occasional Buyers,SKULLS GREETING CARD,General engagement,Explore our latest offers selected specially for you.
13334.0,Occasional Buyers,WHITE HANGING HEART T-LIGHT HOLDER,General engagement,Explore our latest offers selected specially for you.
13336.0,Occasional Buyers,WORLD WAR 2 GLIDERS ASSTD DESIGNS,General engagement,Explore our latest offers selected specially for you.
13338.0,Inactive Customers,PACK OF 72 RETROSPOT CAKE CASES,General engagement,Explore our latest offers selected specially for you.
13339.0,Inactive Customers,PACK OF 12 SUKI TISSUES ,General engagement,Explore our latest offers selected specially for you.
13340.0,Occasional Buyers,NATURAL HANGING QUILTED HEARTS ,General engagement,Explore our latest offers selected specially for you.
13341.0,Inactive Customers,60 CAKE CASES DOLLY GIRL DESIGN,General engagement,Explore our latest offers selected specially for you.
13343.0,Inactive Customers,MAGIC DRAWING SLATE CIRCUS PARADE  ,General engagement,Explore our latest offers selected specially for you.
13344.0,Occasional Buyers,60 TEATIME FAIRY CAKE CASES,General engagement,Explore our latest offers selected specially for you.
13345.0,Inactive Customers,4 TRADITIONAL SPINNING TOPS,General engagement,Explore our latest offers selected specially for you.
13347.0,Occasional Buyers,VINTAGE BILLBOARD DRINK ME MUG,General engagement,Explore our latest offers selected specially for you.
13348.0,Occasional Buyers,CHRISTMAS RETROSPOT ANGEL WOOD,General engagement,Explore our latest offers selected specially for you.
13349.0,Occasional Buyers,12 PENCIL SMALL TUBE WOODLAND,General engagement,Explore our latest offers selected specially for you.
13350.0,Occasional Buyers,FRENCH ENAMEL CANDLEHOLDER,General engagement,Explore our latest offers selected specially for you.
13351.0,Occasional Buyers,CHRISTMAS STAR WISH LIST CHALKBOARD,General engagement,Explore our latest offers selected specially for you.
13352.0,Occasional Buyers,BLUE POLKADOT WRAP,General engagement,Explore our latest offers selected specially for you.
13354.0,Occasional Buyers,CARAVAN SQUARE TISSUE BOX,General engagement,Explore our latest offers selected specially for you.
13355.0,Occasional Buyers,FUNKY DIVA PEN,General engagement,Explore our latest offers selected specially for you.
13356.0,Occasional Buyers,60 CAKE CASES VINTAGE CHRISTMAS,General engagement,Explore our latest offers selected specially for you.
13357.0,Inactive Customers,FUNKY DIVA PEN,General engagement,Explore our latest offers selected specially for you.
13358.0,Inactive Customers,BLUE POLKADOT EGG CUP ,General engagement,Explore our latest offers selected specially for you.
13359.0,Occasional Buyers,6 GIFT TAGS 50'S CHRISTMAS ,General engagement,Explore our latest offers selected specially for you.
13362.0,Occasional Buyers,POLKADOT PEN,General engagement,Explore our latest offers selected specially for you.
13363.0,Occasional Buyers,CHRISTMAS HANGING STAR WITH BELL,General engagement,Explore our latest offers selected specially for you.
13364.0,Occasional Buyers,BLUE DRAWER KNOB ACRYLIC EDWARDIAN,General engagement,Explore our latest offers selected specially for you.
13365.0,Occasional Buyers,BIRTHDAY BANQUET GIFT WRAP,General engagement,Explore our latest offers selected specially for you.
13366.0,Occasional Buyers,PACK OF 12 BLUE PAISLEY TISSUES ,General engagement,Explore our latest offers selected specially for you.
13368.0,Inactive Customers,WORLD WAR 2 GLIDERS ASSTD DESIGNS,General engagement,Explore our latest offers selected specially for you.
13369.0,Inactive Customers,MINI CAKE STAND WITH HANGING CAKES,General engagement,Explore our latest offers selected specially for you.
13370.0,Inactive Customers,WORLD WAR 2 GLIDERS ASSTD DESIGNS,General engagement,Explore our latest offers selected specially for you.
13372.0,Occasional Buyers,PACK OF 12 BLUE PAISLEY TISSUES ,General engagement,Explore our latest offers selected specially for you.
13373.0,Occasional Buyers,WOODEN HEART CHRISTMAS SCANDINAVIAN,General engagement,Explore our latest offers selected specially for you.
13375.0,Occasional Buyers,PACK OF 12 50'S CHRISTMAS TISSUES,General engagement,Explore our latest offers selected specially for you.
13376.0,Occasional Buyers,LUNCH BAG APPLE DESIGN,General engagement,Explore our latest offers selected specially for you.
13379.0,Occasional Buyers,STAR DECORATION PAINTED ZINC ,General engagement,Explore our latest offers selected specially for you.
13381.0,Occasional Buyers,WORLD WAR 2 GLIDERS ASSTD DESIGNS,General engagement,Explore our latest offers selected specially for you.
13382.0,Inactive Customers,BLUE DRAWER KNOB ACRYLIC EDWARDIAN,General engagement,Explore our latest offers selected specially for you.
13384.0,Occasional Buyers,SET OF 3 HANGING OWLS OLLIE BEAK,General engagement,Explore our latest offers selected specially for you.
13385.0,Inactive Customers,SPACEBOY GIFT WRAP,General engagement,Explore our latest offers selected specially for you.
13388.0,Occasional Buyers,METAL DECORATION NAUGHTY CHILDREN ,General engagement,Explore our latest offers selected specially for you.
13389.0,Occasional Buyers,BLUE VICTORIAN FABRIC OVAL BOX,General engagement,Explore our latest offers selected specially for you.
13390.0,Occasional Buyers,PLAYING CARDS JUBILEE UNION JACK,General engagement,Explore our latest offers selected specially for you.
13391.0,Inactive Customers,SILVER CHRISTMAS TREE BAUBLE STAND ,General engagement,Explore our latest offers selected specially for you.
13394.0,Occasional Buyers,HANGING WOOD AND FELT FLOWER,General engagement,Explore our latest offers selected specially for you.
13395.0,Inactive Customers,PIECE OF CAMO STATIONERY SET,General engagement,Explore our latest offers selected specially for you.
13396.0,Occasional Buyers,CARD CHRISTMAS VILLAGE,General engagement,Explore our latest offers selected specially for you.
13397.0,Occasional Buyers,BLACK RECORD COVER FRAME,General engagement,Explore our latest offers selected specially for you.
13398.0,Inactive Customers,WORLD WAR 2 GLIDERS ASSTD DESIGNS,General engagement,Explore our latest offers selected specially for you.
13402.0,Occasional Buyers,ROUND SNACK BOXES SET OF 4 FRUITS ,General engagement,Explore our latest offers selected specially for you.
13403.0,Occasional Buyers,ANTIQUE SILVER T-LIGHT GLASS,General engagement,Explore our latest offers selected specially for you.
13404.0,Occasional Buyers,SET OF 4 NAPKIN CHARMS HEARTS,General engagement,Explore our latest offers selected specially for you.
13405.0,Occasional Buyers,AREA PATROLLED METAL SIGN,General engagement,Explore our latest offers selected specially for you.
13408.0,Loyal Customers,COLOUR GLASS T-LIGHT HOLDER HANGING,Increase repeat purchases,We appreciate your loyalty! Get a special offer on COLOUR GLASS T-LIGHT HOLDER HANGING and continue enjoying your favorite picks.
13410.0,Occasional Buyers,SPACEBOY LUNCH BOX ,General engagement,Explore our latest offers selected specially for you.
13411.0,Occasional Buyers,OVEN MITT APPLES DESIGN,General engagement,Explore our latest offers selected specially for you.
13414.0,Occasional Buyers,ASSORTED COLOURS SILK FAN,General engagement,Explore our latest offers selected specially for you.
13416.0,Occasional Buyers,ENGLISH ROSE HOT WATER BOTTLE,General engagement,Explore our latest offers selected specially for you.
13417.0,Occasional Buyers,36 PENCILS TUBE RED RETROSPOT,General engagement,Explore our latest offers selected specially for you.
13418.0,Loyal Customers,PACK OF 72 RETROSPOT CAKE CASES,Increase repeat purchases,We appreciate your loyalty! Get a special offer on PACK OF 72 RETROSPOT CAKE CASES and continue enjoying your favorite picks.
13419.0,Occasional Buyers,FANCY FONTS BIRTHDAY WRAP,General engagement,Explore our latest offers selected specially for you.
13420.0,Inactive Customers,WRAP ENGLISH ROSE ,General engagement,Explore our latest offers selected specially for you.
13421.0,Occasional Buyers,FUNKY DIVA PEN,General engagement,Explore our latest offers selected specially for you.
13422.0,Occasional Buyers,JAM MAKING SET PRINTED,General engagement,Explore our latest offers selected specially for you.
13425.0,Occasional Buyers,PACK OF 20 NAPKINS RED APPLES,General engagement,Explore our latest offers selected specially for you.
13426.0,Occasional Buyers,PLEASE ONE PERSON METAL SIGN,General engagement,Explore our latest offers selected specially for you.
13427.0,Occasional Buyers,CHRISTMAS HANGING STAR WITH BELL,General engagement,Explore our latest offers selected specially for you.
13428.0,Occasional Buyers,CARD GINGHAM ROSE ,General engagement,Explore our latest offers selected specially for you.
13429.0,Occasional Buyers,CHRISTMAS DECOUPAGE CANDLE,General engagement,Explore our latest offers selected specially for you.
13430.0,Occasional Buyers,CARTOON  PENCIL SHARPENERS,General engagement,Explore our latest offers selected specially for you.
13431.0,Occasional Buyers,FUNKY DIVA PEN,General engagement,Explore our latest offers selected specially for you.
13434.0,Occasional Buyers,COOK WITH WINE METAL SIGN ,General engagement,Explore our latest offers selected specially for you.
13435.0,Occasional Buyers,DISCO BALL CHRISTMAS DECORATION,General engagement,Explore our latest offers selected specially for you.
13436.0,Occasional Buyers,FANCY FONTS BIRTHDAY WRAP,General engagement,Explore our latest offers selected specially for you.
13437.0,Occasional Buyers,PAPER CHAIN KIT 50'S CHRISTMAS ,General engagement,Explore our latest offers selected specially for you.
13439.0,Inactive Customers,BROCADE RING PURSE ,General engagement,Explore our latest offers selected specially for you.
13441.0,Occasional Buyers,ANGEL DECORATION STARS ON DRESS,General engagement,Explore our latest offers selected specially for you.
13447.0,Occasional Buyers,3 RAFFIA RIBBONS 50'S CHRISTMAS ,General engagement,Explore our latest offers selected specially for you.
13448.0,Occasional Buyers,ASSORTED COLOURS SILK FAN,General engagement,Explore our latest offers selected specially for you.
13449.0,Occasional Buyers,10 COLOUR SPACEBOY PEN,General engagement,Explore our latest offers selected specially for you.
13450.0,Occasional Buyers,BAG 250g SWIRLY MARBLES,General engagement,Explore our latest offers selected specially for you.
13451.0,Occasional Buyers,POPCORN HOLDER,General engagement,Explore our latest offers selected specially for you.
13452.0,Inactive Customers,VINTAGE BLUE KITCHEN CABINET,General engagement,Explore our latest offers selected specially for you.
13453.0,Inactive Customers,HEN HOUSE DECORATION,General engagement,Explore our latest offers selected specially for you.
13455.0,Occasional Buyers,TEA BAG PLATE RED RETROSPOT,General engagement,Explore our latest offers selected specially for you.
13456.0,Occasional Buyers,PARTY BUNTING,General engagement,Explore our latest offers selected specially for you.
13458.0,Loyal Customers,WHITE HANGING HEART T-LIGHT HOLDER,Increase repeat purchases,We appreciate your loyalty! Get a special offer on WHITE HANGING HEART T-LIGHT HOLDER and continue enjoying your favorite picks.
13460.0,Occasional Buyers,TEA PARTY  WRAPPING PAPER ,General engagement,Explore our latest offers selected specially for you.
13461.0,Occasional Buyers,STRAWBERRY CHARLOTTE BAG,General engagement,Explore our latest offers selected specially for you.
13462.0,Inactive Customers,CITRONELLA CANDLE GARDEN POT,General engagement,Explore our latest offers selected specially for you.
13464.0,Occasional Buyers,WRAP CHRISTMAS VILLAGE,General engagement,Explore our latest offers selected specially for you.
13466.0,Inactive Customers,WRAP VINTAGE PETALS  DESIGN,General engagement,Explore our latest offers selected specially for you.
13467.0,Occasional Buyers,VINTAGE GLASS T-LIGHT HOLDER,General engagement,Explore our latest offers selected specially for you.
13468.0,Loyal Customers,WHITE HANGING HEART T-LIGHT HOLDER,Increase repeat purchases,We appreciate your loyalty! Get a special offer on WHITE HANGING HEART T-LIGHT HOLDER and continue enjoying your favorite picks.
13470.0,Occasional Buyers,LUNCH BAG  BLACK SKULL.,General engagement,Explore our latest offers selected specially for you.
13471.0,Occasional Buyers,SET 12 COLOURING PENCILS DOILY,General engagement,Explore our latest offers selected specially for you.
13473.0,Occasional Buyers,DANISH ROSE DELUXE COASTER,General engagement,Explore our latest offers selected specially for you.
13474.0,Inactive Customers,HANGING WOOD AND FELT FLOWER,General engagement,Explore our latest offers selected specially for you.
13475.0,Inactive Customers,HANGING HEART JAR T-LIGHT HOLDER,General engagement,Explore our latest offers selected specially for you.
13476.0,Inactive Customers,POLKADOT PEN,General engagement,Explore our latest offers selected specially for you.
13477.0,Occasional Buyers,WORLD WAR 2 GLIDERS ASSTD DESIGNS,General engagement,Explore our latest offers selected specially for you.
13479.0,Inactive Customers,HANGING CHICK GREEN DECORATION,General engagement,Explore our latest offers selected specially for you.
13481.0,Occasional Buyers,FUNKY DIVA PEN,General engagement,Explore our latest offers selected specially for you.
13482.0,Inactive Customers,PACK OF 12 BLUE PAISLEY TISSUES ,General engagement,Explore our latest offers selected specially for you.
13483.0,Occasional Buyers,MAGIC DRAWING SLATE CIRCUS PARADE  ,General engagement,Explore our latest offers selected specially for you.
13484.0,Inactive Customers,DOORMAT MULTICOLOUR STRIPE,General engagement,Explore our latest offers selected specially for you.
13485.0,Inactive Customers,MINI PAINT SET VINTAGE ,General engagement,Explore our latest offers selected specially for you.
13486.0,Occasional Buyers,DINOSAUR KEYRINGS ASSORTED,General engagement,Explore our latest offers selected specially for you.
13487.0,Occasional Buyers,WRAP DOILEY DESIGN,General engagement,Explore our latest offers selected specially for you.
13488.0,Loyal Customers,WORLD WAR 2 GLIDERS ASSTD DESIGNS,Increase repeat purchases,We appreciate your loyalty! Get a special offer on WORLD WAR 2 GLIDERS ASSTD DESIGNS and continue enjoying your favorite picks.
13489.0,Occasional Buyers,AGED GLASS SILVER T-LIGHT HOLDER,General engagement,Explore our latest offers selected specially for you.
13491.0,Occasional Buyers,RED POLKADOT COFFEE  MUG,General engagement,Explore our latest offers selected specially for you.
13492.0,Occasional Buyers,LUNCH BAG ALPHABET DESIGN,General engagement,Explore our latest offers selected specially for you.
13493.0,Inactive Customers,EASTER TIN KEEPSAKE,General engagement,Explore our latest offers selected specially for you.
13494.0,Inactive Customers,CHINESE DRAGON PAPER LANTERNS,General engagement,Explore our latest offers selected specially for you.
13495.0,Occasional Buyers,SILVER HANGING T-LIGHT HOLDER,General engagement,Explore our latest offers selected specially for you.
13496.0,Occasional Buyers,ANTIQUE SILVER TEA GLASS ENGRAVED,General engagement,Explore our latest offers selected specially for you.
13497.0,Inactive Customers,FELT FARM ANIMAL WHITE BUNNY ,General engagement,Explore our latest offers selected specially for you.
13499.0,Occasional Buyers,WOODEN HEART CHRISTMAS SCANDINAVIAN,General engagement,Explore our latest offers selected specially for you.
13500.0,Occasional Buyers,WORLD WAR 2 GLIDERS ASSTD DESIGNS,General engagement,Explore our latest offers selected specially for you.
13501.0,Inactive Customers,CANDLEHOLDER PINK HANGING HEART,General engagement,Explore our latest offers selected specially for you.
13502.0,Occasional Buyers,12 PENCILS SMALL TUBE RED RETROSPOT,General engagement,Explore our latest offers selected specially for you.
13503.0,Occasional Buyers,EMPIRE GIFT WRAP,General engagement,Explore our latest offers selected specially for you.
13504.0,Occasional Buyers,BOX OF 24 COCKTAIL PARASOLS,General engagement,Explore our latest offers selected specially for you.
13505.0,Occasional Buyers,RECYCLED PENCIL WITH RABBIT ERASER,General engagement,Explore our latest offers selected specially for you.
13506.0,Inactive Customers,WORLD WAR 2 GLIDERS ASSTD DESIGNS,General engagement,Explore our latest offers selected specially for you.
13507.0,Occasional Buyers,IVORY WICKER HEART SMALL,General engagement,Explore our latest offers selected specially for you.
13508.0,Inactive Customers,RETROSPOT PADDED SEAT CUSHION,General engagement,Explore our latest offers selected specially for you.
13509.0,Occasional Buyers,PARTY CONES CANDY ASSORTED,General engagement,Explore our latest offers selected specially for you.
13510.0,Occasional Buyers,WORLD WAR 2 GLIDERS ASSTD DESIGNS,General engagement,Explore our latest offers selected specially for you.
13512.0,Inactive Customers,EASTER DECORATION NATURAL CHICK,General engagement,Explore our latest offers selected specially for you.
13513.0,Occasional Buyers,ZINC METAL HEART DECORATION,General engagement,Explore our latest offers selected specially for you.
13514.0,Occasional Buyers,WOODEN FRAME ANTIQUE WHITE ,General engagement,Explore our latest offers selected specially for you.
13515.0,Occasional Buyers,SET 20 NAPKINS FAIRY CAKES DESIGN ,General engagement,Explore our latest offers selected specially for you.
13516.0,Occasional Buyers,TRADITIONAL WOODEN CATCH CUP GAME ,General engagement,Explore our latest offers selected specially for you.
13517.0,Occasional Buyers,CHRISTMAS HANGING STAR WITH BELL,General engagement,Explore our latest offers selected specially for you.
13518.0,Occasional Buyers,WORLD WAR 2 GLIDERS ASSTD DESIGNS,General engagement,Explore our latest offers selected specially for you.
13519.0,Occasional Buyers,3 TRADITIONAl BISCUIT CUTTERS  SET,General engagement,Explore our latest offers selected specially for you.
13520.0,Occasional Buyers,ROUND SNACK BOXES SET OF4 WOODLAND ,General engagement,Explore our latest offers selected specially for you.
13521.0,Occasional Buyers,CHRISTMAS HANGING STAR WITH BELL,General engagement,Explore our latest offers selected specially for you.
13522.0,Occasional Buyers,6 RIBBONS RUSTIC CHARM,General engagement,Explore our latest offers selected specially for you.
13523.0,Occasional Buyers,PICTURE DOMINOES,General engagement,Explore our latest offers selected specially for you.
13524.0,Occasional Buyers,ASSORTED TUTTI FRUTTI PEN,General engagement,Explore our latest offers selected specially for you.
13525.0,Occasional Buyers,ASSORTED COLOUR BIRD ORNAMENT,General engagement,Explore our latest offers selected specially for you.
13527.0,Occasional Buyers,FRENCH STYLE STORAGE JAR BONBONS,General engagement,Explore our latest offers selected specially for you.
13529.0,Occasional Buyers,HANGING QUILTED PATCHWORK APPLES,General engagement,Explore our latest offers selected specially for you.
13531.0,Inactive Customers,JUMBO BAG RED RETROSPOT,General engagement,Explore our latest offers selected specially for you.
13532.0,Occasional Buyers,WRAP 50'S  CHRISTMAS,General engagement,Explore our latest offers selected specially for you.
13533.0,Inactive Customers,SMALL DOLLY MIX DESIGN ORANGE BOWL,General engagement,Explore our latest offers selected specially for you.
13534.0,Loyal Customers,JUMBO  BAG BAROQUE BLACK WHITE,Increase repeat purchases,We appreciate your loyalty! Get a special offer on JUMBO  BAG BAROQUE BLACK WHITE and continue enjoying your favorite picks.
13536.0,Occasional Buyers,HANGING HEART WITH BELL,General engagement,Explore our latest offers selected specially for you.
13538.0,Occasional Buyers,DOORMAT SPOTTY HOME SWEET HOME,General engagement,Explore our latest offers selected specially for you.
13539.0,Occasional Buyers,WORLD WAR 2 GLIDERS ASSTD DESIGNS,General engagement,Explore our latest offers selected specially for you.
13544.0,Occasional Buyers,BLACK WINE GLASS,General engagement,Explore our latest offers selected specially for you.
13546.0,Occasional Buyers,RED  EGG  SPOON,General engagement,Explore our latest offers selected specially for you.
13548.0,Occasional Buyers,IVORY WICKER HEART SMALL,General engagement,Explore our latest offers selected specially for you.
13549.0,Occasional Buyers,COLOUR GLASS T-LIGHT HOLDER HANGING,General engagement,Explore our latest offers selected specially for you.
13551.0,Inactive Customers,EDWARDIAN PARASOL BLACK,General engagement,Explore our latest offers selected specially for you.
13552.0,Occasional Buyers,JUMBO BAG ALPHABET,General engagement,Explore our latest offers selected specially for you.
13555.0,Occasional Buyers,MINI PAINT SET VINTAGE ,General engagement,Explore our latest offers selected specially for you.
13557.0,Occasional Buyers,WRAP PINK FAIRY CAKES ,General engagement,Explore our latest offers selected specially for you.
13558.0,Occasional Buyers,CARD CHRISTMAS VILLAGE,General engagement,Explore our latest offers selected specially for you.
13560.0,Occasional Buyers,RED BABY BUNTING ,General engagement,Explore our latest offers selected specially for you.
13561.0,Inactive Customers,WHITE HANGING HEART T-LIGHT HOLDER,General engagement,Explore our latest offers selected specially for you.
13562.0,Occasional Buyers,JINGLE BELL HEART DECORATION,General engagement,Explore our latest offers selected specially for you.
13563.0,Occasional Buyers,RED HANGING HEART T-LIGHT HOLDER,General engagement,Explore our latest offers selected specially for you.
13564.0,Occasional Buyers,SWALLOWS GREETING CARD,General engagement,Explore our latest offers selected specially for you.
13565.0,Occasional Buyers,ASSORTED TUTTI FRUTTI HEART BOX,General engagement,Explore our latest offers selected specially for you.
13566.0,Occasional Buyers,GLITTER CHRISTMAS TREE,General engagement,Explore our latest offers selected specially for you.
13568.0,Inactive Customers,CERAMIC HEART FAIRY CAKE MONEY BANK,General engagement,Explore our latest offers selected specially for you.
13569.0,Occasional Buyers,"FANCY FONT BIRTHDAY CARD, ",General engagement,Explore our latest offers selected specially for you.
13570.0,Inactive Customers,ASSORTED COLOUR BIRD ORNAMENT,General engagement,Explore our latest offers selected specially for you.
13571.0,Occasional Buyers,WOODEN HEART CHRISTMAS SCANDINAVIAN,General engagement,Explore our latest offers selected specially for you.
13572.0,Inactive Customers,REGENCY CAKE FORK,General engagement,Explore our latest offers selected specially for you.
13573.0,Occasional Buyers,DISCO BALL CHRISTMAS DECORATION,General engagement,Explore our latest offers selected specially for you.
13575.0,Occasional Buyers,12 PENCILS TALL TUBE SKULLS,General engagement,Explore our latest offers selected specially for you.
13576.0,Loyal Customers,BLACK RECORD COVER FRAME,Increase repeat purchases,We appreciate your loyalty! Get a special offer on BLACK RECORD COVER FRAME and continue enjoying your favorite picks.
13577.0,Occasional Buyers,JUMBO BAG RED RETROSPOT,General engagement,Explore our latest offers selected specially for you.
13579.0,Occasional Buyers,FUNKY DIVA PEN,General engagement,Explore our latest offers selected specially for you.
13581.0,Inactive Customers,MAGNETS PACK OF 4 CHILDHOOD MEMORY,General engagement,Explore our latest offers selected specially for you.
13583.0,Inactive Customers,ASSTD MULTICOLOUR CIRCLES MUG,General engagement,Explore our latest offers selected specially for you.
13584.0,Inactive Customers,VINTAGE BILLBOARD TEA MUG,General engagement,Explore our latest offers selected specially for you.
13587.0,Occasional Buyers,JUMBO BAG PINK POLKADOT,General engagement,Explore our latest offers selected specially for you.
13588.0,Occasional Buyers,WORLD WAR 2 GLIDERS ASSTD DESIGNS,General engagement,Explore our latest offers selected specially for you.
13589.0,Occasional Buyers,SET OF 6 TEA TIME BAKING CASES,General engagement,Explore our latest offers selected specially for you.
13590.0,Occasional Buyers,WOODEN HEART CHRISTMAS SCANDINAVIAN,General engagement,Explore our latest offers selected specially for you.
13591.0,Occasional Buyers,ASSORTED COLOURS SILK FAN,General engagement,Explore our latest offers selected specially for you.
13592.0,Occasional Buyers,ASSORTED COLOURS SILK FAN,General engagement,Explore our latest offers selected specially for you.
13593.0,Occasional Buyers,COLOUR GLASS T-LIGHT HOLDER HANGING,General engagement,Explore our latest offers selected specially for you.
13594.0,Occasional Buyers,BLUE POLKADOT WRAP,General engagement,Explore our latest offers selected specially for you.
13596.0,Occasional Buyers,SET 12 COLOUR PENCILS DOLLY GIRL ,General engagement,Explore our latest offers selected specially for you.
13598.0,Occasional Buyers,ANTIQUE SILVER TEA GLASS ENGRAVED,General engagement,Explore our latest offers selected specially for you.
13599.0,Loyal Customers,BOUDOIR SQUARE TISSUE BOX,Increase repeat purchases,We appreciate your loyalty! Get a special offer on BOUDOIR SQUARE TISSUE BOX and continue enjoying your favorite picks.
13600.0,Inactive Customers,DRAGONS BLOOD INCENSE,General engagement,Explore our latest offers selected specially for you.
13601.0,Occasional Buyers,BUBBLEGUM RING ASSORTED,General engagement,Explore our latest offers selected specially for you.
13602.0,Occasional Buyers,HANGING MINI COLOURED BOTTLES,General engagement,Explore our latest offers selected specially for you.
13603.0,Occasional Buyers,SET 12 COLOURING PENCILS DOILY,General engagement,Explore our latest offers selected specially for you.
13606.0,Occasional Buyers,PACK OF 12 RED RETROSPOT TISSUES ,General engagement,Explore our latest offers selected specially for you.
13607.0,Occasional Buyers,3 RAFFIA RIBBONS 50'S CHRISTMAS ,General engagement,Explore our latest offers selected specially for you.
13610.0,Occasional Buyers,PINK DRAWER KNOB ACRYLIC EDWARDIAN,General engagement,Explore our latest offers selected specially for you.
13611.0,Occasional Buyers,FUNKY DIVA PEN,General engagement,Explore our latest offers selected specially for you.
13614.0,Occasional Buyers,POTTING SHED TEA MUG,General engagement,Explore our latest offers selected specially for you.
13615.0,Inactive Customers,72 SWEETHEART FAIRY CAKE CASES,General engagement,Explore our latest offers selected specially for you.
13617.0,Occasional Buyers,ETCHED GLASS COASTER,General engagement,Explore our latest offers selected specially for you.
13618.0,Inactive Customers,DECORATION SITTING BUNNY,General engagement,Explore our latest offers selected specially for you.
13621.0,Occasional Buyers,POPART WOODEN PENCILS ASST,General engagement,Explore our latest offers selected specially for you.
13623.0,Occasional Buyers,ASSTD DESIGN RACING CAR PEN,General engagement,Explore our latest offers selected specially for you.
13626.0,Inactive Customers,PACK OF 12 PINK PAISLEY TISSUES ,General engagement,Explore our latest offers selected specially for you.
13627.0,Occasional Buyers,CLEAR DRAWER KNOB ACRYLIC EDWARDIAN,General engagement,Explore our latest offers selected specially for you.
13629.0,Occasional Buyers,JUMBO BAG RED RETROSPOT,General engagement,Explore our latest offers selected specially for you.
13630.0,Occasional Buyers,VICTORIAN GLASS HANGING T-LIGHT,General engagement,Explore our latest offers selected specially for you.
13631.0,Occasional Buyers,RED KITCHEN SCALES,General engagement,Explore our latest offers selected specially for you.
13632.0,Occasional Buyers,IVORY WICKER HEART SMALL,General engagement,Explore our latest offers selected specially for you.
13634.0,Occasional Buyers,GINGHAM ROSE WRAP,General engagement,Explore our latest offers selected specially for you.
13635.0,Occasional Buyers,MAGIC DRAWING SLATE DINOSAUR,General engagement,Explore our latest offers selected specially for you.
13636.0,Occasional Buyers,PENS ASSORTED FUNNY FACE,General engagement,Explore our latest offers selected specially for you.
13637.0,Occasional Buyers,RED RETROSPOT SMALL MILK JUG,General engagement,Explore our latest offers selected specially for you.
13638.0,Occasional Buyers,WRAP 50'S  CHRISTMAS,General engagement,Explore our latest offers selected specially for you.
13639.0,Occasional Buyers,6 RIBBONS RUSTIC CHARM,General engagement,Explore our latest offers selected specially for you.
13642.0,Inactive Customers,DOUGHNUT LIP GLOSS ,General engagement,Explore our latest offers selected specially for you.
13643.0,Occasional Buyers,JUMBO BAG VINTAGE LEAF,General engagement,Explore our latest offers selected specially for you.
13644.0,Occasional Buyers,STAR DECORATION PAINTED ZINC ,General engagement,Explore our latest offers selected specially for you.
13645.0,Occasional Buyers,CLEAR DRAWER KNOB ACRYLIC EDWARDIAN,General engagement,Explore our latest offers selected specially for you.
13647.0,Occasional Buyers,WORLD WAR 2 GLIDERS ASSTD DESIGNS,General engagement,Explore our latest offers selected specially for you.
13649.0,Inactive Customers,FILIGRIS HEART WITH BUTTERFLY,General engagement,Explore our latest offers selected specially for you.
13650.0,Occasional Buyers,60 CAKE CASES VINTAGE CHRISTMAS,General engagement,Explore our latest offers selected specially for you.
13651.0,Occasional Buyers,PARTY METAL SIGN ,General engagement,Explore our latest offers selected specially for you.
13652.0,Occasional Buyers,WORLD WAR 2 GLIDERS ASSTD DESIGNS,General engagement,Explore our latest offers selected specially for you.
13654.0,Occasional Buyers,PIECE OF CAMO STATIONERY SET,General engagement,Explore our latest offers selected specially for you.
13655.0,Occasional Buyers,ASSTD MULTICOLOUR CIRCLES MUG,General engagement,Explore our latest offers selected specially for you.
13656.0,Inactive Customers,CARTOON  PENCIL SHARPENERS,General engagement,Explore our latest offers selected specially for you.
13657.0,Occasional Buyers,ASSORTED COLOURS SILK FAN,General engagement,Explore our latest offers selected specially for you.
13658.0,Occasional Buyers,WORLD WAR 2 GLIDERS ASSTD DESIGNS,General engagement,Explore our latest offers selected specially for you.
13659.0,Inactive Customers,BROCADE RING PURSE ,General engagement,Explore our latest offers selected specially for you.
13662.0,Occasional Buyers,MINI PAINT SET VINTAGE ,General engagement,Explore our latest offers selected specially for you.
13663.0,Inactive Customers,CHRISTMAS TABLE CANDLE SILVER SPIKE,General engagement,Explore our latest offers selected specially for you.
13666.0,Occasional Buyers,HANGING JAM JAR T-LIGHT HOLDER,General engagement,Explore our latest offers selected specially for you.
13667.0,Inactive Customers,NO JUNK MAIL METAL SIGN,General engagement,Explore our latest offers selected specially for you.
13668.0,Loyal Customers,VICTORIAN GLASS HANGING T-LIGHT,Increase repeat purchases,We appreciate your loyalty! Get a special offer on VICTORIAN GLASS HANGING T-LIGHT and continue enjoying your favorite picks.
13669.0,Occasional Buyers,CARTOON  PENCIL SHARPENERS,General engagement,Explore our latest offers selected specially for you.
13670.0,Occasional Buyers,60 CAKE CASES VINTAGE CHRISTMAS,General engagement,Explore our latest offers selected specially for you.
13672.0,Inactive Customers,HANGING RIDGE GLASS T-LIGHT HOLDER,General engagement,Explore our latest offers selected specially for you.
13673.0,Occasional Buyers,BAKING SET 9 PIECE RETROSPOT ,General engagement,Explore our latest offers selected specially for you.
13675.0,Inactive Customers,CACTI T-LIGHT CANDLES,General engagement,Explore our latest offers selected specially for you.
13678.0,Inactive Customers,PIECE OF CAMO STATIONERY SET,General engagement,Explore our latest offers selected specially for you.
13680.0,Occasional Buyers,JUMBO BAG RED RETROSPOT,General engagement,Explore our latest offers selected specially for you.
13681.0,Occasional Buyers,SMALL WHITE HEART OF WICKER,General engagement,Explore our latest offers selected specially for you.
13682.0,Inactive Customers,ROSE 3 WICK MORRIS BOX CANDLE,General engagement,Explore our latest offers selected specially for you.
13684.0,Inactive Customers,LARGE CIRCULAR MIRROR MOBILE,General engagement,Explore our latest offers selected specially for you.
13685.0,Occasional Buyers,CHRISTMAS PUDDING TRINKET POT ,General engagement,Explore our latest offers selected specially for you.
13686.0,Inactive Customers,CHARLOTTE BAG APPLES DESIGN,General engagement,Explore our latest offers selected specially for you.
13689.0,Occasional Buyers,JUMBO BAG 50'S CHRISTMAS ,General engagement,Explore our latest offers selected specially for you.
13690.0,Occasional Buyers,SET OF 60 I LOVE LONDON CAKE CASES ,General engagement,Explore our latest offers selected specially for you.
13692.0,Occasional Buyers,ASSORTED COLOUR BIRD ORNAMENT,General engagement,Explore our latest offers selected specially for you.
13694.0,Loyal Customers,LETTER SHAPE PENCIL SHARPENER,Increase repeat purchases,We appreciate your loyalty! Get a special offer on LETTER SHAPE PENCIL SHARPENER and continue enjoying your favorite picks.
13695.0,Occasional Buyers,VICTORIAN GLASS HANGING T-LIGHT,General engagement,Explore our latest offers selected specially for you.
13697.0,Occasional Buyers,BLUE SCANDINAVIAN PAISLEY WRAP,General engagement,Explore our latest offers selected specially for you.
13699.0,Inactive Customers,HAND OVER THE CHOCOLATE   SIGN ,General engagement,Explore our latest offers selected specially for you.
13700.0,Occasional Buyers,CHARLOTTE BAG DOLLY GIRL DESIGN,General engagement,Explore our latest offers selected specially for you.
13703.0,Inactive Customers,SWEETHEART CAKESTAND 3 TIER,General engagement,Explore our latest offers selected specially for you.
13704.0,Occasional Buyers,60 CAKE CASES VINTAGE CHRISTMAS,General engagement,Explore our latest offers selected specially for you.
13705.0,Occasional Buyers,ASSORTED COLOUR BIRD ORNAMENT,General engagement,Explore our latest offers selected specially for you.
13706.0,Inactive Customers,COFFEE MUG CAT + BIRD DESIGN,General engagement,Explore our latest offers selected specially for you.
13707.0,Inactive Customers,GROW A FLYTRAP OR SUNFLOWER IN TIN,General engagement,Explore our latest offers selected specially for you.
13708.0,Inactive Customers,WORLD WAR 2 GLIDERS ASSTD DESIGNS,General engagement,Explore our latest offers selected specially for you.
13709.0,Occasional Buyers,SMALL CERAMIC TOP STORAGE JAR ,General engagement,Explore our latest offers selected specially for you.
13710.0,Occasional Buyers,HANGING HEART WITH BELL,General engagement,Explore our latest offers selected specially for you.
13711.0,Inactive Customers,BLUE POLKADOT WRAP,General engagement,Explore our latest offers selected specially for you.
13712.0,Inactive Customers,LIPSTICK PEN RED,General engagement,Explore our latest offers selected specially for you.
13715.0,Inactive Customers,ENGLISH ROSE NOTEBOOK A7 SIZE,General engagement,Explore our latest offers selected specially for you.
13716.0,Inactive Customers,12 PENCILS TALL TUBE WOODLAND,General engagement,Explore our latest offers selected specially for you.
13717.0,Occasional Buyers,MINI PAINTED GARDEN DECORATION ,General engagement,Explore our latest offers selected specially for you.
13718.0,Inactive Customers,PORCELAIN BUDAH INCENSE HOLDER,General engagement,Explore our latest offers selected specially for you.
13719.0,Occasional Buyers,CHRISTMAS METAL POSTCARD WITH BELLS,General engagement,Explore our latest offers selected specially for you.
13720.0,Occasional Buyers,COLOUR GLASS T-LIGHT HOLDER HANGING,General engagement,Explore our latest offers selected specially for you.
13721.0,Occasional Buyers,FILIGRIS HEART WITH BUTTERFLY,General engagement,Explore our latest offers selected specially for you.
13722.0,Occasional Buyers,WORLD WAR 2 GLIDERS ASSTD DESIGNS,General engagement,Explore our latest offers selected specially for you.
13723.0,Inactive Customers,WHITE LOVEBIRD LANTERN,General engagement,Explore our latest offers selected specially for you.
13725.0,Occasional Buyers,BLUE POLKADOT BEAKER ,General engagement,Explore our latest offers selected specially for you.
13726.0,Occasional Buyers,JUMBO STORAGE BAG SKULLS,General engagement,Explore our latest offers selected specially for you.
13727.0,Occasional Buyers,MAGIC DRAWING SLATE CIRCUS PARADE  ,General engagement,Explore our latest offers selected specially for you.
13728.0,Occasional Buyers,PACK OF 60 PINK PAISLEY CAKE CASES,General engagement,Explore our latest offers selected specially for you.
13730.0,Occasional Buyers,MINI PAINT SET VINTAGE ,General engagement,Explore our latest offers selected specially for you.
13731.0,Inactive Customers,WRAP ENGLISH ROSE ,General engagement,Explore our latest offers selected specially for you.
13732.0,Occasional Buyers,3 ROSE MORRIS BOXED CANDLES,General engagement,Explore our latest offers selected specially for you.
13735.0,Occasional Buyers,BOYS VINTAGE TIN SEASIDE BUCKET,General engagement,Explore our latest offers selected specially for you.
13736.0,Occasional Buyers,BLUE POLKADOT COFFEE MUG,General engagement,Explore our latest offers selected specially for you.
13737.0,Inactive Customers,SET OF 4 NAPKIN CHARMS HEARTS,General engagement,Explore our latest offers selected specially for you.
13739.0,Occasional Buyers,ROTATING SILVER ANGELS T-LIGHT HLDR,General engagement,Explore our latest offers selected specially for you.
13740.0,Inactive Customers,BLUE POLKADOT COFFEE MUG,General engagement,Explore our latest offers selected specially for you.
13741.0,Occasional Buyers,VINTAGE BEAD PINK EVENING BAG,General engagement,Explore our latest offers selected specially for you.
13742.0,Occasional Buyers,WORLD WAR 2 GLIDERS ASSTD DESIGNS,General engagement,Explore our latest offers selected specially for you.
13743.0,Occasional Buyers,WORLD WAR 2 GLIDERS ASSTD DESIGNS,General engagement,Explore our latest offers selected specially for you.
13744.0,Occasional Buyers,BROCADE RING PURSE ,General engagement,Explore our latest offers selected specially for you.
13745.0,Inactive Customers,"ELEPHANT, BIRTHDAY CARD, ",General engagement,Explore our latest offers selected specially for you.
13747.0,Inactive Customers,RETROSPOT LAMP,General engagement,Explore our latest offers selected specially for you.
13748.0,Occasional Buyers,PAPER CHAIN KIT 50'S CHRISTMAS ,General engagement,Explore our latest offers selected specially for you.
13750.0,Occasional Buyers,BLACK RECORD COVER FRAME,General engagement,Explore our latest offers selected specially for you.
13751.0,Inactive Customers,JUMBO BAG RED RETROSPOT,General engagement,Explore our latest offers selected specially for you.
13752.0,Occasional Buyers,AGED GLASS SILVER T-LIGHT HOLDER,General engagement,Explore our latest offers selected specially for you.
13753.0,Inactive Customers,BUNNY WOODEN PAINTED WITH BIRD ,General engagement,Explore our latest offers selected specially for you.
13754.0,Inactive Customers,60 CAKE CASES VINTAGE CHRISTMAS,General engagement,Explore our latest offers selected specially for you.
13755.0,Occasional Buyers,PENS ASSORTED SPACEBALL,General engagement,Explore our latest offers selected specially for you.
13756.0,Loyal Customers,SMALL GLASS HEART TRINKET POT,Increase repeat purchases,We appreciate your loyalty! Get a special offer on SMALL GLASS HEART TRINKET POT and continue enjoying your favorite picks.
13758.0,Occasional Buyers,GIRLS ALPHABET IRON ON PATCHES ,General engagement,Explore our latest offers selected specially for you.
13759.0,Occasional Buyers,REGENCY TEA STRAINER,General engagement,Explore our latest offers selected specially for you.
13760.0,Occasional Buyers,ROBOT BIRTHDAY CARD,General engagement,Explore our latest offers selected specially for you.
13761.0,Occasional Buyers,FANCY FONTS BIRTHDAY WRAP,General engagement,Explore our latest offers selected specially for you.
13762.0,Inactive Customers,KNICKERBOCKERGLORY MAGNET ASSORTED ,General engagement,Explore our latest offers selected specially for you.
13763.0,Occasional Buyers,HAND WARMER RED LOVE HEART,General engagement,Explore our latest offers selected specially for you.
13764.0,Occasional Buyers,FANCY FONTS BIRTHDAY WRAP,General engagement,Explore our latest offers selected specially for you.
13767.0,Loyal Customers,ASSORTED COLOUR BIRD ORNAMENT,Increase repeat purchases,We appreciate your loyalty! Get a special offer on ASSORTED COLOUR BIRD ORNAMENT and continue enjoying your favorite picks.
13769.0,Occasional Buyers,COLOUR GLASS. STAR T-LIGHT HOLDER,General engagement,Explore our latest offers selected specially for you.
13771.0,Occasional Buyers,ROLL WRAP VINTAGE CHRISTMAS,General engagement,Explore our latest offers selected specially for you.
13772.0,Occasional Buyers,PARTY BUNTING,General engagement,Explore our latest offers selected specially for you.
13774.0,Occasional Buyers,60 CAKE CASES VINTAGE CHRISTMAS,General engagement,Explore our latest offers selected specially for you.
13777.0,Loyal Customers,STRAWBERRY CERAMIC TRINKET BOX,Increase repeat purchases,We appreciate your loyalty! Get a special offer on STRAWBERRY CERAMIC TRINKET BOX and continue enjoying your favorite picks.
13778.0,Occasional Buyers,GROW A FLYTRAP OR SUNFLOWER IN TIN,General engagement,Explore our latest offers selected specially for you.
13780.0,Occasional Buyers,AGED GLASS SILVER T-LIGHT HOLDER,General engagement,Explore our latest offers selected specially for you.
13781.0,Inactive Customers,BEWARE OF THE CAT METAL SIGN ,General engagement,Explore our latest offers selected specially for you.
13782.0,Occasional Buyers,ENGLISH ROSE NOTEBOOK A7 SIZE,General engagement,Explore our latest offers selected specially for you.
13784.0,Occasional Buyers,PLACE SETTING WHITE HEART,General engagement,Explore our latest offers selected specially for you.
13786.0,Inactive Customers,WHITE HANGING HEART T-LIGHT HOLDER,General engagement,Explore our latest offers selected specially for you.
13787.0,Occasional Buyers,DOVE DECORATION PAINTED ZINC ,General engagement,Explore our latest offers selected specially for you.
13790.0,Occasional Buyers,CHRISTMAS PUDDING TRINKET POT ,General engagement,Explore our latest offers selected specially for you.
13791.0,Occasional Buyers,LUNCH BAG  BLACK SKULL.,General engagement,Explore our latest offers selected specially for you.
13792.0,Occasional Buyers,CHRISTMAS GINGHAM STAR,General engagement,Explore our latest offers selected specially for you.
13798.0,Loyal Customers,JUMBO BAG RED RETROSPOT,Increase repeat purchases,We appreciate your loyalty! Get a special offer on JUMBO BAG RED RETROSPOT and continue enjoying your favorite picks.
13799.0,Occasional Buyers,BIG DOUGHNUT FRIDGE MAGNETS,General engagement,Explore our latest offers selected specially for you.
13800.0,Inactive Customers,WRAP ALPHABET DESIGN,General engagement,Explore our latest offers selected specially for you.
13801.0,Occasional Buyers,SMALL HEART FLOWERS HOOK ,General engagement,Explore our latest offers selected specially for you.
13802.0,Occasional Buyers,JUMBO BAG RED RETROSPOT,General engagement,Explore our latest offers selected specially for you.
13803.0,Inactive Customers,EASTER CRAFT 4 CHICKS ,General engagement,Explore our latest offers selected specially for you.
13804.0,Occasional Buyers,WORLD WAR 2 GLIDERS ASSTD DESIGNS,General engagement,Explore our latest offers selected specially for you.
13805.0,Occasional Buyers,JAZZ HEARTS ADDRESS BOOK,General engagement,Explore our latest offers selected specially for you.
13806.0,Occasional Buyers,ENAMEL FLOWER JUG CREAM,General engagement,Explore our latest offers selected specially for you.
13807.0,Inactive Customers,HEART OF WICKER SMALL,General engagement,Explore our latest offers selected specially for you.
13808.0,Occasional Buyers,ANTIQUE SILVER T-LIGHT GLASS,General engagement,Explore our latest offers selected specially for you.
13809.0,Inactive Customers,CANDLEHOLDER PINK HANGING HEART,General engagement,Explore our latest offers selected specially for you.
13810.0,Occasional Buyers,3 PIECE SPACEBOY COOKIE CUTTER SET,General engagement,Explore our latest offers selected specially for you.
13811.0,Inactive Customers,RECYCLED ACAPULCO MAT TURQUOISE,General engagement,Explore our latest offers selected specially for you.
13812.0,Occasional Buyers,PACK OF 12 WOODLAND TISSUES ,General engagement,Explore our latest offers selected specially for you.
13813.0,Occasional Buyers,RED RETROSPOT WRAP ,General engagement,Explore our latest offers selected specially for you.
13814.0,Occasional Buyers,PACK OF 72 RETROSPOT CAKE CASES,General engagement,Explore our latest offers selected specially for you.
13815.0,Occasional Buyers,GIRLS ALPHABET IRON ON PATCHES ,General engagement,Explore our latest offers selected specially for you.
13816.0,Occasional Buyers,MINI PAINT SET VINTAGE ,General engagement,Explore our latest offers selected specially for you.
13817.0,Occasional Buyers,RED RETROSPOT TAPE,General engagement,Explore our latest offers selected specially for you.
13819.0,Inactive Customers,PACK OF 72 RETROSPOT CAKE CASES,General engagement,Explore our latest offers selected specially for you.
13821.0,Inactive Customers,LADS ONLY TISSUE BOX,General engagement,Explore our latest offers selected specially for you.
13822.0,Occasional Buyers,POPART WOODEN PENCILS ASST,General engagement,Explore our latest offers selected specially for you.
13823.0,Occasional Buyers,WOODEN PICTURE FRAME WHITE FINISH,General engagement,Explore our latest offers selected specially for you.
13824.0,Occasional Buyers,TRADITIONAL KNITTING NANCY,General engagement,Explore our latest offers selected specially for you.
13826.0,Inactive Customers,60 TEATIME FAIRY CAKE CASES,General engagement,Explore our latest offers selected specially for you.
13827.0,Occasional Buyers,HANGING HEART JAR T-LIGHT HOLDER,General engagement,Explore our latest offers selected specially for you.
13828.0,Occasional Buyers,PENS ASSORTED FUNKY JEWELED ,General engagement,Explore our latest offers selected specially for you.
13831.0,Occasional Buyers,WHITE HANGING HEART T-LIGHT HOLDER,General engagement,Explore our latest offers selected specially for you.
13832.0,Occasional Buyers,CERAMIC HEART FAIRY CAKE MONEY BANK,General engagement,Explore our latest offers selected specially for you.
13833.0,Inactive Customers,SET/10 BLUE POLKADOT PARTY CANDLES,General engagement,Explore our latest offers selected specially for you.
13835.0,Occasional Buyers,"FEATHER PEN,HOT PINK",General engagement,Explore our latest offers selected specially for you.
13837.0,Inactive Customers,T-LIGHT GLASS FLUTED ANTIQUE,General engagement,Explore our latest offers selected specially for you.
13838.0,Occasional Buyers,DRAWER KNOB CERAMIC IVORY,General engagement,Explore our latest offers selected specially for you.
13841.0,Inactive Customers,LARGE CHINESE STYLE SCISSOR,General engagement,Explore our latest offers selected specially for you.
13842.0,Occasional Buyers,DECORATIVE WICKER HEART SMALL,General engagement,Explore our latest offers selected specially for you.
13844.0,Occasional Buyers,AGED GLASS SILVER T-LIGHT HOLDER,General engagement,Explore our latest offers selected specially for you.
13845.0,Occasional Buyers,LARGE WHITE HEART OF WICKER,General engagement,Explore our latest offers selected specially for you.
13846.0,Occasional Buyers,CAKES AND BOWS GIFT  TAPE,General engagement,Explore our latest offers selected specially for you.
13848.0,Occasional Buyers,SMALL CHINESE STYLE SCISSOR,General engagement,Explore our latest offers selected specially for you.
13849.0,Occasional Buyers,WRAP CHRISTMAS SCREEN PRINT,General engagement,Explore our latest offers selected specially for you.
13850.0,Occasional Buyers,60 CAKE CASES DOLLY GIRL DESIGN,General engagement,Explore our latest offers selected specially for you.
13851.0,Occasional Buyers,HAND WARMER OWL DESIGN,General engagement,Explore our latest offers selected specially for you.
13853.0,Occasional Buyers,BOX OF 6 CHRISTMAS CAKE DECORATIONS,General engagement,Explore our latest offers selected specially for you.
13854.0,Loyal Customers,HEART OF WICKER SMALL,Increase repeat purchases,We appreciate your loyalty! Get a special offer on HEART OF WICKER SMALL and continue enjoying your favorite picks.
13856.0,Inactive Customers,MOROCCAN TEA GLASS,General engagement,Explore our latest offers selected specially for you.
13858.0,Occasional Buyers,CUPCAKE LACE PAPER SET 6,General engagement,Explore our latest offers selected specially for you.
13859.0,Inactive Customers,GINGHAM ROSE WRAP,General engagement,Explore our latest offers selected specially for you.
13860.0,Occasional Buyers,STAR DECORATION PAINTED ZINC ,General engagement,Explore our latest offers selected specially for you.
13862.0,Occasional Buyers,SET OF 4 PANTRY JELLY MOULDS,General engagement,Explore our latest offers selected specially for you.
13863.0,Inactive Customers,BUNNY EGG GARLAND,General engagement,Explore our latest offers selected specially for you.
13865.0,Occasional Buyers,ASSORTED COLOUR BIRD ORNAMENT,General engagement,Explore our latest offers selected specially for you.
13866.0,Occasional Buyers,ASSORTED COLOUR BIRD ORNAMENT,General engagement,Explore our latest offers selected specially for you.
13867.0,Occasional Buyers,RED RETROSPOT WRAP ,General engagement,Explore our latest offers selected specially for you.
13868.0,Occasional Buyers,VINTAGE DOILY JUMBO BAG RED ,General engagement,Explore our latest offers selected specially for you.
13869.0,Occasional Buyers,BLUE POLKADOT WRAP,General engagement,Explore our latest offers selected specially for you.
13870.0,Occasional Buyers,PAPER CHAIN KIT 50'S CHRISTMAS ,General engagement,Explore our latest offers selected specially for you.
13871.0,Occasional Buyers,WRAP ENGLISH ROSE ,General engagement,Explore our latest offers selected specially for you.
13873.0,Occasional Buyers,FLOWERS TILE COASTER,General engagement,Explore our latest offers selected specially for you.
13874.0,Inactive Customers,WHITE HANGING HEART T-LIGHT HOLDER,General engagement,Explore our latest offers selected specially for you.
13875.0,Occasional Buyers,SKULLS AND CROSSBONES WRAP,General engagement,Explore our latest offers selected specially for you.
13876.0,Occasional Buyers,HANGING  BUTTERFLY T-LIGHT HOLDER,General engagement,Explore our latest offers selected specially for you.
13877.0,Occasional Buyers,HANGING CLEAR MINI BOTTLE,General engagement,Explore our latest offers selected specially for you.
13878.0,Occasional Buyers,DARK BIRD HOUSE TREE DECORATION,General engagement,Explore our latest offers selected specially for you.
13880.0,Occasional Buyers,COLOUR GLASS T-LIGHT HOLDER HANGING,General engagement,Explore our latest offers selected specially for you.
13881.0,Loyal Customers,RED  HARMONICA IN BOX ,Increase repeat purchases,We appreciate your loyalty! Get a special offer on RED  HARMONICA IN BOX  and continue enjoying your favorite picks.
13882.0,Occasional Buyers,CHRISTMAS HANGING STAR WITH BELL,General engagement,Explore our latest offers selected specially for you.
13883.0,Occasional Buyers,60 TEATIME FAIRY CAKE CASES,General engagement,Explore our latest offers selected specially for you.
13884.0,Occasional Buyers,SILVER HANGING T-LIGHT HOLDER,General engagement,Explore our latest offers selected specially for you.
13885.0,Inactive Customers,ICE CREAM SUNDAE LIP GLOSS,General engagement,Explore our latest offers selected specially for you.
13886.0,Occasional Buyers,ZINC HEART FLOWER T-LIGHT HOLDER,General engagement,Explore our latest offers selected specially for you.
13887.0,Inactive Customers,SET OF 12  VINTAGE POSTCARD SET,General engagement,Explore our latest offers selected specially for you.
13888.0,Occasional Buyers,HEART IVORY TRELLIS SMALL,General engagement,Explore our latest offers selected specially for you.
13889.0,Occasional Buyers,HAND WARMER BIRD DESIGN,General engagement,Explore our latest offers selected specially for you.
13890.0,Occasional Buyers,PINK CREAM FELT CRAFT TRINKET BOX ,General engagement,Explore our latest offers selected specially for you.
13892.0,Occasional Buyers,SILVER GLITTER FLOWER VOTIVE HOLDER,General engagement,Explore our latest offers selected specially for you.
13893.0,Inactive Customers,PACK OF 6 SANDCASTLE FLAGS ASSORTED,General engagement,Explore our latest offers selected specially for you.
13894.0,Occasional Buyers,ANTIQUE SILVER TEA GLASS ENGRAVED,General engagement,Explore our latest offers selected specially for you.
13895.0,Occasional Buyers,LIPSTICK PEN RED,General engagement,Explore our latest offers selected specially for you.
13897.0,Occasional Buyers,PACK OF 12 VINTAGE CHRISTMAS TISSUE,General engagement,Explore our latest offers selected specially for you.
13898.0,Inactive Customers,CAKES AND BOWS GIFT  TAPE,General engagement,Explore our latest offers selected specially for you.
13899.0,Occasional Buyers,SET OF 72 PINK HEART PAPER DOILIES,General engagement,Explore our latest offers selected specially for you.
13900.0,Inactive Customers,PAPER CHAIN KIT EMPIRE,General engagement,Explore our latest offers selected specially for you.
13901.0,Occasional Buyers,FUNKY DIVA PEN,General engagement,Explore our latest offers selected specially for you.
13904.0,Occasional Buyers,WRAP ALPHABET DESIGN,General engagement,Explore our latest offers selected specially for you.
13908.0,Occasional Buyers,REGENCY CAKE FORK,General engagement,Explore our latest offers selected specially for you.
13911.0,Occasional Buyers,PAPER POCKET TRAVELING FAN ,General engagement,Explore our latest offers selected specially for you.
13914.0,Occasional Buyers,CHRISTMAS CARD SCREEN PRINT ,General engagement,Explore our latest offers selected specially for you.
13917.0,Occasional Buyers,HEART DECORATION RUSTIC HANGING ,General engagement,Explore our latest offers selected specially for you.
13918.0,Occasional Buyers,WORLD WAR 2 GLIDERS ASSTD DESIGNS,General engagement,Explore our latest offers selected specially for you.
13919.0,Occasional Buyers,WRAP RED APPLES ,General engagement,Explore our latest offers selected specially for you.
13922.0,Inactive Customers,LOVE HEART POCKET WARMER,General engagement,Explore our latest offers selected specially for you.
13923.0,Occasional Buyers,CARD MOTORBIKE SANTA,General engagement,Explore our latest offers selected specially for you.
13924.0,Occasional Buyers,SCENTED VELVET LOUNGE CANDLE ,General engagement,Explore our latest offers selected specially for you.
13925.0,Occasional Buyers,SET OF 12 FAIRY CAKE BAKING CASES,General engagement,Explore our latest offers selected specially for you.
13926.0,Occasional Buyers,RED RETROSPOT WRAP ,General engagement,Explore our latest offers selected specially for you.
13927.0,Occasional Buyers,PINK POLKADOT WRAP ,General engagement,Explore our latest offers selected specially for you.
13928.0,Occasional Buyers,VICTORIAN  METAL POSTCARD SPRING,General engagement,Explore our latest offers selected specially for you.
13929.0,Inactive Customers,CLASSIC METAL BIRDCAGE PLANT HOLDER,General engagement,Explore our latest offers selected specially for you.
13930.0,Occasional Buyers,PACK OF 60 DINOSAUR CAKE CASES,General engagement,Explore our latest offers selected specially for you.
13931.0,Occasional Buyers,60 CAKE CASES VINTAGE CHRISTMAS,General engagement,Explore our latest offers selected specially for you.
13932.0,Inactive Customers,PACK OF 6 HANDBAG GIFT BOXES,General engagement,Explore our latest offers selected specially for you.
13933.0,Occasional Buyers,HAND WARMER BIRD DESIGN,General engagement,Explore our latest offers selected specially for you.
13934.0,Inactive Customers,HANGING CHICK GREEN DECORATION,General engagement,Explore our latest offers selected specially for you.
13936.0,Inactive Customers,PENS ASSORTED FUNKY JEWELED ,General engagement,Explore our latest offers selected specially for you.
13937.0,Inactive Customers,MULTI COLOUR SILVER T-LIGHT HOLDER,General engagement,Explore our latest offers selected specially for you.
13938.0,Occasional Buyers,SET OF 6 SNACK LOAF BAKING CASES,General engagement,Explore our latest offers selected specially for you.
13939.0,Occasional Buyers,FRENCH STYLE STORAGE JAR BONBONS,General engagement,Explore our latest offers selected specially for you.
13940.0,Occasional Buyers,DECORATIVE WICKER HEART SMALL,General engagement,Explore our latest offers selected specially for you.
13941.0,Occasional Buyers,CACTI T-LIGHT CANDLES,General engagement,Explore our latest offers selected specially for you.
13946.0,Occasional Buyers,CHINESE DRAGON PAPER LANTERNS,General engagement,Explore our latest offers selected specially for you.
13947.0,Occasional Buyers,DECORATIVE WICKER HEART LARGE,General engagement,Explore our latest offers selected specially for you.
13948.0,Inactive Customers,CAKE PLATE LOVEBIRD WHITE,General engagement,Explore our latest offers selected specially for you.
13949.0,Occasional Buyers,ASSORTED COLOUR BIRD ORNAMENT,General engagement,Explore our latest offers selected specially for you.
13950.0,Occasional Buyers,WHITE HANGING HEART T-LIGHT HOLDER,General engagement,Explore our latest offers selected specially for you.
13951.0,Inactive Customers,SCANDINAVIAN 3 HEARTS NAPKIN RING,General engagement,Explore our latest offers selected specially for you.
13952.0,Inactive Customers,60 TEATIME FAIRY CAKE CASES,General engagement,Explore our latest offers selected specially for you.
13953.0,Occasional Buyers,SOMBRERO ,General engagement,Explore our latest offers selected specially for you.
13954.0,Occasional Buyers,CHRISTMAS STAR WISH LIST CHALKBOARD,General engagement,Explore our latest offers selected specially for you.
13955.0,Inactive Customers,COLOUR GLASS T-LIGHT HOLDER HANGING,General engagement,Explore our latest offers selected specially for you.
13956.0,Occasional Buyers,ASSORTED COLOUR BIRD ORNAMENT,General engagement,Explore our latest offers selected specially for you.
13959.0,Occasional Buyers,BATHROOM METAL SIGN,General engagement,Explore our latest offers selected specially for you.
13960.0,Occasional Buyers,WOODEN STAR CHRISTMAS SCANDINAVIAN,General engagement,Explore our latest offers selected specially for you.
13962.0,Occasional Buyers,PLACE SETTING WHITE HEART,General engagement,Explore our latest offers selected specially for you.
13963.0,Inactive Customers,MINI PAINTED GARDEN DECORATION ,General engagement,Explore our latest offers selected specially for you.
13967.0,Inactive Customers,T-LIGHT GLASS FLUTED ANTIQUE,General engagement,Explore our latest offers selected specially for you.
13969.0,Loyal Customers,GARDENERS KNEELING PAD KEEP CALM ,Increase repeat purchases,We appreciate your loyalty! Get a special offer on GARDENERS KNEELING PAD KEEP CALM  and continue enjoying your favorite picks.
13971.0,Occasional Buyers,FUNKY DIVA PEN,General engagement,Explore our latest offers selected specially for you.
13972.0,Occasional Buyers,WRAP CHRISTMAS SCREEN PRINT,General engagement,Explore our latest offers selected specially for you.
13973.0,Inactive Customers,WRAP RED APPLES ,General engagement,Explore our latest offers selected specially for you.
13974.0,Occasional Buyers, 50'S CHRISTMAS GIFT BAG LARGE,General engagement,Explore our latest offers selected specially for you.
13975.0,Occasional Buyers,WRAP 50'S  CHRISTMAS,General engagement,Explore our latest offers selected specially for you.
13976.0,Inactive Customers,ETCHED GLASS COASTER,General engagement,Explore our latest offers selected specially for you.
13978.0,Occasional Buyers,BROCADE RING PURSE ,General engagement,Explore our latest offers selected specially for you.
13979.0,Occasional Buyers,BLUE POLKADOT WRAP,General engagement,Explore our latest offers selected specially for you.
13980.0,Occasional Buyers,WOODEN HEART CHRISTMAS SCANDINAVIAN,General engagement,Explore our latest offers selected specially for you.
13982.0,Occasional Buyers,WHITE HANGING HEART T-LIGHT HOLDER,General engagement,Explore our latest offers selected specially for you.
13983.0,Occasional Buyers,HANGING JAM JAR T-LIGHT HOLDER,General engagement,Explore our latest offers selected specially for you.
13984.0,Occasional Buyers,BASKET OF TOADSTOOLS,General engagement,Explore our latest offers selected specially for you.
13985.0,Loyal Customers,RECYCLING BAG RETROSPOT ,Increase repeat purchases,We appreciate your loyalty! Get a special offer on RECYCLING BAG RETROSPOT  and continue enjoying your favorite picks.
13986.0,Occasional Buyers,HYACINTH BULB T-LIGHT CANDLES,General engagement,Explore our latest offers selected specially for you.
13988.0,Occasional Buyers,DOVE DECORATION PAINTED ZINC ,General engagement,Explore our latest offers selected specially for you.
13989.0,Occasional Buyers,BUBBLEGUM RING ASSORTED,General engagement,Explore our latest offers selected specially for you.
13990.0,Inactive Customers,BLUE POLKADOT COFFEE MUG,General engagement,Explore our latest offers selected specially for you.
13991.0,Occasional Buyers,CHRISTMAS HANGING STAR WITH BELL,General engagement,Explore our latest offers selected specially for you.
13992.0,Occasional Buyers,36 PENCILS TUBE RED RETROSPOT,General engagement,Explore our latest offers selected specially for you.
13993.0,Occasional Buyers,LANTERN CREAM GAZEBO ,General engagement,Explore our latest offers selected specially for you.
13994.0,Occasional Buyers,HEART DECORATION WITH PEARLS ,General engagement,Explore our latest offers selected specially for you.
13995.0,Occasional Buyers,LUNCH BAG  BLACK SKULL.,General engagement,Explore our latest offers selected specially for you.
13999.0,Occasional Buyers,COLOUR GLASS T-LIGHT HOLDER HANGING,General engagement,Explore our latest offers selected specially for you.
14000.0,Inactive Customers,BROCADE RING PURSE ,General engagement,Explore our latest offers selected specially for you.
14001.0,Occasional Buyers,JUMBO BAG RED RETROSPOT,General engagement,Explore our latest offers selected specially for you.
14002.0,Occasional Buyers,PIECE OF CAMO STATIONERY SET,General engagement,Explore our latest offers selected specially for you.
14004.0,Occasional Buyers,SET OF 4 PANTRY JELLY MOULDS,General engagement,Explore our latest offers selected specially for you.
14005.0,Occasional Buyers,60 CAKE CASES VINTAGE CHRISTMAS,General engagement,Explore our latest offers selected specially for you.
14006.0,Occasional Buyers,LUNCH BAG DOLLY GIRL DESIGN,General engagement,Explore our latest offers selected specially for you.
14009.0,Inactive Customers,60 TEATIME FAIRY CAKE CASES,General engagement,Explore our latest offers selected specially for you.
14012.0,Inactive Customers,FILIGRIS HEART WITH BUTTERFLY,General engagement,Explore our latest offers selected specially for you.
14013.0,Occasional Buyers,BLUE POLKADOT BEAKER ,General engagement,Explore our latest offers selected specially for you.
14014.0,Occasional Buyers,CHRISTMAS METAL POSTCARD WITH BELLS,General engagement,Explore our latest offers selected specially for you.
14015.0,Occasional Buyers,VINTAGE SNAP CARDS,General engagement,Explore our latest offers selected specially for you.
14016.0,Inactive Customers,POLKADOT PEN,General engagement,Explore our latest offers selected specially for you.
14019.0,Occasional Buyers,PACK OF 12 TRADITIONAL CRAYONS,General engagement,Explore our latest offers selected specially for you.
14020.0,Occasional Buyers,MOTORING TISSUE BOX,General engagement,Explore our latest offers selected specially for you.
14021.0,Inactive Customers,GREEN REGENCY TEACUP AND SAUCER,General engagement,Explore our latest offers selected specially for you.
14022.0,Inactive Customers,WORLD WAR 2 GLIDERS ASSTD DESIGNS,General engagement,Explore our latest offers selected specially for you.
14023.0,Occasional Buyers,MINI PAINT SET VINTAGE ,General engagement,Explore our latest offers selected specially for you.
14024.0,Occasional Buyers,RAIN PONCHO RETROSPOT,General engagement,Explore our latest offers selected specially for you.
14027.0,Occasional Buyers,PANTRY HOOK BALLOON WHISK ,General engagement,Explore our latest offers selected specially for you.
14029.0,Occasional Buyers,KEY RING BASEBALL BOOT UNION JACK,General engagement,Explore our latest offers selected specially for you.
14030.0,Occasional Buyers,CARD I LOVE LONDON ,General engagement,Explore our latest offers selected specially for you.
14031.0,Loyal Customers,RETRO COFFEE MUGS ASSORTED,Increase repeat purchases,We appreciate your loyalty! Get a special offer on RETRO COFFEE MUGS ASSORTED and continue enjoying your favorite picks.
14032.0,Occasional Buyers,WORLD WAR 2 GLIDERS ASSTD DESIGNS,General engagement,Explore our latest offers selected specially for you.
14034.0,Occasional Buyers,CHRISTMAS HANGING STAR WITH BELL,General engagement,Explore our latest offers selected specially for you.
14035.0,Occasional Buyers,ASSORTED COLOUR BIRD ORNAMENT,General engagement,Explore our latest offers selected specially for you.
14036.0,Inactive Customers,HANGING WOOD AND FELT BUTTERFLY ,General engagement,Explore our latest offers selected specially for you.
14037.0,Inactive Customers,FELTCRAFT DOLL ROSIE,General engagement,Explore our latest offers selected specially for you.
14038.0,Occasional Buyers,PACK OF 12 TRADITIONAL CRAYONS,General engagement,Explore our latest offers selected specially for you.
14039.0,Occasional Buyers,REGENCY TEA PLATE GREEN ,General engagement,Explore our latest offers selected specially for you.
14040.0,Occasional Buyers,LUNCH BAG RED RETROSPOT,General engagement,Explore our latest offers selected specially for you.
14041.0,Inactive Customers,PINK FAIRY CAKE CHILDRENS APRON,General engagement,Explore our latest offers selected specially for you.
14044.0,Occasional Buyers,WHITE HANGING HEART T-LIGHT HOLDER,General engagement,Explore our latest offers selected specially for you.
14045.0,Occasional Buyers,SET/5 RED RETROSPOT LID GLASS BOWLS,General engagement,Explore our latest offers selected specially for you.
14046.0,Inactive Customers,ORIGAMI VANILLA INCENSE CONES,General engagement,Explore our latest offers selected specially for you.
14047.0,Occasional Buyers,GUMBALL COAT RACK,General engagement,Explore our latest offers selected specially for you.
14048.0,Inactive Customers,ANIMAL STICKERS,General engagement,Explore our latest offers selected specially for you.
14049.0,Occasional Buyers,WORLD WAR 2 GLIDERS ASSTD DESIGNS,General engagement,Explore our latest offers selected specially for you.
14050.0,Occasional Buyers,ICE CREAM PEN LIP GLOSS ,General engagement,Explore our latest offers selected specially for you.
14051.0,Loyal Customers,EDWARDIAN PARASOL NATURAL,Increase repeat purchases,We appreciate your loyalty! Get a special offer on EDWARDIAN PARASOL NATURAL and continue enjoying your favorite picks.
14052.0,Occasional Buyers,SMALL STRIPES CHOCOLATE GIFT BAG ,General engagement,Explore our latest offers selected specially for you.
14053.0,Occasional Buyers,COLOURING PENCILS BROWN TUBE,General engagement,Explore our latest offers selected specially for you.
14054.0,Occasional Buyers,FOLDING BUTTERFLY MIRROR IVORY ,General engagement,Explore our latest offers selected specially for you.
14055.0,Occasional Buyers,PARTY BUNTING,General engagement,Explore our latest offers selected specially for you.
14056.0,Loyal Customers,TRAVEL CARD WALLET KEEP CALM,Increase repeat purchases,We appreciate your loyalty! Get a special offer on TRAVEL CARD WALLET KEEP CALM and continue enjoying your favorite picks.
14057.0,Loyal Customers,PACK OF 12 LONDON TISSUES ,Increase repeat purchases,We appreciate your loyalty! Get a special offer on PACK OF 12 LONDON TISSUES  and continue enjoying your favorite picks.
14059.0,Inactive Customers,FELT EGG COSY CHICKEN,General engagement,Explore our latest offers selected specially for you.
14060.0,Loyal Customers,CHINESE DRAGON PAPER LANTERNS,Increase repeat purchases,We appreciate your loyalty! Get a special offer on CHINESE DRAGON PAPER LANTERNS and continue enjoying your favorite picks.
14062.0,Loyal Customers,DISCO BALL CHRISTMAS DECORATION,Increase repeat purchases,We appreciate your loyalty! Get a special offer on DISCO BALL CHRISTMAS DECORATION and continue enjoying your favorite picks.
14064.0,Occasional Buyers,PLACE SETTING WHITE HEART,General engagement,Explore our latest offers selected specially for you.
14066.0,Inactive Customers,HOME SWEET HOME MUG,General engagement,Explore our latest offers selected specially for you.
14067.0,Occasional Buyers,PACK OF 12 PAISLEY PARK TISSUES ,General engagement,Explore our latest offers selected specially for you.
14068.0,Inactive Customers,WHITE HANGING HEART T-LIGHT HOLDER,General engagement,Explore our latest offers selected specially for you.
14071.0,Occasional Buyers,Manual,General engagement,Explore our latest offers selected specially for you.
14073.0,Occasional Buyers,WOODEN HEART CHRISTMAS SCANDINAVIAN,General engagement,Explore our latest offers selected specially for you.
14075.0,Occasional Buyers,RABBIT NIGHT LIGHT,General engagement,Explore our latest offers selected specially for you.
14076.0,Occasional Buyers,HAIRCLIPS FORTIES FABRIC ASSORTED,General engagement,Explore our latest offers selected specially for you.
14077.0,Occasional Buyers,RABBIT NIGHT LIGHT,General engagement,Explore our latest offers selected specially for you.
14078.0,Occasional Buyers,RED RETROSPOT MINI CASES,General engagement,Explore our latest offers selected specially for you.
14079.0,Occasional Buyers,RETROSPOT SMALL TUBE MATCHES,General engagement,Explore our latest offers selected specially for you.
14080.0,Occasional Buyers,BASKET OF FLOWERS SEWING KIT,General engagement,Explore our latest offers selected specially for you.
14081.0,Inactive Customers,CARD CHRISTMAS VILLAGE,General engagement,Explore our latest offers selected specially for you.
14082.0,Inactive Customers,MINI PAINT SET VINTAGE ,General engagement,Explore our latest offers selected specially for you.
14083.0,Occasional Buyers,DISCO BALL CHRISTMAS DECORATION,General engagement,Explore our latest offers selected specially for you.
14085.0,Loyal Customers,RED RETROSPOT WRAP ,Increase repeat purchases,We appreciate your loyalty! Get a special offer on RED RETROSPOT WRAP  and continue enjoying your favorite picks.
14087.0,Occasional Buyers,RECYCLED PENCIL WITH RABBIT ERASER,General engagement,Explore our latest offers selected specially for you.
14088.0,Loyal Customers,PAPER CHAIN KIT 50'S CHRISTMAS ,Increase repeat purchases,We appreciate your loyalty! Get a special offer on PAPER CHAIN KIT 50'S CHRISTMAS  and continue enjoying your favorite picks.
14089.0,Occasional Buyers,12 PENCILS SMALL TUBE SKULL,General engagement,Explore our latest offers selected specially for you.
14090.0,Inactive Customers,ANTIQUE SILVER TEA GLASS ETCHED,General engagement,Explore our latest offers selected specially for you.
14092.0,Occasional Buyers,SLEEPING CAT ERASERS,General engagement,Explore our latest offers selected specially for you.
14093.0,Occasional Buyers,BUBBLEGUM RING ASSORTED,General engagement,Explore our latest offers selected specially for you.
14096.0,Loyal Customers,LIPSTICK PEN RED,Increase repeat purchases,We appreciate your loyalty! Get a special offer on LIPSTICK PEN RED and continue enjoying your favorite picks.
14098.0,Occasional Buyers,LONDON BUS COFFEE MUG,General engagement,Explore our latest offers selected specially for you.
14099.0,Occasional Buyers,PACK OF 12 LONDON TISSUES ,General engagement,Explore our latest offers selected specially for you.
14100.0,Occasional Buyers,PACK OF 20 NAPKINS PANTRY DESIGN,General engagement,Explore our latest offers selected specially for you.
14101.0,Occasional Buyers,PACK OF 12 LONDON TISSUES ,General engagement,Explore our latest offers selected specially for you.
14102.0,Occasional Buyers,PURPLE DRAWERKNOB ACRYLIC EDWARDIAN,General engagement,Explore our latest offers selected specially for you.
14104.0,Inactive Customers,LILAC VOTIVE CANDLE,General engagement,Explore our latest offers selected specially for you.
14105.0,Inactive Customers,CACTI T-LIGHT CANDLES,General engagement,Explore our latest offers selected specially for you.
14107.0,Occasional Buyers,PACK OF 12 SKULL TISSUES,General engagement,Explore our latest offers selected specially for you.
14108.0,Occasional Buyers,BOTANICAL ROSE GIFT WRAP,General engagement,Explore our latest offers selected specially for you.
14109.0,Occasional Buyers,36 PENCILS TUBE RED RETROSPOT,General engagement,Explore our latest offers selected specially for you.
14110.0,Occasional Buyers,BLACK RECORD COVER FRAME,General engagement,Explore our latest offers selected specially for you.
14111.0,Occasional Buyers,AGED GLASS SILVER T-LIGHT HOLDER,General engagement,Explore our latest offers selected specially for you.
14112.0,Occasional Buyers,BUBBLEGUM RING ASSORTED,General engagement,Explore our latest offers selected specially for you.
14113.0,Occasional Buyers,SCOTTIE DOG HOT WATER BOTTLE,General engagement,Explore our latest offers selected specially for you.
14114.0,Inactive Customers,12 DAISY PEGS IN WOOD BOX,General engagement,Explore our latest offers selected specially for you.
14116.0,Occasional Buyers,ASSORTED COLOUR BIRD ORNAMENT,General engagement,Explore our latest offers selected specially for you.
14117.0,Inactive Customers,ANTIQUE SILVER T-LIGHT GLASS,General engagement,Explore our latest offers selected specially for you.
14121.0,Occasional Buyers,BAG 500g SWIRLY MARBLES,General engagement,Explore our latest offers selected specially for you.
14124.0,Occasional Buyers,PACK OF 12 HEARTS DESIGN TISSUES ,General engagement,Explore our latest offers selected specially for you.
14125.0,Occasional Buyers,SPACEBOY GIFT WRAP,General engagement,Explore our latest offers selected specially for you.
14126.0,Occasional Buyers,TRADITIONAL MODELLING CLAY,General engagement,Explore our latest offers selected specially for you.
14127.0,Occasional Buyers,HANGING HEART MIRROR DECORATION ,General engagement,Explore our latest offers selected specially for you.
14128.0,Occasional Buyers,BLUE POLKADOT WRAP,General engagement,Explore our latest offers selected specially for you.
14129.0,Occasional Buyers,MINI PAINT SET VINTAGE ,General engagement,Explore our latest offers selected specially for you.
14130.0,Inactive Customers,POLKADOT PEN,General engagement,Explore our latest offers selected specially for you.
14132.0,Occasional Buyers,MINI PAINT SET VINTAGE ,General engagement,Explore our latest offers selected specially for you.
14133.0,Occasional Buyers,POPCORN HOLDER,General engagement,Explore our latest offers selected specially for you.
14135.0,Loyal Customers,NAMASTE SWAGAT INCENSE,Increase repeat purchases,We appreciate your loyalty! Get a special offer on NAMASTE SWAGAT INCENSE and continue enjoying your favorite picks.
14138.0,Occasional Buyers,HAND WARMER SCOTTY DOG DESIGN,General engagement,Explore our latest offers selected specially for you.
14139.0,Occasional Buyers,HANGING JAM JAR T-LIGHT HOLDERS,General engagement,Explore our latest offers selected specially for you.
14140.0,Occasional Buyers,MINI JIGSAW DOLLY GIRL,General engagement,Explore our latest offers selected specially for you.
14141.0,Occasional Buyers,PLEASE ONE PERSON METAL SIGN,General engagement,Explore our latest offers selected specially for you.
14142.0,Inactive Customers,BROCADE RING PURSE ,General engagement,Explore our latest offers selected specially for you.
14143.0,Occasional Buyers,CLOTHES PEGS RETROSPOT PACK 24 ,General engagement,Explore our latest offers selected specially for you.
14145.0,Occasional Buyers,EDWARDIAN PARASOL BLACK,General engagement,Explore our latest offers selected specially for you.
14146.0,Occasional Buyers,SPACEBOY GIFT WRAP,General engagement,Explore our latest offers selected specially for you.
14147.0,Occasional Buyers,VINTAGE UNION JACK BUNTING,General engagement,Explore our latest offers selected specially for you.
14148.0,Inactive Customers,REGENCY CAKESTAND 3 TIER,General engagement,Explore our latest offers selected specially for you.
14149.0,Inactive Customers,SET OF 4 BLACK LOVEBIRD COASTERS,General engagement,Explore our latest offers selected specially for you.
14150.0,Occasional Buyers,ASSORTED COLOUR BIRD ORNAMENT,General engagement,Explore our latest offers selected specially for you.
14152.0,Occasional Buyers,MULTICOLOUR SPRING FLOWER MUG,General engagement,Explore our latest offers selected specially for you.
14154.0,Inactive Customers,WRAP ALPHABET DESIGN,General engagement,Explore our latest offers selected specially for you.
14155.0,Inactive Customers,RED PAPER PARASOL,General engagement,Explore our latest offers selected specially for you.
14156.0,Champions,ASSORTED INCENSE PACK,General engagement,Explore our latest offers selected specially for you.
14157.0,Occasional Buyers,ANGEL DECORATION 3 BUTTONS ,General engagement,Explore our latest offers selected specially for you.
14158.0,Occasional Buyers,CHRISTMAS TREE PAINTED ZINC ,General engagement,Explore our latest offers selected specially for you.
14159.0,Occasional Buyers,PENS ASSORTED FUNNY FACE,General engagement,Explore our latest offers selected specially for you.
14161.0,Inactive Customers,GRAND CHOCOLATECANDLE,General engagement,Explore our latest offers selected specially for you.
14162.0,Inactive Customers,POLKADOT PEN,General engagement,Explore our latest offers selected specially for you.
14163.0,Occasional Buyers,DOUGHNUT LIP GLOSS ,General engagement,Explore our latest offers selected specially for you.
14164.0,Occasional Buyers,JUMBO BAG VINTAGE CHRISTMAS ,General engagement,Explore our latest offers selected specially for you.
14165.0,Inactive Customers,BAG 125g SWIRLY MARBLES,General engagement,Explore our latest offers selected specially for you.
14167.0,Occasional Buyers,SET/3 VANILLA SCENTED CANDLE IN BOX,General engagement,Explore our latest offers selected specially for you.
14171.0,Occasional Buyers,"FEATHER PEN,COAL BLACK",General engagement,Explore our latest offers selected specially for you.
14173.0,Occasional Buyers,SET 6 PAPER TABLE LANTERN STARS ,General engagement,Explore our latest offers selected specially for you.
14174.0,Occasional Buyers,COLOUR GLASS T-LIGHT HOLDER HANGING,General engagement,Explore our latest offers selected specially for you.
14175.0,Occasional Buyers,WRAP ENGLISH ROSE ,General engagement,Explore our latest offers selected specially for you.
14176.0,Inactive Customers,CANDLEHOLDER PINK HANGING HEART,General engagement,Explore our latest offers selected specially for you.
14177.0,Occasional Buyers,PENS ASSORTED FUNNY FACE,General engagement,Explore our latest offers selected specially for you.
14178.0,Occasional Buyers,HEART DECORATION RUSTIC HANGING ,General engagement,Explore our latest offers selected specially for you.
14179.0,Occasional Buyers,DRAWER KNOB CERAMIC IVORY,General engagement,Explore our latest offers selected specially for you.
14180.0,Loyal Customers,RED RETROSPOT TEA CUP AND SAUCER ,Increase repeat purchases,We appreciate your loyalty! Get a special offer on RED RETROSPOT TEA CUP AND SAUCER  and continue enjoying your favorite picks.
14184.0,Occasional Buyers,CLASSIC CAFE SUGAR DISPENSER,General engagement,Explore our latest offers selected specially for you.
14185.0,Inactive Customers,MIRRORED WALL ART PHOTO FRAMES,General engagement,Explore our latest offers selected specially for you.
14188.0,Occasional Buyers,JUMBO BAG RED RETROSPOT,General engagement,Explore our latest offers selected specially for you.
14189.0,Loyal Customers,TEATIME GEL PENS ASST,Increase repeat purchases,We appreciate your loyalty! Get a special offer on TEATIME GEL PENS ASST and continue enjoying your favorite picks.
14191.0,Occasional Buyers,JUMBO BAG ALPHABET,General engagement,Explore our latest offers selected specially for you.
14193.0,Occasional Buyers,FELTCRAFT 6 FLOWER FRIENDS,General engagement,Explore our latest offers selected specially for you.
14194.0,Loyal Customers,60 TEATIME FAIRY CAKE CASES,Increase repeat purchases,We appreciate your loyalty! Get a special offer on 60 TEATIME FAIRY CAKE CASES and continue enjoying your favorite picks.
14195.0,Inactive Customers,METAL TUBE CHIME ON BAMBOO,General engagement,Explore our latest offers selected specially for you.
14196.0,Occasional Buyers,WHITE HANGING HEART T-LIGHT HOLDER,General engagement,Explore our latest offers selected specially for you.
14198.0,Occasional Buyers,FUNKY DIVA PEN,General engagement,Explore our latest offers selected specially for you.
14199.0,Inactive Customers,REGENCY CAKESTAND 3 TIER,General engagement,Explore our latest offers selected specially for you.
14201.0,Occasional Buyers,ASSORTED COLOUR BIRD ORNAMENT,General engagement,Explore our latest offers selected specially for you.
14204.0,Occasional Buyers,MAGIC DRAWING SLATE BAKE A CAKE ,General engagement,Explore our latest offers selected specially for you.
14205.0,Occasional Buyers,PACK OF 60 PINK PAISLEY CAKE CASES,General engagement,Explore our latest offers selected specially for you.
14206.0,Inactive Customers,ICE CREAM SUNDAE LIP GLOSS,General engagement,Explore our latest offers selected specially for you.
14208.0,Occasional Buyers,RED RETROSPOT WRAP ,General engagement,Explore our latest offers selected specially for you.
14209.0,Occasional Buyers,WHITE HANGING HEART T-LIGHT HOLDER,General engagement,Explore our latest offers selected specially for you.
14210.0,Occasional Buyers,"METAL SIGN,CUPCAKE SINGLE HOOK",General engagement,Explore our latest offers selected specially for you.
14211.0,Occasional Buyers,AGED GLASS SILVER T-LIGHT HOLDER,General engagement,Explore our latest offers selected specially for you.
14212.0,Occasional Buyers,RED RETROSPOT CHARLOTTE BAG,General engagement,Explore our latest offers selected specially for you.
14214.0,Occasional Buyers,HANGING JAM JAR T-LIGHT HOLDER,General engagement,Explore our latest offers selected specially for you.
14215.0,Occasional Buyers,STAR DECORATION PAINTED ZINC ,General engagement,Explore our latest offers selected specially for you.
14216.0,Occasional Buyers,WOOD 2 DRAWER CABINET WHITE FINISH,General engagement,Explore our latest offers selected specially for you.
14217.0,Loyal Customers,COLOUR GLASS T-LIGHT HOLDER HANGING,Increase repeat purchases,We appreciate your loyalty! Get a special offer on COLOUR GLASS T-LIGHT HOLDER HANGING and continue enjoying your favorite picks.
14218.0,Occasional Buyers,BLUE CHARLIE+LOLA PERSONAL DOORSIGN,General engagement,Explore our latest offers selected specially for you.
14219.0,Occasional Buyers,CHRISTMAS RETROSPOT STAR WOOD,General engagement,Explore our latest offers selected specially for you.
14220.0,Inactive Customers,HOT BATHS METAL SIGN,General engagement,Explore our latest offers selected specially for you.
14221.0,Occasional Buyers,DECORATIVE WICKER HEART SMALL,General engagement,Explore our latest offers selected specially for you.
14222.0,Inactive Customers,FUNKY DIVA PEN,General engagement,Explore our latest offers selected specially for you.
14223.0,Occasional Buyers,PACK OF 60 PINK PAISLEY CAKE CASES,General engagement,Explore our latest offers selected specially for you.
14224.0,Occasional Buyers,REGENCY CAKE FORK,General engagement,Explore our latest offers selected specially for you.
14226.0,Occasional Buyers,ASSORTED COLOUR BIRD ORNAMENT,General engagement,Explore our latest offers selected specially for you.
14227.0,Occasional Buyers,BUBBLEGUM RING ASSORTED,General engagement,Explore our latest offers selected specially for you.
14229.0,Occasional Buyers,ASSORTED COLOUR BIRD ORNAMENT,General engagement,Explore our latest offers selected specially for you.
14231.0,Inactive Customers,JUMBO BAG RED RETROSPOT,General engagement,Explore our latest offers selected specially for you.
14232.0,Occasional Buyers,"ASSORTED FLOWER COLOUR ""LEIS""",General engagement,Explore our latest offers selected specially for you.
14233.0,Occasional Buyers,ASSORTED COLOUR BIRD ORNAMENT,General engagement,Explore our latest offers selected specially for you.
14234.0,Occasional Buyers,POPART WOODEN PENCILS ASST,General engagement,Explore our latest offers selected specially for you.
14235.0,Occasional Buyers,HEART OF WICKER SMALL,General engagement,Explore our latest offers selected specially for you.
14236.0,Occasional Buyers,FRENCH STYLE STORAGE JAR BONBONS,General engagement,Explore our latest offers selected specially for you.
14237.0,Inactive Customers,SET/12 TAPER CANDLES,General engagement,Explore our latest offers selected specially for you.
14238.0,Inactive Customers,COLOUR GLASS T-LIGHT HOLDER HANGING,General engagement,Explore our latest offers selected specially for you.
14239.0,Occasional Buyers,60 TEATIME FAIRY CAKE CASES,General engagement,Explore our latest offers selected specially for you.
14240.0,Occasional Buyers,SET OF 3 HEART COOKIE CUTTERS,General engagement,Explore our latest offers selected specially for you.
14241.0,Inactive Customers,72 SWEETHEART FAIRY CAKE CASES,General engagement,Explore our latest offers selected specially for you.
14242.0,Inactive Customers,FINE WICKER HEART ,General engagement,Explore our latest offers selected specially for you.
14243.0,Occasional Buyers,HANGING METAL HEART LANTERN,General engagement,Explore our latest offers selected specially for you.
14245.0,Inactive Customers,12 PENCILS SMALL TUBE RED RETROSPOT,General engagement,Explore our latest offers selected specially for you.
14246.0,Occasional Buyers,BUBBLEGUM RING ASSORTED,General engagement,Explore our latest offers selected specially for you.
14247.0,Inactive Customers,VICTORIAN  METAL POSTCARD SPRING,General engagement,Explore our latest offers selected specially for you.
14248.0,Inactive Customers,BOX OF VINTAGE ALPHABET BLOCKS,General engagement,Explore our latest offers selected specially for you.
14250.0,Occasional Buyers,WORLD WAR 2 GLIDERS ASSTD DESIGNS,General engagement,Explore our latest offers selected specially for you.
14251.0,Occasional Buyers,GRAND CHOCOLATECANDLE,General engagement,Explore our latest offers selected specially for you.
14256.0,Inactive Customers,PACK OF 60 DINOSAUR CAKE CASES,General engagement,Explore our latest offers selected specially for you.
14257.0,Occasional Buyers,ICE CREAM SUNDAE LIP GLOSS,General engagement,Explore our latest offers selected specially for you.
14258.0,Occasional Buyers,"ASSORTED FLOWER COLOUR ""LEIS""",General engagement,Explore our latest offers selected specially for you.
14259.0,Occasional Buyers,6 RIBBONS RUSTIC CHARM,General engagement,Explore our latest offers selected specially for you.
14261.0,Occasional Buyers,ASSORTED COLOUR BIRD ORNAMENT,General engagement,Explore our latest offers selected specially for you.
14262.0,Occasional Buyers,RED TOADSTOOL LED NIGHT LIGHT,General engagement,Explore our latest offers selected specially for you.
14264.0,Inactive Customers,HEART OF WICKER LARGE,General engagement,Explore our latest offers selected specially for you.
14265.0,Occasional Buyers,BLUE POLKADOT WRAP,General engagement,Explore our latest offers selected specially for you.
14267.0,Inactive Customers,JAM MAKING SET PRINTED,General engagement,Explore our latest offers selected specially for you.
14270.0,Inactive Customers,60 TEATIME FAIRY CAKE CASES,General engagement,Explore our latest offers selected specially for you.
14271.0,Inactive Customers,"DECOUPAGE,GREETING CARD,",General engagement,Explore our latest offers selected specially for you.
14272.0,Occasional Buyers,WRAP BAD HAIR DAY,General engagement,Explore our latest offers selected specially for you.
14273.0,Occasional Buyers,JUMBO BAG RED RETROSPOT,General engagement,Explore our latest offers selected specially for you.
14276.0,Occasional Buyers,PACK OF 60 DINOSAUR CAKE CASES,General engagement,Explore our latest offers selected specially for you.
14277.0,Occasional Buyers,FRIDGE MAGNETS LA VIE EN ROSE,General engagement,Explore our latest offers selected specially for you.
14280.0,Inactive Customers,CLOTHES PEGS RETROSPOT PACK 24 ,General engagement,Explore our latest offers selected specially for you.
14282.0,Loyal Customers,JUMBO  BAG BAROQUE BLACK WHITE,Increase repeat purchases,We appreciate your loyalty! Get a special offer on JUMBO  BAG BAROQUE BLACK WHITE and continue enjoying your favorite picks.
14284.0,Occasional Buyers,CERAMIC CHERRY CAKE MONEY BANK,General engagement,Explore our latest offers selected specially for you.
14285.0,Occasional Buyers,PAPER CHAIN KIT VINTAGE CHRISTMAS,General engagement,Explore our latest offers selected specially for you.
14286.0,Occasional Buyers,LIPSTICK PEN BABY PINK,General engagement,Explore our latest offers selected specially for you.
14287.0,Occasional Buyers,TEATIME GEL PENS ASST,General engagement,Explore our latest offers selected specially for you.
14288.0,Inactive Customers,PANTRY SCRUBBING BRUSH,General engagement,Explore our latest offers selected specially for you.
14289.0,Occasional Buyers,GROW A FLYTRAP OR SUNFLOWER IN TIN,General engagement,Explore our latest offers selected specially for you.
14290.0,Occasional Buyers,WRAP  VINTAGE DOILY ,General engagement,Explore our latest offers selected specially for you.
14291.0,Occasional Buyers,MINI PAINT SET VINTAGE ,General engagement,Explore our latest offers selected specially for you.
14292.0,Occasional Buyers,POPCORN HOLDER,General engagement,Explore our latest offers selected specially for you.
14293.0,Occasional Buyers,SKULLS AND CROSSBONES WRAP,General engagement,Explore our latest offers selected specially for you.
14295.0,Occasional Buyers,HAND WARMER OWL DESIGN,General engagement,Explore our latest offers selected specially for you.
14297.0,Occasional Buyers,SET OF 3 WOODEN HEART DECORATIONS,General engagement,Explore our latest offers selected specially for you.
14298.0,Loyal Customers,LOVE HEART POCKET WARMER,Increase repeat purchases,We appreciate your loyalty! Get a special offer on LOVE HEART POCKET WARMER and continue enjoying your favorite picks.
14299.0,Occasional Buyers,ANGEL DECORATION STARS ON DRESS,General engagement,Explore our latest offers selected specially for you.
14300.0,Occasional Buyers,ZINC WILLIE WINKIE  CANDLE STICK,General engagement,Explore our latest offers selected specially for you.
14301.0,Occasional Buyers,BUBBLEGUM RING ASSORTED,General engagement,Explore our latest offers selected specially for you.
14304.0,Inactive Customers,GROW A FLYTRAP OR SUNFLOWER IN TIN,General engagement,Explore our latest offers selected specially for you.
14305.0,Occasional Buyers,HANGING HEART JAR T-LIGHT HOLDER,General engagement,Explore our latest offers selected specially for you.
14306.0,Occasional Buyers,WRAP WEDDING DAY,General engagement,Explore our latest offers selected specially for you.
14307.0,Occasional Buyers,WORLD WAR 2 GLIDERS ASSTD DESIGNS,General engagement,Explore our latest offers selected specially for you.
14309.0,Occasional Buyers,MULTI COLOUR SILVER T-LIGHT HOLDER,General engagement,Explore our latest offers selected specially for you.
14311.0,Inactive Customers,GLASS CHALICE BLUE SMALL ,General engagement,Explore our latest offers selected specially for you.
14312.0,Occasional Buyers,STAR DECORATION PAINTED ZINC ,General engagement,Explore our latest offers selected specially for you.
14314.0,Occasional Buyers,CARTOON  PENCIL SHARPENERS,General engagement,Explore our latest offers selected specially for you.
14315.0,Occasional Buyers,ICE CREAM SUNDAE LIP GLOSS,General engagement,Explore our latest offers selected specially for you.
14317.0,Occasional Buyers,60 CAKE CASES VINTAGE CHRISTMAS,General engagement,Explore our latest offers selected specially for you.
14320.0,Inactive Customers,GIN & TONIC DIET GREETING CARD ,General engagement,Explore our latest offers selected specially for you.
14321.0,Occasional Buyers,POPART WOODEN PENCILS ASST,General engagement,Explore our latest offers selected specially for you.
14323.0,Occasional Buyers,60 TEATIME FAIRY CAKE CASES,General engagement,Explore our latest offers selected specially for you.
14326.0,Inactive Customers,ICE CREAM SUNDAE LIP GLOSS,General engagement,Explore our latest offers selected specially for you.
14327.0,Inactive Customers,HEART OF WICKER SMALL,General engagement,Explore our latest offers selected specially for you.
14329.0,Occasional Buyers,GIRLS ALPHABET IRON ON PATCHES ,General engagement,Explore our latest offers selected specially for you.
14331.0,Occasional Buyers,PACK OF 12 TRADITIONAL CRAYONS,General engagement,Explore our latest offers selected specially for you.
14332.0,Occasional Buyers,ROTATING SILVER ANGELS T-LIGHT HLDR,General engagement,Explore our latest offers selected specially for you.
14333.0,Occasional Buyers,CHRISTMAS LIGHTS 10 REINDEER,General engagement,Explore our latest offers selected specially for you.
14334.0,Occasional Buyers,MULTI COLOUR SILVER T-LIGHT HOLDER,General engagement,Explore our latest offers selected specially for you.
14335.0,Occasional Buyers,MINI CAKE STAND T-LIGHT HOLDER,General engagement,Explore our latest offers selected specially for you.
14336.0,Occasional Buyers,BLUE FLOCK GLASS CANDLEHOLDER,General engagement,Explore our latest offers selected specially for you.
14338.0,Inactive Customers,WORLD WAR 2 GLIDERS ASSTD DESIGNS,General engagement,Explore our latest offers selected specially for you.
14339.0,Inactive Customers,ICE CREAM SUNDAE LIP GLOSS,General engagement,Explore our latest offers selected specially for you.
14340.0,Inactive Customers,HEART IVORY TRELLIS LARGE,General engagement,Explore our latest offers selected specially for you.
14341.0,Occasional Buyers,SMALL BONNE JAM JAR  T-LIGHT HOLDER,General engagement,Explore our latest offers selected specially for you.
14342.0,Occasional Buyers,ASSORTED COLOUR BIRD ORNAMENT,General engagement,Explore our latest offers selected specially for you.
14344.0,Occasional Buyers,SMALL HEART FLOWERS HOOK ,General engagement,Explore our latest offers selected specially for you.
14345.0,Occasional Buyers,MULTICOLOUR HONEYCOMB PAPER GARLAND,General engagement,Explore our latest offers selected specially for you.
14346.0,Occasional Buyers,BUBBLEGUM RING ASSORTED,General engagement,Explore our latest offers selected specially for you.
14348.0,Inactive Customers,MULTI COLOUR SILVER T-LIGHT HOLDER,General engagement,Explore our latest offers selected specially for you.
14349.0,Occasional Buyers,ICON MUG REVOLUTIONARY,General engagement,Explore our latest offers selected specially for you.
14350.0,Inactive Customers,PACK OF 12 BLUE PAISLEY TISSUES ,General engagement,Explore our latest offers selected specially for you.
14351.0,Inactive Customers,LANTERN CREAM GAZEBO ,General engagement,Explore our latest offers selected specially for you.
14352.0,Inactive Customers,MINI PAINT SET VINTAGE ,General engagement,Explore our latest offers selected specially for you.
14353.0,Inactive Customers,FINE WICKER HEART ,General engagement,Explore our latest offers selected specially for you.
14354.0,Occasional Buyers,T-LIGHT HOLDER HANGING LACE,General engagement,Explore our latest offers selected specially for you.
14355.0,Inactive Customers,COLOUR GLASS T-LIGHT HOLDER HANGING,General engagement,Explore our latest offers selected specially for you.
14356.0,Occasional Buyers,MAGIC DRAWING SLATE PURDEY,General engagement,Explore our latest offers selected specially for you.
14357.0,Occasional Buyers,HEART STRING MEMO HOLDER HANGING,General engagement,Explore our latest offers selected specially for you.
14359.0,Occasional Buyers,6 RIBBONS RUSTIC CHARM,General engagement,Explore our latest offers selected specially for you.
14360.0,Occasional Buyers,EMPIRE GIFT WRAP,General engagement,Explore our latest offers selected specially for you.
14362.0,Occasional Buyers,PACK OF 12 SPACEBOY TISSUES,General engagement,Explore our latest offers selected specially for you.
14364.0,Occasional Buyers,POCKET BAG BLUE PAISLEY RED SPOT,General engagement,Explore our latest offers selected specially for you.
14367.0,Loyal Customers,PAPER CHAIN KIT 50'S CHRISTMAS ,Increase repeat purchases,We appreciate your loyalty! Get a special offer on PAPER CHAIN KIT 50'S CHRISTMAS  and continue enjoying your favorite picks.
14368.0,Inactive Customers,PAINT YOUR OWN CANVAS SET,General engagement,Explore our latest offers selected specially for you.
14371.0,Inactive Customers,GRAND CHOCOLATECANDLE,General engagement,Explore our latest offers selected specially for you.
14373.0,Inactive Customers,CHRISTMAS GINGHAM HEART,General engagement,Explore our latest offers selected specially for you.
14375.0,Inactive Customers,DOUGHNUT LIP GLOSS ,General engagement,Explore our latest offers selected specially for you.
14377.0,Inactive Customers,T-LIGHT GLASS FLUTED ANTIQUE,General engagement,Explore our latest offers selected specially for you.
14379.0,Occasional Buyers,CARD BILLBOARD FONT,General engagement,Explore our latest offers selected specially for you.
14381.0,Occasional Buyers,KEY RING BASEBALL BOOT ASSORTED ,General engagement,Explore our latest offers selected specially for you.
14382.0,Occasional Buyers,POPART WOODEN PENCILS ASST,General engagement,Explore our latest offers selected specially for you.
14383.0,Occasional Buyers,POPART WOODEN PENCILS ASST,General engagement,Explore our latest offers selected specially for you.
14385.0,Occasional Buyers,BLUE CHARLIE+LOLA PERSONAL DOORSIGN,General engagement,Explore our latest offers selected specially for you.
14386.0,Inactive Customers,JAM MAKING SET PRINTED,General engagement,Explore our latest offers selected specially for you.
14387.0,Occasional Buyers,RABBIT NIGHT LIGHT,General engagement,Explore our latest offers selected specially for you.
14388.0,Occasional Buyers,JUMBO BAG RED RETROSPOT,General engagement,Explore our latest offers selected specially for you.
14389.0,Occasional Buyers,CHARLOTTE BAG APPLES DESIGN,General engagement,Explore our latest offers selected specially for you.
14390.0,Occasional Buyers,SET 6 PAPER TABLE LANTERN STARS ,General engagement,Explore our latest offers selected specially for you.
14393.0,Inactive Customers,PAPER LANTERN 6 POINT SNOW STAR,General engagement,Explore our latest offers selected specially for you.
14395.0,Occasional Buyers,YOU'RE CONFUSING ME METAL SIGN ,General engagement,Explore our latest offers selected specially for you.
14396.0,Occasional Buyers,DRAWER KNOB VINTAGE GLASS BALL,General engagement,Explore our latest offers selected specially for you.
14397.0,Loyal Customers,VICTORIAN GLASS HANGING T-LIGHT,Increase repeat purchases,We appreciate your loyalty! Get a special offer on VICTORIAN GLASS HANGING T-LIGHT and continue enjoying your favorite picks.
14400.0,Inactive Customers,VINTAGE RED ENAMEL TRIM MUG ,General engagement,Explore our latest offers selected specially for you.
14401.0,Occasional Buyers,DECORATION SITTING BUNNY,General engagement,Explore our latest offers selected specially for you.
14403.0,Occasional Buyers,NATURAL SLATE HEART CHALKBOARD ,General engagement,Explore our latest offers selected specially for you.
14404.0,Occasional Buyers,PIECE OF CAMO STATIONERY SET,General engagement,Explore our latest offers selected specially for you.
14406.0,Occasional Buyers,PARTY CONE CHRISTMAS DECORATION ,General engagement,Explore our latest offers selected specially for you.
14407.0,Occasional Buyers,ASSORTED TUTTI FRUTTI PEN,General engagement,Explore our latest offers selected specially for you.
14408.0,Occasional Buyers,COOK WITH WINE METAL SIGN ,General engagement,Explore our latest offers selected specially for you.
14409.0,Occasional Buyers,HAND WARMER BABUSHKA DESIGN,General engagement,Explore our latest offers selected specially for you.
14410.0,Occasional Buyers,SET OF 60 I LOVE LONDON CAKE CASES ,General engagement,Explore our latest offers selected specially for you.
14411.0,Inactive Customers,SET OF 20 KIDS COOKIE CUTTERS,General engagement,Explore our latest offers selected specially for you.
14412.0,Occasional Buyers,POPART WOODEN PENCILS ASST,General engagement,Explore our latest offers selected specially for you.
14413.0,Inactive Customers,HAIRCLIPS FORTIES FABRIC ASSORTED,General engagement,Explore our latest offers selected specially for you.
14414.0,Occasional Buyers,12 PENCILS TALL TUBE POSY,General engagement,Explore our latest offers selected specially for you.
14415.0,Occasional Buyers,PLACE SETTING WHITE HEART,General engagement,Explore our latest offers selected specially for you.
14416.0,Occasional Buyers,RABBIT NIGHT LIGHT,General engagement,Explore our latest offers selected specially for you.
14418.0,Occasional Buyers,BLUE PUDDING SPOON,General engagement,Explore our latest offers selected specially for you.
14419.0,Occasional Buyers,ICE CREAM PEN LIP GLOSS ,General engagement,Explore our latest offers selected specially for you.
14420.0,Occasional Buyers,MINI JIGSAW BAKE A CAKE ,General engagement,Explore our latest offers selected specially for you.
14421.0,Occasional Buyers,SPOTTY BUNTING,General engagement,Explore our latest offers selected specially for you.
14422.0,Occasional Buyers,ANGEL DECORATION 3 BUTTONS ,General engagement,Explore our latest offers selected specially for you.
14423.0,Inactive Customers,WHITE HANGING HEART T-LIGHT HOLDER,General engagement,Explore our latest offers selected specially for you.
14424.0,Occasional Buyers,SET 6 SCHOOL MILK BOTTLES IN CRATE,General engagement,Explore our latest offers selected specially for you.
14426.0,Occasional Buyers,ANTIQUE SILVER T-LIGHT GLASS,General engagement,Explore our latest offers selected specially for you.
14427.0,Occasional Buyers,ANTIQUE SILVER T-LIGHT GLASS,General engagement,Explore our latest offers selected specially for you.
14428.0,Occasional Buyers,HANGING HEART JAR T-LIGHT HOLDER,General engagement,Explore our latest offers selected specially for you.
14431.0,Inactive Customers,AREA PATROLLED METAL SIGN,General engagement,Explore our latest offers selected specially for you.
14432.0,Occasional Buyers,BLUE STONES ON WIRE FOR CANDLE,General engagement,Explore our latest offers selected specially for you.
14434.0,Occasional Buyers,GARDENERS KNEELING PAD KEEP CALM ,General engagement,Explore our latest offers selected specially for you.
14436.0,Occasional Buyers,FLOWERS TILE COASTER,General engagement,Explore our latest offers selected specially for you.
14437.0,Inactive Customers,ANTIQUE SILVER TEA GLASS ETCHED,General engagement,Explore our latest offers selected specially for you.
14438.0,Inactive Customers,CHARLOTTE BAG PINK POLKADOT,General engagement,Explore our latest offers selected specially for you.
14439.0,Inactive Customers,4 LAVENDER BOTANICAL DINNER CANDLES,General engagement,Explore our latest offers selected specially for you.
14440.0,Occasional Buyers,WOODEN PICTURE FRAME WHITE FINISH,General engagement,Explore our latest offers selected specially for you.
14441.0,Occasional Buyers,PLEASE ONE PERSON METAL SIGN,General engagement,Explore our latest offers selected specially for you.
14442.0,Inactive Customers,PINK POLKADOT WRAP ,General engagement,Explore our latest offers selected specially for you.
14443.0,Occasional Buyers,WORLD WAR 2 GLIDERS ASSTD DESIGNS,General engagement,Explore our latest offers selected specially for you.
14446.0,Occasional Buyers,Manual,General engagement,Explore our latest offers selected specially for you.
14447.0,Occasional Buyers,LUNCH BAG CARS BLUE,General engagement,Explore our latest offers selected specially for you.
14448.0,Occasional Buyers,BLACK/BLUE POLKADOT UMBRELLA,General engagement,Explore our latest offers selected specially for you.
14449.0,Occasional Buyers,STAR DECORATION PAINTED ZINC ,General engagement,Explore our latest offers selected specially for you.
14450.0,Inactive Customers,BOX OF 24 COCKTAIL PARASOLS,General engagement,Explore our latest offers selected specially for you.
14451.0,Occasional Buyers,SMALL DOLLY MIX DESIGN ORANGE BOWL,General engagement,Explore our latest offers selected specially for you.
14452.0,Occasional Buyers,DOILY THANK YOU CARD,General engagement,Explore our latest offers selected specially for you.
14453.0,Inactive Customers,ASSORTED COLOURS SILK FAN,General engagement,Explore our latest offers selected specially for you.
14456.0,Occasional Buyers,POPART WOODEN PENCILS ASST,General engagement,Explore our latest offers selected specially for you.
14457.0,Inactive Customers,PINK CREAM FELT CRAFT TRINKET BOX ,General engagement,Explore our latest offers selected specially for you.
14459.0,Inactive Customers,EMERGENCY FIRST AID TIN ,General engagement,Explore our latest offers selected specially for you.
14460.0,Occasional Buyers,BROCADE RING PURSE ,General engagement,Explore our latest offers selected specially for you.
14461.0,Inactive Customers,ASSORTED COLOUR BIRD ORNAMENT,General engagement,Explore our latest offers selected specially for you.
14462.0,Occasional Buyers,IVORY WICKER HEART SMALL,General engagement,Explore our latest offers selected specially for you.
14463.0,Occasional Buyers,T-LIGHT GLASS FLUTED ANTIQUE,General engagement,Explore our latest offers selected specially for you.
14465.0,Inactive Customers,PARTY BUNTING,General engagement,Explore our latest offers selected specially for you.
14466.0,Occasional Buyers,RETROSPOT CHILDRENS APRON,General engagement,Explore our latest offers selected specially for you.
14467.0,Occasional Buyers,FELTCRAFT CUSHION OWL,General engagement,Explore our latest offers selected specially for you.
14470.0,Occasional Buyers,PENS ASSORTED SPACEBALL,General engagement,Explore our latest offers selected specially for you.
14472.0,Occasional Buyers,ASSORTED COLOUR BIRD ORNAMENT,General engagement,Explore our latest offers selected specially for you.
14473.0,Occasional Buyers,GOLD MUG BONE CHINA TREE OF LIFE,General engagement,Explore our latest offers selected specially for you.
14474.0,Occasional Buyers,HYACINTH BULB T-LIGHT CANDLES,General engagement,Explore our latest offers selected specially for you.
14475.0,Occasional Buyers,BIG DOUGHNUT FRIDGE MAGNETS,General engagement,Explore our latest offers selected specially for you.
14476.0,Inactive Customers,FILIGRIS HEART WITH BUTTERFLY,General engagement,Explore our latest offers selected specially for you.
14477.0,Occasional Buyers,JUMBO  BAG BAROQUE BLACK WHITE,General engagement,Explore our latest offers selected specially for you.
14479.0,Inactive Customers,DOUGHNUT LIP GLOSS ,General engagement,Explore our latest offers selected specially for you.
14480.0,Occasional Buyers,ICE CREAM PEN LIP GLOSS ,General engagement,Explore our latest offers selected specially for you.
14481.0,Inactive Customers,POLKADOT PEN,General engagement,Explore our latest offers selected specially for you.
14482.0,Occasional Buyers,POPCORN HOLDER,General engagement,Explore our latest offers selected specially for you.
14483.0,Inactive Customers,WRAP VINTAGE PETALS  DESIGN,General engagement,Explore our latest offers selected specially for you.
14484.0,Occasional Buyers,ANGEL DECORATION 3 BUTTONS ,General engagement,Explore our latest offers selected specially for you.
14485.0,Occasional Buyers,ANTIQUE SILVER T-LIGHT GLASS,General engagement,Explore our latest offers selected specially for you.
14487.0,Occasional Buyers,ANGEL DECORATION STARS ON DRESS,General engagement,Explore our latest offers selected specially for you.
14488.0,Occasional Buyers,VINTAGE CHRISTMAS GIFT BAG LARGE ,General engagement,Explore our latest offers selected specially for you.
14489.0,Inactive Customers,ASSORTED COLOURS SILK FAN,General engagement,Explore our latest offers selected specially for you.
14491.0,Inactive Customers,PACK 3 BOXES CHRISTMAS PANNETONE,General engagement,Explore our latest offers selected specially for you.
14493.0,Occasional Buyers,MULTI COLOUR SILVER T-LIGHT HOLDER,General engagement,Explore our latest offers selected specially for you.
14494.0,Occasional Buyers,TRADITIONAL MODELLING CLAY,General engagement,Explore our latest offers selected specially for you.
14495.0,Occasional Buyers,LARGE CERAMIC TOP STORAGE JAR,General engagement,Explore our latest offers selected specially for you.
14496.0,Inactive Customers,GREY HEART HOT WATER BOTTLE,General engagement,Explore our latest offers selected specially for you.
14497.0,Inactive Customers,60 TEATIME FAIRY CAKE CASES,General engagement,Explore our latest offers selected specially for you.
14498.0,Occasional Buyers,ANTIQUE SILVER T-LIGHT GLASS,General engagement,Explore our latest offers selected specially for you.
14499.0,Occasional Buyers,ZINC T-LIGHT HOLDER STARS SMALL,General engagement,Explore our latest offers selected specially for you.
14500.0,Occasional Buyers,VICTORIAN GLASS HANGING T-LIGHT,General engagement,Explore our latest offers selected specially for you.
14501.0,Inactive Customers,BUNNY EGG GARLAND,General engagement,Explore our latest offers selected specially for you.
14502.0,Occasional Buyers,MUSICAL ZINC HEART DECORATION ,General engagement,Explore our latest offers selected specially for you.
14503.0,Occasional Buyers,POPCORN HOLDER,General engagement,Explore our latest offers selected specially for you.
14504.0,Occasional Buyers,GINGHAM ROSE WRAP,General engagement,Explore our latest offers selected specially for you.
14505.0,Occasional Buyers,BUBBLEGUM RING ASSORTED,General engagement,Explore our latest offers selected specially for you.
14506.0,Occasional Buyers,SILVER BELLS TABLE DECORATION,General engagement,Explore our latest offers selected specially for you.
14507.0,Occasional Buyers,LOVE HOT WATER BOTTLE,General engagement,Explore our latest offers selected specially for you.
14508.0,Occasional Buyers,WRAP VINTAGE LEAF DESIGN,General engagement,Explore our latest offers selected specially for you.
14511.0,Occasional Buyers,ASSORTED COLOUR BIRD ORNAMENT,General engagement,Explore our latest offers selected specially for you.
14512.0,Inactive Customers,ETCHED GLASS COASTER,General engagement,Explore our latest offers selected specially for you.
14513.0,Occasional Buyers,MULTI COLOUR SILVER T-LIGHT HOLDER,General engagement,Explore our latest offers selected specially for you.
14514.0,Occasional Buyers,HEART FILIGREE DOVE  SMALL,General engagement,Explore our latest offers selected specially for you.
14515.0,Occasional Buyers,COLOUR GLASS T-LIGHT HOLDER HANGING,General engagement,Explore our latest offers selected specially for you.
14517.0,Occasional Buyers,T-LIGHT HOLDER SWEETHEART HANGING,General engagement,Explore our latest offers selected specially for you.
14518.0,Occasional Buyers,CHRISTMAS TREE PAINTED ZINC ,General engagement,Explore our latest offers selected specially for you.
14520.0,Occasional Buyers,JUMBO BAG RED RETROSPOT,General engagement,Explore our latest offers selected specially for you.
14522.0,Occasional Buyers,ZINC FOLKART SLEIGH BELLS,General engagement,Explore our latest offers selected specially for you.
14523.0,Occasional Buyers,AGED GLASS SILVER T-LIGHT HOLDER,General engagement,Explore our latest offers selected specially for you.
14524.0,Occasional Buyers,CHOCOLATE HOT WATER BOTTLE,General engagement,Explore our latest offers selected specially for you.
14525.0,Occasional Buyers,WHITE HANGING HEART T-LIGHT HOLDER,General engagement,Explore our latest offers selected specially for you.
14527.0,Loyal Customers,JUMBO BAG RED RETROSPOT,Increase repeat purchases,We appreciate your loyalty! Get a special offer on JUMBO BAG RED RETROSPOT and continue enjoying your favorite picks.
14528.0,Occasional Buyers,ANTIQUE SILVER T-LIGHT GLASS,General engagement,Explore our latest offers selected specially for you.
14529.0,Occasional Buyers,COFFEE MUG BLUE PAISLEY DESIGN,General engagement,Explore our latest offers selected specially for you.
14530.0,Occasional Buyers,STAR DECORATION RUSTIC,General engagement,Explore our latest offers selected specially for you.
14532.0,Inactive Customers,ANIMAL STICKERS,General engagement,Explore our latest offers selected specially for you.
14533.0,Occasional Buyers,PAPER POCKET TRAVELING FAN ,General engagement,Explore our latest offers selected specially for you.
14534.0,Loyal Customers,POPART WOODEN PENCILS ASST,Increase repeat purchases,We appreciate your loyalty! Get a special offer on POPART WOODEN PENCILS ASST and continue enjoying your favorite picks.
14535.0,Occasional Buyers,POPART WOODEN PENCILS ASST,General engagement,Explore our latest offers selected specially for you.
14536.0,Inactive Customers,ETCHED GLASS COASTER,General engagement,Explore our latest offers selected specially for you.
14537.0,Occasional Buyers,FELTCRAFT BUTTERFLY HEARTS,General engagement,Explore our latest offers selected specially for you.
14538.0,Occasional Buyers,WHITE HANGING HEART T-LIGHT HOLDER,General engagement,Explore our latest offers selected specially for you.
14539.0,Occasional Buyers,ANGEL DECORATION 3 BUTTONS ,General engagement,Explore our latest offers selected specially for you.
14540.0,Occasional Buyers,ROTATING SILVER ANGELS T-LIGHT HLDR,General engagement,Explore our latest offers selected specially for you.
14541.0,Occasional Buyers,POLYESTER FILLER PAD 40x40cm,General engagement,Explore our latest offers selected specially for you.
14542.0,Inactive Customers,ENAMEL FLOWER JUG CREAM,General engagement,Explore our latest offers selected specially for you.
14543.0,Loyal Customers,FRYING PAN UNION FLAG,Increase repeat purchases,We appreciate your loyalty! Get a special offer on FRYING PAN UNION FLAG and continue enjoying your favorite picks.
14544.0,Occasional Buyers,CHRISTMAS RETROSPOT STAR WOOD,General engagement,Explore our latest offers selected specially for you.
14546.0,Occasional Buyers,PLEASE ONE PERSON METAL SIGN,General engagement,Explore our latest offers selected specially for you.
14547.0,Occasional Buyers,CHRISTMAS HANGING STAR WITH BELL,General engagement,Explore our latest offers selected specially for you.
14548.0,Inactive Customers,WHITE HANGING HEART T-LIGHT HOLDER,General engagement,Explore our latest offers selected specially for you.
14549.0,Inactive Customers,BROCADE RING PURSE ,General engagement,Explore our latest offers selected specially for you.
14550.0,Occasional Buyers,PACK OF SIX LED TEA LIGHTS,General engagement,Explore our latest offers selected specially for you.
14551.0,Occasional Buyers,T-LIGHT GLASS FLUTED ANTIQUE,General engagement,Explore our latest offers selected specially for you.
14552.0,Inactive Customers,ASSORTED COLOUR BIRD ORNAMENT,General engagement,Explore our latest offers selected specially for you.
14553.0,Occasional Buyers,STAR DECORATION PAINTED ZINC ,General engagement,Explore our latest offers selected specially for you.
14554.0,Occasional Buyers,POPCORN HOLDER,General engagement,Explore our latest offers selected specially for you.
14555.0,Occasional Buyers,CAMOUFLAGE LED TORCH,General engagement,Explore our latest offers selected specially for you.
14557.0,Occasional Buyers,BOX OF 6 MINI 50'S CRACKERS,General engagement,Explore our latest offers selected specially for you.
14560.0,Loyal Customers,PACK OF 72 SKULL CAKE CASES,Increase repeat purchases,We appreciate your loyalty! Get a special offer on PACK OF 72 SKULL CAKE CASES and continue enjoying your favorite picks.
14561.0,Occasional Buyers,MUSICAL ZINC HEART DECORATION ,General engagement,Explore our latest offers selected specially for you.
14562.0,Loyal Customers,RECIPE BOX RETROSPOT ,Increase repeat purchases,We appreciate your loyalty! Get a special offer on RECIPE BOX RETROSPOT  and continue enjoying your favorite picks.
14565.0,Occasional Buyers,ASSTD MULTICOLOUR CIRCLES MUG,General engagement,Explore our latest offers selected specially for you.
14566.0,Occasional Buyers,JUMBO  BAG BAROQUE BLACK WHITE,General engagement,Explore our latest offers selected specially for you.
14567.0,Occasional Buyers,SMALL RED RETROSPOT MUG IN BOX ,General engagement,Explore our latest offers selected specially for you.
14569.0,Occasional Buyers,ANTIQUE GLASS DRESSING TABLE POT,General engagement,Explore our latest offers selected specially for you.
14570.0,Inactive Customers,EDWARDIAN PARASOL NATURAL,General engagement,Explore our latest offers selected specially for you.
14572.0,Occasional Buyers,BUBBLEGUM RING ASSORTED,General engagement,Explore our latest offers selected specially for you.
14573.0,Inactive Customers,WORLD WAR 2 GLIDERS ASSTD DESIGNS,General engagement,Explore our latest offers selected specially for you.
14576.0,Inactive Customers,"SWISS ROLL TOWEL, CHOCOLATE  SPOTS",General engagement,Explore our latest offers selected specially for you.
14577.0,Occasional Buyers,STRAWBERRY BATH SPONGE ,General engagement,Explore our latest offers selected specially for you.
14578.0,Occasional Buyers,BROCADE RING PURSE ,General engagement,Explore our latest offers selected specially for you.
14581.0,Occasional Buyers,WORLD WAR 2 GLIDERS ASSTD DESIGNS,General engagement,Explore our latest offers selected specially for you.
14582.0,Occasional Buyers,BATHROOM METAL SIGN,General engagement,Explore our latest offers selected specially for you.
14583.0,Occasional Buyers,POPCORN HOLDER,General engagement,Explore our latest offers selected specially for you.
14584.0,Inactive Customers,HEN HOUSE DECORATION,General engagement,Explore our latest offers selected specially for you.
14585.0,Occasional Buyers,PACK OF 12 50'S CHRISTMAS TISSUES,General engagement,Explore our latest offers selected specially for you.
14586.0,Inactive Customers,WORLD WAR 2 GLIDERS ASSTD DESIGNS,General engagement,Explore our latest offers selected specially for you.
14587.0,Occasional Buyers,DINOSAUR KEYRINGS ASSORTED,General engagement,Explore our latest offers selected specially for you.
14589.0,Inactive Customers,DOORMAT FANCY FONT HOME SWEET HOME,General engagement,Explore our latest offers selected specially for you.
14591.0,Occasional Buyers,PENS ASSORTED FUNKY JEWELED ,General engagement,Explore our latest offers selected specially for you.
14592.0,Occasional Buyers,WRAP CHRISTMAS VILLAGE,General engagement,Explore our latest offers selected specially for you.
14593.0,Occasional Buyers,DISCO BALL CHRISTMAS DECORATION,General engagement,Explore our latest offers selected specially for you.
14594.0,Occasional Buyers,T-LIGHT GLASS FLUTED ANTIQUE,General engagement,Explore our latest offers selected specially for you.
14595.0,Occasional Buyers,POPCORN HOLDER,General engagement,Explore our latest offers selected specially for you.
14597.0,Occasional Buyers,CERAMIC STRAWBERRY CAKE MONEY BANK,General engagement,Explore our latest offers selected specially for you.
14598.0,Occasional Buyers,WRAP 50'S  CHRISTMAS,General engagement,Explore our latest offers selected specially for you.
14600.0,Inactive Customers,ASSORTED BOTTLE TOP  MAGNETS ,General engagement,Explore our latest offers selected specially for you.
14601.0,Occasional Buyers,GRAND CHOCOLATECANDLE,General engagement,Explore our latest offers selected specially for you.
14603.0,Inactive Customers,ASSORTED COLOURS SILK FAN,General engagement,Explore our latest offers selected specially for you.
14606.0,Loyal Customers,VICTORIAN GLASS HANGING T-LIGHT,Increase repeat purchases,We appreciate your loyalty! Get a special offer on VICTORIAN GLASS HANGING T-LIGHT and continue enjoying your favorite picks.
14607.0,Loyal Customers,MIRROR MOSAIC T-LIGHT HOLDER ,Increase repeat purchases,We appreciate your loyalty! Get a special offer on MIRROR MOSAIC T-LIGHT HOLDER  and continue enjoying your favorite picks.
14608.0,Occasional Buyers,CHOCOLATE HOT WATER BOTTLE,General engagement,Explore our latest offers selected specially for you.
14609.0,Occasional Buyers,ESSENTIAL BALM 3.5g TIN IN ENVELOPE,General engagement,Explore our latest offers selected specially for you.
14616.0,Inactive Customers,PICNIC BASKET WICKER SMALL,General engagement,Explore our latest offers selected specially for you.
14618.0,Occasional Buyers,T-LIGHT GLASS FLUTED ANTIQUE,General engagement,Explore our latest offers selected specially for you.
14619.0,Inactive Customers,GROW A FLYTRAP OR SUNFLOWER IN TIN,General engagement,Explore our latest offers selected specially for you.
14620.0,Inactive Customers,DAIRY MAID STRIPE MUG,General engagement,Explore our latest offers selected specially for you.
14621.0,Occasional Buyers,FUNKY DIVA PEN,General engagement,Explore our latest offers selected specially for you.
14622.0,Inactive Customers,SET 12 KIDS  WHITE CHALK STICKS,General engagement,Explore our latest offers selected specially for you.
14623.0,Occasional Buyers,GROW A FLYTRAP OR SUNFLOWER IN TIN,General engagement,Explore our latest offers selected specially for you.
14624.0,Occasional Buyers,FANCY FONTS BIRTHDAY WRAP,General engagement,Explore our latest offers selected specially for you.
14625.0,Inactive Customers,72 SWEETHEART FAIRY CAKE CASES,General engagement,Explore our latest offers selected specially for you.
14626.0,Occasional Buyers,GRAND CHOCOLATECANDLE,General engagement,Explore our latest offers selected specially for you.
14628.0,Occasional Buyers,WHITE HANGING HEART T-LIGHT HOLDER,General engagement,Explore our latest offers selected specially for you.
14629.0,Occasional Buyers,WRAP 50'S  CHRISTMAS,General engagement,Explore our latest offers selected specially for you.
14631.0,Occasional Buyers,POPPY'S PLAYHOUSE BEDROOM ,General engagement,Explore our latest offers selected specially for you.
14632.0,Inactive Customers,BLUE POLKADOT BEAKER ,General engagement,Explore our latest offers selected specially for you.
14633.0,Inactive Customers,ANTIQUE SILVER TEA GLASS ETCHED,General engagement,Explore our latest offers selected specially for you.
14636.0,Occasional Buyers,RED TOADSTOOL LED NIGHT LIGHT,General engagement,Explore our latest offers selected specially for you.
14638.0,Occasional Buyers,ANTIQUE SILVER T-LIGHT GLASS,General engagement,Explore our latest offers selected specially for you.
14639.0,Occasional Buyers,RED SPOT CERAMIC DRAWER KNOB,General engagement,Explore our latest offers selected specially for you.
14640.0,Occasional Buyers,ANTIQUE SILVER T-LIGHT GLASS,General engagement,Explore our latest offers selected specially for you.
14641.0,Occasional Buyers,HEART OF WICKER SMALL,General engagement,Explore our latest offers selected specially for you.
14642.0,Occasional Buyers,ANTIQUE SILVER T-LIGHT GLASS,General engagement,Explore our latest offers selected specially for you.
14643.0,Inactive Customers,"METAL SIGN,CUPCAKE SINGLE HOOK",General engagement,Explore our latest offers selected specially for you.
14644.0,Occasional Buyers,BISCUIT TIN 50'S CHRISTMAS,General engagement,Explore our latest offers selected specially for you.
14645.0,Inactive Customers,BLUE POLKADOT BEAKER ,General engagement,Explore our latest offers selected specially for you.
14646.0,Champions,RABBIT NIGHT LIGHT,General engagement,Explore our latest offers selected specially for you.
14647.0,Inactive Customers,PARTY BUNTING,General engagement,Explore our latest offers selected specially for you.
14649.0,Occasional Buyers,ASSORTED INCENSE PACK,General engagement,Explore our latest offers selected specially for you.
14651.0,Occasional Buyers,ASSORTED COLOUR BIRD ORNAMENT,General engagement,Explore our latest offers selected specially for you.
14652.0,Occasional Buyers,PACK OF 12 HEARTS DESIGN TISSUES ,General engagement,Explore our latest offers selected specially for you.
14653.0,Occasional Buyers,PACK OF 12 HEARTS DESIGN TISSUES ,General engagement,Explore our latest offers selected specially for you.
14655.0,Occasional Buyers,12 COLOURED PARTY BALLOONS,General engagement,Explore our latest offers selected specially for you.
14656.0,Inactive Customers,HEART DECORATION RUSTIC HANGING ,General engagement,Explore our latest offers selected specially for you.
14657.0,Occasional Buyers,GINGERBREAD MAN COOKIE CUTTER,General engagement,Explore our latest offers selected specially for you.
14658.0,Occasional Buyers,3 DRAWER ANTIQUE WHITE WOOD CABINET,General engagement,Explore our latest offers selected specially for you.
14659.0,Occasional Buyers,ASSORTED COLOUR BIRD ORNAMENT,General engagement,Explore our latest offers selected specially for you.
14660.0,Occasional Buyers,BLUE PUDDING SPOON,General engagement,Explore our latest offers selected specially for you.
14661.0,Occasional Buyers,ANTIQUE SILVER T-LIGHT GLASS,General engagement,Explore our latest offers selected specially for you.
14662.0,Occasional Buyers,DOILY THANK YOU CARD,General engagement,Explore our latest offers selected specially for you.
14664.0,Occasional Buyers,SET OF 3 HANGING OWLS OLLIE BEAK,General engagement,Explore our latest offers selected specially for you.
14665.0,Occasional Buyers,KNICKERBOCKERGLORY MAGNET ASSORTED ,General engagement,Explore our latest offers selected specially for you.
14666.0,Occasional Buyers,FILIGRIS HEART WITH BUTTERFLY,General engagement,Explore our latest offers selected specially for you.
14667.0,Loyal Customers,ANGEL DECORATION 3 BUTTONS ,Increase repeat purchases,We appreciate your loyalty! Get a special offer on ANGEL DECORATION 3 BUTTONS  and continue enjoying your favorite picks.
14669.0,Inactive Customers,WORLD WAR 2 GLIDERS ASSTD DESIGNS,General engagement,Explore our latest offers selected specially for you.
14670.0,Inactive Customers,PACK OF 12 SPACEBOY TISSUES,General engagement,Explore our latest offers selected specially for you.
14672.0,Inactive Customers,COLOUR GLASS T-LIGHT HOLDER HANGING,General engagement,Explore our latest offers selected specially for you.
14673.0,Occasional Buyers,WORLD WAR 2 GLIDERS ASSTD DESIGNS,General engagement,Explore our latest offers selected specially for you.
14675.0,Occasional Buyers,CAMOUFLAGE LED TORCH,General engagement,Explore our latest offers selected specially for you.
14676.0,Occasional Buyers,BROCADE RING PURSE ,General engagement,Explore our latest offers selected specially for you.
14680.0,Loyal Customers,JUMBO BAG RED RETROSPOT,Increase repeat purchases,We appreciate your loyalty! Get a special offer on JUMBO BAG RED RETROSPOT and continue enjoying your favorite picks.
14681.0,Occasional Buyers,WOODEN ROUNDERS GARDEN SET ,General engagement,Explore our latest offers selected specially for you.
14682.0,Inactive Customers,COLOUR GLASS T-LIGHT HOLDER HANGING,General engagement,Explore our latest offers selected specially for you.
14684.0,Occasional Buyers,DISCO BALL CHRISTMAS DECORATION,General engagement,Explore our latest offers selected specially for you.
14687.0,Occasional Buyers,COLOUR GLASS T-LIGHT HOLDER HANGING,General engagement,Explore our latest offers selected specially for you.
14688.0,Loyal Customers,RECYCLING BAG RETROSPOT ,Increase repeat purchases,We appreciate your loyalty! Get a special offer on RECYCLING BAG RETROSPOT  and continue enjoying your favorite picks.
14689.0,Inactive Customers,GROW A FLYTRAP OR SUNFLOWER IN TIN,General engagement,Explore our latest offers selected specially for you.
14690.0,Occasional Buyers,ASSORTED COLOUR BIRD ORNAMENT,General engagement,Explore our latest offers selected specially for you.
14691.0,Occasional Buyers,PACK OF SIX LED TEA LIGHTS,General engagement,Explore our latest offers selected specially for you.
14692.0,Occasional Buyers,IVORY HANGING DECORATION  HEART,General engagement,Explore our latest offers selected specially for you.
14693.0,Inactive Customers,REGENCY CAKESTAND 3 TIER,General engagement,Explore our latest offers selected specially for you.
14696.0,Occasional Buyers,"ACRYLIC JEWEL ANGEL,PINK",General engagement,Explore our latest offers selected specially for you.
14697.0,Inactive Customers,ASSORTED COLOURS SILK FAN,General engagement,Explore our latest offers selected specially for you.
14698.0,Occasional Buyers,ZINC WILLIE WINKIE  CANDLE STICK,General engagement,Explore our latest offers selected specially for you.
14699.0,Inactive Customers,COLOUR GLASS T-LIGHT HOLDER HANGING,General engagement,Explore our latest offers selected specially for you.
14700.0,Occasional Buyers,BLUE STRIPE CERAMIC DRAWER KNOB,General engagement,Explore our latest offers selected specially for you.
14701.0,Occasional Buyers,T-LIGHT GLASS FLUTED ANTIQUE,General engagement,Explore our latest offers selected specially for you.
14702.0,Loyal Customers,CHRISTMAS MUSICAL ZINC STAR,Increase repeat purchases,We appreciate your loyalty! Get a special offer on CHRISTMAS MUSICAL ZINC STAR and continue enjoying your favorite picks.
14703.0,Occasional Buyers,HANGING QUILTED PATCHWORK APPLES,General engagement,Explore our latest offers selected specially for you.
14704.0,Occasional Buyers,DANISH ROSE DELUXE COASTER,General engagement,Explore our latest offers selected specially for you.
14705.0,Inactive Customers,JUMBO  BAG BAROQUE BLACK WHITE,General engagement,Explore our latest offers selected specially for you.
14708.0,Occasional Buyers,MULTI COLOUR SILVER T-LIGHT HOLDER,General engagement,Explore our latest offers selected specially for you.
14709.0,Occasional Buyers,JUMBO BAG RED RETROSPOT,General engagement,Explore our latest offers selected specially for you.
14710.0,Occasional Buyers,ANTIQUE SILVER TEA GLASS ENGRAVED,General engagement,Explore our latest offers selected specially for you.
14711.0,Occasional Buyers,SMALL POPCORN HOLDER,General engagement,Explore our latest offers selected specially for you.
14712.0,Occasional Buyers,SMALL CERAMIC TOP STORAGE JAR ,General engagement,Explore our latest offers selected specially for you.
14713.0,Occasional Buyers,PAPER CHAIN KIT 50'S CHRISTMAS ,General engagement,Explore our latest offers selected specially for you.
14714.0,Occasional Buyers,60 TEATIME FAIRY CAKE CASES,General engagement,Explore our latest offers selected specially for you.
14715.0,Occasional Buyers,POPART WOODEN PENCILS ASST,General engagement,Explore our latest offers selected specially for you.
14716.0,Occasional Buyers,PENS ASSORTED SPACEBALL,General engagement,Explore our latest offers selected specially for you.
14719.0,Occasional Buyers,ICE CREAM PEN LIP GLOSS ,General engagement,Explore our latest offers selected specially for you.
14720.0,Occasional Buyers,PLACE SETTING WHITE HEART,General engagement,Explore our latest offers selected specially for you.
14722.0,Inactive Customers,FOOD/DRINK SPONGE STICKERS,General engagement,Explore our latest offers selected specially for you.
14723.0,Occasional Buyers,BUBBLEGUM RING ASSORTED,General engagement,Explore our latest offers selected specially for you.
14725.0,Occasional Buyers,SET 12 COLOUR PENCILS LOVE LONDON,General engagement,Explore our latest offers selected specially for you.
14727.0,Inactive Customers,CLOTHES PEGS RETROSPOT PACK 24 ,General engagement,Explore our latest offers selected specially for you.
14729.0,Inactive Customers,SMALL STRIPES CHOCOLATE GIFT BAG ,General engagement,Explore our latest offers selected specially for you.
14730.0,Occasional Buyers,CHRISTMAS STAR WISH LIST CHALKBOARD,General engagement,Explore our latest offers selected specially for you.
14731.0,Occasional Buyers,SMALL MARSHMALLOWS PINK BOWL,General engagement,Explore our latest offers selected specially for you.
14732.0,Occasional Buyers,CLEAR DRAWER KNOB ACRYLIC EDWARDIAN,General engagement,Explore our latest offers selected specially for you.
14733.0,Loyal Customers,HEART OF WICKER SMALL,Increase repeat purchases,We appreciate your loyalty! Get a special offer on HEART OF WICKER SMALL and continue enjoying your favorite picks.
14735.0,Loyal Customers,36 PENCILS TUBE RED RETROSPOT,Increase repeat purchases,We appreciate your loyalty! Get a special offer on 36 PENCILS TUBE RED RETROSPOT and continue enjoying your favorite picks.
14737.0,Occasional Buyers,PAPER CHAIN KIT 50'S CHRISTMAS ,General engagement,Explore our latest offers selected specially for you.
14738.0,Occasional Buyers,PLEASE ONE PERSON METAL SIGN,General engagement,Explore our latest offers selected specially for you.
14739.0,Occasional Buyers,WORLD WAR 2 GLIDERS ASSTD DESIGNS,General engagement,Explore our latest offers selected specially for you.
14740.0,Inactive Customers,BLUE PAISLEY POCKET BOOK,General engagement,Explore our latest offers selected specially for you.
14741.0,Occasional Buyers,SET OF 12  VINTAGE POSTCARD SET,General engagement,Explore our latest offers selected specially for you.
14744.0,Occasional Buyers,LUNCH BAG PINK POLKADOT,General engagement,Explore our latest offers selected specially for you.
14745.0,Occasional Buyers,WORLD WAR 2 GLIDERS ASSTD DESIGNS,General engagement,Explore our latest offers selected specially for you.
14747.0,Inactive Customers,TOAST ITS - BEST MUM,General engagement,Explore our latest offers selected specially for you.
14748.0,Occasional Buyers,POPART WOODEN PENCILS ASST,General engagement,Explore our latest offers selected specially for you.
14752.0,Occasional Buyers,VINTAGE  2 METER FOLDING RULER,General engagement,Explore our latest offers selected specially for you.
14753.0,Occasional Buyers,FELTCRAFT BUTTERFLY HEARTS,General engagement,Explore our latest offers selected specially for you.
14754.0,Occasional Buyers,HEART FILIGREE DOVE  SMALL,General engagement,Explore our latest offers selected specially for you.
14755.0,Occasional Buyers,PACK OF 60 PINK PAISLEY CAKE CASES,General engagement,Explore our latest offers selected specially for you.
14756.0,Occasional Buyers,MULTI COLOUR SILVER T-LIGHT HOLDER,General engagement,Explore our latest offers selected specially for you.
14757.0,Occasional Buyers,ASSORTED COLOUR BIRD ORNAMENT,General engagement,Explore our latest offers selected specially for you.
14758.0,Occasional Buyers,BLUE POLKADOT BEAKER ,General engagement,Explore our latest offers selected specially for you.
14759.0,Occasional Buyers,RED RETROSPOT WRAP ,General engagement,Explore our latest offers selected specially for you.
14760.0,Inactive Customers,HEART OF WICKER SMALL,General engagement,Explore our latest offers selected specially for you.
14761.0,Occasional Buyers,PACK 3 BOXES CHRISTMAS PANNETONE,General engagement,Explore our latest offers selected specially for you.
14762.0,Inactive Customers,MINI PAINT SET VINTAGE ,General engagement,Explore our latest offers selected specially for you.
14764.0,Occasional Buyers,SANDALWOOD FAN,General engagement,Explore our latest offers selected specially for you.
14765.0,Occasional Buyers,WRAP CHRISTMAS VILLAGE,General engagement,Explore our latest offers selected specially for you.
14766.0,Occasional Buyers,ASSORTED COLOUR BIRD ORNAMENT,General engagement,Explore our latest offers selected specially for you.
14768.0,Occasional Buyers,BAKING SET 9 PIECE RETROSPOT ,General engagement,Explore our latest offers selected specially for you.
14769.0,Occasional Buyers,PINK DRAWER KNOB ACRYLIC EDWARDIAN,General engagement,Explore our latest offers selected specially for you.
14770.0,Inactive Customers,MULTI COLOUR SILVER T-LIGHT HOLDER,General engagement,Explore our latest offers selected specially for you.
14772.0,Occasional Buyers,COLOUR GLASS T-LIGHT HOLDER HANGING,General engagement,Explore our latest offers selected specially for you.
14775.0,Occasional Buyers,BUBBLEGUM RING ASSORTED,General engagement,Explore our latest offers selected specially for you.
14776.0,Occasional Buyers,BAG 125g SWIRLY MARBLES,General engagement,Explore our latest offers selected specially for you.
14778.0,Occasional Buyers,ICE CREAM PEN LIP GLOSS ,General engagement,Explore our latest offers selected specially for you.
14779.0,Inactive Customers,ABSTRACT CIRCLES SKETCHBOOK ,General engagement,Explore our latest offers selected specially for you.
14780.0,Occasional Buyers,60 CAKE CASES VINTAGE CHRISTMAS,General engagement,Explore our latest offers selected specially for you.
14782.0,Inactive Customers,GRAND CHOCOLATECANDLE,General engagement,Explore our latest offers selected specially for you.
14784.0,Occasional Buyers,FOLKART STAR CHRISTMAS DECORATIONS,General engagement,Explore our latest offers selected specially for you.
14785.0,Occasional Buyers,GLITTER CHRISTMAS TREE WITH BELLS,General engagement,Explore our latest offers selected specially for you.
14788.0,Occasional Buyers,WRAP CHRISTMAS VILLAGE,General engagement,Explore our latest offers selected specially for you.
14789.0,Occasional Buyers,FAIRY CAKE FLANNEL ASSORTED COLOUR,General engagement,Explore our latest offers selected specially for you.
14790.0,Occasional Buyers,CACTI T-LIGHT CANDLES,General engagement,Explore our latest offers selected specially for you.
14792.0,Occasional Buyers,AIRLINE BAG VINTAGE TOKYO 78,General engagement,Explore our latest offers selected specially for you.
14793.0,Occasional Buyers, 50'S CHRISTMAS GIFT BAG LARGE,General engagement,Explore our latest offers selected specially for you.
14794.0,Occasional Buyers,PHOTO CUBE,General engagement,Explore our latest offers selected specially for you.
14795.0,Inactive Customers,DOORMAT KEEP CALM AND COME IN,General engagement,Explore our latest offers selected specially for you.
14796.0,Loyal Customers,STRAWBERRY CERAMIC TRINKET BOX,Increase repeat purchases,We appreciate your loyalty! Get a special offer on STRAWBERRY CERAMIC TRINKET BOX and continue enjoying your favorite picks.
14798.0,Occasional Buyers,PLACE SETTING WHITE HEART,General engagement,Explore our latest offers selected specially for you.
14799.0,Occasional Buyers,ASSORTED INCENSE PACK,General engagement,Explore our latest offers selected specially for you.
14800.0,Occasional Buyers,DINOSAUR KEYRINGS ASSORTED,General engagement,Explore our latest offers selected specially for you.
14801.0,Occasional Buyers,ASSORTED TUTTI FRUTTI PEN,General engagement,Explore our latest offers selected specially for you.
14803.0,Inactive Customers,PINK REGENCY TEACUP AND SAUCER,General engagement,Explore our latest offers selected specially for you.
14804.0,Occasional Buyers,WOODEN FRAME ANTIQUE WHITE ,General engagement,Explore our latest offers selected specially for you.
14805.0,Occasional Buyers,GRAND CHOCOLATECANDLE,General engagement,Explore our latest offers selected specially for you.
14806.0,Occasional Buyers,BLUE POLKADOT WRAP,General engagement,Explore our latest offers selected specially for you.
14808.0,Occasional Buyers,CARD MOTORBIKE SANTA,General engagement,Explore our latest offers selected specially for you.
14810.0,Occasional Buyers,WOODEN FRAME ANTIQUE WHITE ,General engagement,Explore our latest offers selected specially for you.
14813.0,Inactive Customers,PACK OF 12 SUKI TISSUES ,General engagement,Explore our latest offers selected specially for you.
14815.0,Occasional Buyers,SCENTED VELVET LOUNGE CANDLE ,General engagement,Explore our latest offers selected specially for you.
14816.0,Inactive Customers,BLUE GIANT GARDEN THERMOMETER,General engagement,Explore our latest offers selected specially for you.
14817.0,Inactive Customers,DINOSAUR KEYRINGS ASSORTED,General engagement,Explore our latest offers selected specially for you.
14818.0,Occasional Buyers,REGENCY CAKE FORK,General engagement,Explore our latest offers selected specially for you.
14819.0,Occasional Buyers,REGENCY CAKE FORK,General engagement,Explore our latest offers selected specially for you.
14820.0,Occasional Buyers,PACK OF 6 COCKTAIL PARASOL STRAWS,General engagement,Explore our latest offers selected specially for you.
14821.0,Inactive Customers,HAND WARMER BIRD DESIGN,General engagement,Explore our latest offers selected specially for you.
14823.0,Inactive Customers,COLOUR GLASS T-LIGHT HOLDER HANGING,General engagement,Explore our latest offers selected specially for you.
14824.0,Occasional Buyers,JUMBO BAG 50'S CHRISTMAS ,General engagement,Explore our latest offers selected specially for you.
14825.0,Occasional Buyers,ASSORTED COLOUR BIRD ORNAMENT,General engagement,Explore our latest offers selected specially for you.
14828.0,Inactive Customers,ASSORTED COLOURS SILK FAN,General engagement,Explore our latest offers selected specially for you.
14829.0,Occasional Buyers,SPRIG LAVENDER ARTIFICIAL FLOWER,General engagement,Explore our latest offers selected specially for you.
14830.0,Occasional Buyers,WRAP PAISLEY PARK ,General engagement,Explore our latest offers selected specially for you.
14834.0,Occasional Buyers,RABBIT NIGHT LIGHT,General engagement,Explore our latest offers selected specially for you.
14836.0,Occasional Buyers,REVOLVER WOODEN RULER ,General engagement,Explore our latest offers selected specially for you.
14837.0,Occasional Buyers,PIECE OF CAMO STATIONERY SET,General engagement,Explore our latest offers selected specially for you.
14840.0,Inactive Customers,PINK BLUE FELT CRAFT TRINKET BOX,General engagement,Explore our latest offers selected specially for you.
14841.0,Occasional Buyers,HANGING MINI COLOURED BOTTLES,General engagement,Explore our latest offers selected specially for you.
14842.0,Occasional Buyers,MINI PAINT SET VINTAGE ,General engagement,Explore our latest offers selected specially for you.
14844.0,Occasional Buyers,JUMBO BAG RED RETROSPOT,General engagement,Explore our latest offers selected specially for you.
14847.0,Inactive Customers,WHITE HANGING HEART T-LIGHT HOLDER,General engagement,Explore our latest offers selected specially for you.
14849.0,Loyal Customers,ASSORTED COLOUR BIRD ORNAMENT,Increase repeat purchases,We appreciate your loyalty! Get a special offer on ASSORTED COLOUR BIRD ORNAMENT and continue enjoying your favorite picks.
14850.0,Inactive Customers,CHILDRENS GARDEN GLOVES BLUE,General engagement,Explore our latest offers selected specially for you.
14851.0,Occasional Buyers,LARGE WHITE HONEYCOMB PAPER BELL  ,General engagement,Explore our latest offers selected specially for you.
14852.0,Occasional Buyers,FUNKY DIVA PEN,General engagement,Explore our latest offers selected specially for you.
14853.0,Occasional Buyers,REGENCY CAKESTAND 3 TIER,General engagement,Explore our latest offers selected specially for you.
14854.0,Occasional Buyers,PAPER CHAIN KIT EMPIRE,General engagement,Explore our latest offers selected specially for you.
14855.0,Occasional Buyers,LUNCH BAG DOILEY PATTERN ,General engagement,Explore our latest offers selected specially for you.
14856.0,Occasional Buyers,RABBIT NIGHT LIGHT,General engagement,Explore our latest offers selected specially for you.
14857.0,Occasional Buyers,TOILET SIGN OCCUPIED OR VACANT,General engagement,Explore our latest offers selected specially for you.
14859.0,Occasional Buyers,POLKADOT PEN,General engagement,Explore our latest offers selected specially for you.
14860.0,Occasional Buyers,CHRISTMAS MUSICAL ZINC STAR,General engagement,Explore our latest offers selected specially for you.
14861.0,Occasional Buyers,CHRISTMAS HANGING STAR WITH BELL,General engagement,Explore our latest offers selected specially for you.
14862.0,Occasional Buyers,POPART WOODEN PENCILS ASST,General engagement,Explore our latest offers selected specially for you.
14863.0,Occasional Buyers,4 LILY  BOTANICAL DINNER CANDLES,General engagement,Explore our latest offers selected specially for you.
14865.0,Occasional Buyers,FENG SHUI PILLAR CANDLE,General engagement,Explore our latest offers selected specially for you.
14866.0,Loyal Customers,BOX OF 6 MINI VINTAGE CRACKERS,Increase repeat purchases,We appreciate your loyalty! Get a special offer on BOX OF 6 MINI VINTAGE CRACKERS and continue enjoying your favorite picks.
14867.0,Inactive Customers,ASSORTED COLOUR BIRD ORNAMENT,General engagement,Explore our latest offers selected specially for you.
14868.0,Occasional Buyers,FUNKY DIVA PEN,General engagement,Explore our latest offers selected specially for you.
14869.0,Occasional Buyers,BOUDOIR SQUARE TISSUE BOX,General engagement,Explore our latest offers selected specially for you.
14870.0,Inactive Customers,FRENCH BATHROOM SIGN BLUE METAL,General engagement,Explore our latest offers selected specially for you.
14871.0,Occasional Buyers,SMALL GLASS HEART TRINKET POT,General engagement,Explore our latest offers selected specially for you.
14873.0,Inactive Customers,CERAMIC CHERRY CAKE MONEY BANK,General engagement,Explore our latest offers selected specially for you.
14875.0,Occasional Buyers,JAM MAKING SET PRINTED,General engagement,Explore our latest offers selected specially for you.
14878.0,Occasional Buyers,GARDENERS KNEELING PAD KEEP CALM ,General engagement,Explore our latest offers selected specially for you.
14880.0,Occasional Buyers,TRAVEL CARD WALLET FLOWER MEADOW,General engagement,Explore our latest offers selected specially for you.
14881.0,Occasional Buyers,SCENTED VELVET LOUNGE CANDLE ,General engagement,Explore our latest offers selected specially for you.
14882.0,Occasional Buyers,WHITE CHRISTMAS GARLAND STARS TREES,General engagement,Explore our latest offers selected specially for you.
14883.0,Occasional Buyers,ASSORTED COLOUR BIRD ORNAMENT,General engagement,Explore our latest offers selected specially for you.
14885.0,Occasional Buyers,60 CAKE CASES VINTAGE CHRISTMAS,General engagement,Explore our latest offers selected specially for you.
14886.0,Inactive Customers,HANGING CHICK CREAM DECORATION,General engagement,Explore our latest offers selected specially for you.
14887.0,Occasional Buyers,JUMBO  BAG BAROQUE BLACK WHITE,General engagement,Explore our latest offers selected specially for you.
14888.0,Inactive Customers,LARGE CERAMIC TOP STORAGE JAR,General engagement,Explore our latest offers selected specially for you.
14889.0,Inactive Customers,60 TEATIME FAIRY CAKE CASES,General engagement,Explore our latest offers selected specially for you.
14890.0,Inactive Customers,6 RIBBONS RUSTIC CHARM,General engagement,Explore our latest offers selected specially for you.
14891.0,Inactive Customers,PACK OF 12 LONDON TISSUES ,General engagement,Explore our latest offers selected specially for you.
14893.0,Occasional Buyers,WHITE SAGE INCENSE,General engagement,Explore our latest offers selected specially for you.
14894.0,Occasional Buyers,RAIN PONCHO RETROSPOT,General engagement,Explore our latest offers selected specially for you.
14895.0,Loyal Customers,BUBBLEGUM RING ASSORTED,Increase repeat purchases,We appreciate your loyalty! Get a special offer on BUBBLEGUM RING ASSORTED and continue enjoying your favorite picks.
14896.0,Inactive Customers,"KEY FOB , GARAGE DESIGN",General engagement,Explore our latest offers selected specially for you.
14897.0,Occasional Buyers,CLEAR DRAWER KNOB ACRYLIC EDWARDIAN,General engagement,Explore our latest offers selected specially for you.
14898.0,Occasional Buyers,PLACE SETTING WHITE HEART,General engagement,Explore our latest offers selected specially for you.
14901.0,Occasional Buyers,SILVER MUG BONE CHINA TREE OF LIFE,General engagement,Explore our latest offers selected specially for you.
14902.0,Occasional Buyers,ANTIQUE SILVER T-LIGHT GLASS,General engagement,Explore our latest offers selected specially for you.
14903.0,Occasional Buyers,MULTI COLOUR SILVER T-LIGHT HOLDER,General engagement,Explore our latest offers selected specially for you.
14904.0,Occasional Buyers,CHRISTMAS PUDDING TRINKET POT ,General engagement,Explore our latest offers selected specially for you.
14905.0,Inactive Customers,WHITE HANGING HEART T-LIGHT HOLDER,General engagement,Explore our latest offers selected specially for you.
14907.0,Occasional Buyers,72 SWEETHEART FAIRY CAKE CASES,General engagement,Explore our latest offers selected specially for you.
14908.0,Occasional Buyers,IVORY WICKER HEART MEDIUM,General engagement,Explore our latest offers selected specially for you.
14910.0,Occasional Buyers,EGG FRYING PAN IVORY ,General engagement,Explore our latest offers selected specially for you.
14911.0,Champions,60 CAKE CASES VINTAGE CHRISTMAS,General engagement,Explore our latest offers selected specially for you.
14912.0,Occasional Buyers,"FEATHER PEN,HOT PINK",General engagement,Explore our latest offers selected specially for you.
14913.0,Occasional Buyers,PENS ASSORTED FUNNY FACE,General engagement,Explore our latest offers selected specially for you.
14915.0,Occasional Buyers,15CM CHRISTMAS GLASS BALL 20 LIGHTS,General engagement,Explore our latest offers selected specially for you.
14916.0,Occasional Buyers,ASSTD DESIGN 3D PAPER STICKERS,General engagement,Explore our latest offers selected specially for you.
14918.0,Occasional Buyers,FLOWERS TILE COASTER,General engagement,Explore our latest offers selected specially for you.
14920.0,Inactive Customers,WORLD WAR 2 GLIDERS ASSTD DESIGNS,General engagement,Explore our latest offers selected specially for you.
14921.0,Occasional Buyers,CHRISTMAS TREE STAR DECORATION,General engagement,Explore our latest offers selected specially for you.
14923.0,Occasional Buyers,60 CAKE CASES VINTAGE CHRISTMAS,General engagement,Explore our latest offers selected specially for you.
14924.0,Inactive Customers,JOY LARGE WOOD LETTERS,General engagement,Explore our latest offers selected specially for you.
14929.0,Occasional Buyers,SET OF 60 I LOVE LONDON CAKE CASES ,General engagement,Explore our latest offers selected specially for you.
14930.0,Occasional Buyers,POLKADOT PEN,General engagement,Explore our latest offers selected specially for you.
14931.0,Occasional Buyers,HOT WATER BOTTLE KEEP CALM,General engagement,Explore our latest offers selected specially for you.
14932.0,Inactive Customers,COSY HOUR CIGAR BOX MATCHES ,General engagement,Explore our latest offers selected specially for you.
14934.0,Occasional Buyers,FUNKY DIVA PEN,General engagement,Explore our latest offers selected specially for you.
14935.0,Inactive Customers,RAIN PONCHO ,General engagement,Explore our latest offers selected specially for you.
14936.0,Occasional Buyers,PLACE SETTING WHITE HEART,General engagement,Explore our latest offers selected specially for you.
14937.0,Occasional Buyers,WHITE HANGING HEART T-LIGHT HOLDER,General engagement,Explore our latest offers selected specially for you.
14944.0,Occasional Buyers,RED RETROSPOT WRAP ,General engagement,Explore our latest offers selected specially for you.
14946.0,Occasional Buyers,PAPER LANTERN 9 POINT HOLLY STAR S,General engagement,Explore our latest offers selected specially for you.
14947.0,Occasional Buyers,FILIGREE HEART BUTTERFLY WHITE ,General engagement,Explore our latest offers selected specially for you.
14948.0,Occasional Buyers,SET OF 12 MINI LOAF BAKING CASES,General engagement,Explore our latest offers selected specially for you.
14950.0,Occasional Buyers,WOODEN HEART CHRISTMAS SCANDINAVIAN,General engagement,Explore our latest offers selected specially for you.
14951.0,Occasional Buyers,LA PALMIERA TILE COASTER,General engagement,Explore our latest offers selected specially for you.
14952.0,Occasional Buyers,AGED GLASS SILVER T-LIGHT HOLDER,General engagement,Explore our latest offers selected specially for you.
14953.0,Occasional Buyers,PENS ASSORTED FUNNY FACE,General engagement,Explore our latest offers selected specially for you.
14954.0,Occasional Buyers,CACTI T-LIGHT CANDLES,General engagement,Explore our latest offers selected specially for you.
14957.0,Inactive Customers,LONDON BUS COFFEE MUG,General engagement,Explore our latest offers selected specially for you.
14958.0,Inactive Customers,BOTANICAL LAVENDER GIFT WRAP ,General engagement,Explore our latest offers selected specially for you.
14959.0,Occasional Buyers,ASSORTED COLOUR BIRD ORNAMENT,General engagement,Explore our latest offers selected specially for you.
14960.0,Occasional Buyers,WOODEN STAR CHRISTMAS SCANDINAVIAN,General engagement,Explore our latest offers selected specially for you.
14961.0,Occasional Buyers,POPCORN HOLDER,General engagement,Explore our latest offers selected specially for you.
14962.0,Inactive Customers,VINTAGE UNION JACK PENNANT,General engagement,Explore our latest offers selected specially for you.
14963.0,Occasional Buyers,POPCORN HOLDER,General engagement,Explore our latest offers selected specially for you.
14964.0,Inactive Customers,VICTORIAN GLASS HANGING T-LIGHT,General engagement,Explore our latest offers selected specially for you.
14965.0,Occasional Buyers,IVORY HANGING DECORATION  HEART,General engagement,Explore our latest offers selected specially for you.
14966.0,Occasional Buyers,BUBBLEGUM RING ASSORTED,General engagement,Explore our latest offers selected specially for you.
14967.0,Occasional Buyers,CHOCOLATE HOT WATER BOTTLE,General engagement,Explore our latest offers selected specially for you.
14968.0,Occasional Buyers,FOOD/DRINK SPONGE STICKERS,General engagement,Explore our latest offers selected specially for you.
14970.0,Occasional Buyers,DOORMAT UNION FLAG,General engagement,Explore our latest offers selected specially for you.
14971.0,Occasional Buyers,MAGIC DRAWING SLATE DOLLY GIRL ,General engagement,Explore our latest offers selected specially for you.
14972.0,Occasional Buyers,DANISH ROSE PHOTO FRAME,General engagement,Explore our latest offers selected specially for you.
14973.0,Occasional Buyers,ASSORTED COLOUR BIRD ORNAMENT,General engagement,Explore our latest offers selected specially for you.
14974.0,Occasional Buyers,STRAWBERRY SHOPPER BAG,General engagement,Explore our latest offers selected specially for you.
14975.0,Occasional Buyers,ANGEL DECORATION 3 BUTTONS ,General engagement,Explore our latest offers selected specially for you.
14976.0,Occasional Buyers,CHOCOLATE THIS WAY METAL SIGN,General engagement,Explore our latest offers selected specially for you.
14978.0,Occasional Buyers,FANCY FONTS BIRTHDAY WRAP,General engagement,Explore our latest offers selected specially for you.
14981.0,Inactive Customers,PACK OF 12 RED RETROSPOT TISSUES ,General engagement,Explore our latest offers selected specially for you.
14984.0,Occasional Buyers,JAZZ HEARTS ADDRESS BOOK,General engagement,Explore our latest offers selected specially for you.
14985.0,Inactive Customers,ETCHED GLASS COASTER,General engagement,Explore our latest offers selected specially for you.
14987.0,Occasional Buyers,RED HANGING HEART T-LIGHT HOLDER,General engagement,Explore our latest offers selected specially for you.
14988.0,Inactive Customers,LED TEA LIGHTS,General engagement,Explore our latest offers selected specially for you.
14995.0,Occasional Buyers,CHOCOLATE 1 WICK MORRIS BOX CANDLE,General engagement,Explore our latest offers selected specially for you.
14997.0,Occasional Buyers,BUBBLEGUM RING ASSORTED,General engagement,Explore our latest offers selected specially for you.
14998.0,Inactive Customers,PACK OF 6 COCKTAIL PARASOL STRAWS,General engagement,Explore our latest offers selected specially for you.
15000.0,Occasional Buyers,CHRISTMAS METAL TAGS ASSORTED ,General engagement,Explore our latest offers selected specially for you.
15002.0,Occasional Buyers,WHITE HANGING HEART T-LIGHT HOLDER,General engagement,Explore our latest offers selected specially for you.
15004.0,Inactive Customers,WORLD WAR 2 GLIDERS ASSTD DESIGNS,General engagement,Explore our latest offers selected specially for you.
15005.0,Loyal Customers,RED RETROSPOT CHARLOTTE BAG,Increase repeat purchases,We appreciate your loyalty! Get a special offer on RED RETROSPOT CHARLOTTE BAG and continue enjoying your favorite picks.
15006.0,Occasional Buyers,ENGLISH ROSE GARDEN SECATEURS,General engagement,Explore our latest offers selected specially for you.
15007.0,Inactive Customers,CLEAR DRAWER KNOB ACRYLIC EDWARDIAN,General engagement,Explore our latest offers selected specially for you.
15009.0,Occasional Buyers,PLASTERS IN TIN VINTAGE PAISLEY ,General engagement,Explore our latest offers selected specially for you.
15010.0,Occasional Buyers,WHITE ROCKING HORSE HAND PAINTED,General engagement,Explore our latest offers selected specially for you.
15012.0,Occasional Buyers,AGED GLASS SILVER T-LIGHT HOLDER,General engagement,Explore our latest offers selected specially for you.
15014.0,Occasional Buyers,CHILDRENS APRON APPLES DESIGN,General engagement,Explore our latest offers selected specially for you.
15016.0,Inactive Customers,PACK OF 6 COCKTAIL PARASOL STRAWS,General engagement,Explore our latest offers selected specially for you.
15017.0,Occasional Buyers,CHRISTMAS HANGING STAR WITH BELL,General engagement,Explore our latest offers selected specially for you.
15018.0,Occasional Buyers,WRAP BAD HAIR DAY,General engagement,Explore our latest offers selected specially for you.
15019.0,Inactive Customers,CUBIC MUG PINK POLKADOT,General engagement,Explore our latest offers selected specially for you.
15021.0,Occasional Buyers,WOODEN PICTURE FRAME WHITE FINISH,General engagement,Explore our latest offers selected specially for you.
15022.0,Occasional Buyers,BUBBLEGUM RING ASSORTED,General engagement,Explore our latest offers selected specially for you.
15023.0,Occasional Buyers,WHITE HANGING HEART T-LIGHT HOLDER,General engagement,Explore our latest offers selected specially for you.
15024.0,Occasional Buyers,ASSORTED COLOUR BIRD ORNAMENT,General engagement,Explore our latest offers selected specially for you.
15025.0,Occasional Buyers,ICE CREAM PEN LIP GLOSS ,General engagement,Explore our latest offers selected specially for you.
15026.0,Occasional Buyers,Manual,General engagement,Explore our latest offers selected specially for you.
15027.0,Occasional Buyers,HEART FILIGREE DOVE  SMALL,General engagement,Explore our latest offers selected specially for you.
15028.0,Occasional Buyers,PACK OF 12 LONDON TISSUES ,General engagement,Explore our latest offers selected specially for you.
15030.0,Occasional Buyers,ENGLISH ROSE GARDEN SECATEURS,General engagement,Explore our latest offers selected specially for you.
15031.0,Occasional Buyers,POPCORN HOLDER,General engagement,Explore our latest offers selected specially for you.
15032.0,Inactive Customers,JUMBO  BAG BAROQUE BLACK WHITE,General engagement,Explore our latest offers selected specially for you.
15033.0,Occasional Buyers,BROCADE RING PURSE ,General engagement,Explore our latest offers selected specially for you.
15034.0,Occasional Buyers,POPCORN HOLDER,General engagement,Explore our latest offers selected specially for you.
15035.0,Occasional Buyers,DISCO BALL CHRISTMAS DECORATION,General engagement,Explore our latest offers selected specially for you.
15036.0,Occasional Buyers,CUBIC MUG FLOCK BLUE ON BROWN,General engagement,Explore our latest offers selected specially for you.
15038.0,Occasional Buyers,VINTAGE RED ENAMEL TRIM MUG ,General engagement,Explore our latest offers selected specially for you.
15039.0,Loyal Customers,"ASSORTED FLOWER COLOUR ""LEIS""",Increase repeat purchases,"We appreciate your loyalty! Get a special offer on ASSORTED FLOWER COLOUR ""LEIS"" and continue enjoying your favorite picks."
15041.0,Inactive Customers,HEART DECORATION RUSTIC HANGING ,General engagement,Explore our latest offers selected specially for you.
15042.0,Inactive Customers,SWEETHEART WIRE FRUIT BOWL,General engagement,Explore our latest offers selected specially for you.
15043.0,Occasional Buyers,JUMBO BAG PINK VINTAGE PAISLEY,General engagement,Explore our latest offers selected specially for you.
15044.0,Loyal Customers,LETTER SHAPE PENCIL SHARPENER,Increase repeat purchases,We appreciate your loyalty! Get a special offer on LETTER SHAPE PENCIL SHARPENER and continue enjoying your favorite picks.
15045.0,Inactive Customers,3 HOOK PHOTO SHELF ANTIQUE WHITE,General engagement,Explore our latest offers selected specially for you.
15046.0,Loyal Customers,ASSORTED COLOUR BIRD ORNAMENT,Increase repeat purchases,We appreciate your loyalty! Get a special offer on ASSORTED COLOUR BIRD ORNAMENT and continue enjoying your favorite picks.
15047.0,Inactive Customers,WORLD WAR 2 GLIDERS ASSTD DESIGNS,General engagement,Explore our latest offers selected specially for you.
15048.0,Occasional Buyers,GROW A FLYTRAP OR SUNFLOWER IN TIN,General engagement,Explore our latest offers selected specially for you.
15049.0,Inactive Customers,LARGE WHITE HONEYCOMB PAPER BELL  ,General engagement,Explore our latest offers selected specially for you.
15050.0,Occasional Buyers,FILIGRIS HEART WITH BUTTERFLY,General engagement,Explore our latest offers selected specially for you.
15051.0,Occasional Buyers,AGED GLASS SILVER T-LIGHT HOLDER,General engagement,Explore our latest offers selected specially for you.
15052.0,Inactive Customers,PACK OF 12 HEARTS DESIGN TISSUES ,General engagement,Explore our latest offers selected specially for you.
15053.0,Occasional Buyers,PENS ASSORTED FUNNY FACE,General engagement,Explore our latest offers selected specially for you.
15054.0,Occasional Buyers,CACTI T-LIGHT CANDLES,General engagement,Explore our latest offers selected specially for you.
15057.0,Inactive Customers,TEA PARTY  WRAPPING PAPER ,General engagement,Explore our latest offers selected specially for you.
15058.0,Occasional Buyers,CHRISTMAS CRAFT LITTLE FRIENDS,General engagement,Explore our latest offers selected specially for you.
15059.0,Occasional Buyers,DISCO BALL CHRISTMAS DECORATION,General engagement,Explore our latest offers selected specially for you.
15060.0,Occasional Buyers,DISCO BALL CHRISTMAS DECORATION,General engagement,Explore our latest offers selected specially for you.
15061.0,Loyal Customers,HANGING JAM JAR T-LIGHT HOLDER,Increase repeat purchases,We appreciate your loyalty! Get a special offer on HANGING JAM JAR T-LIGHT HOLDER and continue enjoying your favorite picks.
15062.0,Occasional Buyers,LIPSTICK PEN FUSCHIA,General engagement,Explore our latest offers selected specially for you.
15063.0,Inactive Customers,6 RIBBONS RUSTIC CHARM,General engagement,Explore our latest offers selected specially for you.
15065.0,Occasional Buyers,SPACEBOY GIFT WRAP,General engagement,Explore our latest offers selected specially for you.
15066.0,Occasional Buyers,SET OF 36 TEATIME PAPER DOILIES,General engagement,Explore our latest offers selected specially for you.
15067.0,Occasional Buyers,SMALL CERAMIC TOP STORAGE JAR ,General engagement,Explore our latest offers selected specially for you.
15068.0,Occasional Buyers,SMALL FOLDING SCISSOR(POINTED EDGE),General engagement,Explore our latest offers selected specially for you.
15069.0,Inactive Customers,SPACEBOY GIFT WRAP,General engagement,Explore our latest offers selected specially for you.
15070.0,Inactive Customers,PAPER CHAIN KIT 50'S CHRISTMAS ,General engagement,Explore our latest offers selected specially for you.
15071.0,Occasional Buyers,PHOTO FRAME CORNICE,General engagement,Explore our latest offers selected specially for you.
15073.0,Occasional Buyers,FINE WICKER HEART ,General engagement,Explore our latest offers selected specially for you.
15074.0,Occasional Buyers,60 CAKE CASES DOLLY GIRL DESIGN,General engagement,Explore our latest offers selected specially for you.
15075.0,Occasional Buyers,60 CAKE CASES VINTAGE CHRISTMAS,General engagement,Explore our latest offers selected specially for you.
15076.0,Inactive Customers,AREA PATROLLED METAL SIGN,General engagement,Explore our latest offers selected specially for you.
15078.0,Loyal Customers,JUMBO BAG RED RETROSPOT,Increase repeat purchases,We appreciate your loyalty! Get a special offer on JUMBO BAG RED RETROSPOT and continue enjoying your favorite picks.
15079.0,Inactive Customers,CANDLEHOLDER PINK HANGING HEART,General engagement,Explore our latest offers selected specially for you.
15081.0,Occasional Buyers,WHITE HANGING HEART T-LIGHT HOLDER,General engagement,Explore our latest offers selected specially for you.
15083.0,Inactive Customers,HOMEMADE JAM SCENTED CANDLES,General engagement,Explore our latest offers selected specially for you.
15087.0,Inactive Customers,GIRLS ALPHABET IRON ON PATCHES ,General engagement,Explore our latest offers selected specially for you.
15088.0,Occasional Buyers,CARD CHRISTMAS VILLAGE,General engagement,Explore our latest offers selected specially for you.
15089.0,Occasional Buyers,VANILLA INCENSE IN TIN,General engagement,Explore our latest offers selected specially for you.
15090.0,Inactive Customers,MINI PAINT SET VINTAGE ,General engagement,Explore our latest offers selected specially for you.
15091.0,Occasional Buyers,WRAP WEDDING DAY,General engagement,Explore our latest offers selected specially for you.
15092.0,Inactive Customers,20 DOLLY PEGS RETROSPOT,General engagement,Explore our latest offers selected specially for you.
15093.0,Occasional Buyers,WORLD WAR 2 GLIDERS ASSTD DESIGNS,General engagement,Explore our latest offers selected specially for you.
15095.0,Occasional Buyers,MINI PAINT SET VINTAGE ,General engagement,Explore our latest offers selected specially for you.
15096.0,Occasional Buyers,ICE CREAM PEN LIP GLOSS ,General engagement,Explore our latest offers selected specially for you.
15097.0,Occasional Buyers,RETROSPOT CIGAR BOX MATCHES ,General engagement,Explore our latest offers selected specially for you.
15098.0,Loyal Customers,PICNIC BASKET WICKER 60 PIECES,Increase repeat purchases,We appreciate your loyalty! Get a special offer on PICNIC BASKET WICKER 60 PIECES and continue enjoying your favorite picks.
15099.0,Occasional Buyers,PRETTY HANGING QUILTED HEARTS,General engagement,Explore our latest offers selected specially for you.
15100.0,Inactive Customers,VICTORIAN SEWING BOX LARGE,General engagement,Explore our latest offers selected specially for you.
15101.0,Occasional Buyers,AGED GLASS SILVER T-LIGHT HOLDER,General engagement,Explore our latest offers selected specially for you.
15103.0,Occasional Buyers,WRAP ENGLISH ROSE ,General engagement,Explore our latest offers selected specially for you.
15104.0,Inactive Customers,WRAP BILLBOARD FONTS DESIGN,General engagement,Explore our latest offers selected specially for you.
15105.0,Occasional Buyers,FELTCRAFT PRINCESS OLIVIA DOLL,General engagement,Explore our latest offers selected specially for you.
15106.0,Occasional Buyers,WOODEN HEART CHRISTMAS SCANDINAVIAN,General engagement,Explore our latest offers selected specially for you.
15107.0,Inactive Customers,MULTI COLOUR SILVER T-LIGHT HOLDER,General engagement,Explore our latest offers selected specially for you.
15108.0,Occasional Buyers,RED ROCKING HORSE HAND PAINTED,General engagement,Explore our latest offers selected specially for you.
15109.0,Inactive Customers,BATHROOM METAL SIGN,General engagement,Explore our latest offers selected specially for you.
15110.0,Occasional Buyers,GLASS JAR ENGLISH CONFECTIONERY,General engagement,Explore our latest offers selected specially for you.
15111.0,Occasional Buyers,GARDENERS KNEELING PAD KEEP CALM ,General engagement,Explore our latest offers selected specially for you.
15113.0,Occasional Buyers,WORLD WAR 2 GLIDERS ASSTD DESIGNS,General engagement,Explore our latest offers selected specially for you.
15114.0,Occasional Buyers,10 COLOUR SPACEBOY PEN,General engagement,Explore our latest offers selected specially for you.
15115.0,Occasional Buyers,12 PENCILS TALL TUBE SKULLS,General engagement,Explore our latest offers selected specially for you.
15116.0,Occasional Buyers,60 CAKE CASES VINTAGE CHRISTMAS,General engagement,Explore our latest offers selected specially for you.
15117.0,Occasional Buyers,SMALL CHINESE STYLE SCISSOR,General engagement,Explore our latest offers selected specially for you.
15118.0,Occasional Buyers,GIRLS ALPHABET IRON ON PATCHES ,General engagement,Explore our latest offers selected specially for you.
15119.0,Inactive Customers,PACK OF 60 PINK PAISLEY CAKE CASES,General engagement,Explore our latest offers selected specially for you.
15120.0,Occasional Buyers,MULTICOLOUR SPRING FLOWER MUG,General engagement,Explore our latest offers selected specially for you.
15121.0,Occasional Buyers,10 COLOUR SPACEBOY PEN,General engagement,Explore our latest offers selected specially for you.
15122.0,Occasional Buyers,JUMBO BAG RED RETROSPOT,General engagement,Explore our latest offers selected specially for you.
15123.0,Occasional Buyers,BUBBLEGUM RING ASSORTED,General engagement,Explore our latest offers selected specially for you.
15124.0,Occasional Buyers,WOODEN HEART CHRISTMAS SCANDINAVIAN,General engagement,Explore our latest offers selected specially for you.
15125.0,Loyal Customers,JUMBO BAG APPLES,Increase repeat purchases,We appreciate your loyalty! Get a special offer on JUMBO BAG APPLES and continue enjoying your favorite picks.
15127.0,Occasional Buyers,SET OF 3 WOODEN HEART DECORATIONS,General engagement,Explore our latest offers selected specially for you.
15128.0,Occasional Buyers,PENS ASSORTED FUNNY FACE,General engagement,Explore our latest offers selected specially for you.
15129.0,Occasional Buyers,CHOCOLATE HOT WATER BOTTLE,General engagement,Explore our latest offers selected specially for you.
15130.0,Inactive Customers,PACK OF 12 HEARTS DESIGN TISSUES ,General engagement,Explore our latest offers selected specially for you.
15132.0,Occasional Buyers,SET 20 NAPKINS FAIRY CAKES DESIGN ,General engagement,Explore our latest offers selected specially for you.
15133.0,Occasional Buyers,BLACK ENCHANTED FOREST PLACEMAT,General engagement,Explore our latest offers selected specially for you.
15134.0,Occasional Buyers,MINI PAINT SET VINTAGE ,General engagement,Explore our latest offers selected specially for you.
15135.0,Inactive Customers,BUTTON BOX ,General engagement,Explore our latest offers selected specially for you.
15136.0,Occasional Buyers,BLUE STRIPE CERAMIC DRAWER KNOB,General engagement,Explore our latest offers selected specially for you.
15139.0,Inactive Customers,SET/6 COLLAGE PAPER CUPS,General engagement,Explore our latest offers selected specially for you.
15140.0,Occasional Buyers,COLOUR GLASS T-LIGHT HOLDER HANGING,General engagement,Explore our latest offers selected specially for you.
15142.0,Occasional Buyers,PACK OF 12 RED RETROSPOT TISSUES ,General engagement,Explore our latest offers selected specially for you.
15143.0,Inactive Customers,BOX OF 24 COCKTAIL PARASOLS,General engagement,Explore our latest offers selected specially for you.
15144.0,Loyal Customers,JUMBO BAG APPLES,Increase repeat purchases,We appreciate your loyalty! Get a special offer on JUMBO BAG APPLES and continue enjoying your favorite picks.
15145.0,Occasional Buyers,12 PENCILS TALL TUBE RED RETROSPOT,General engagement,Explore our latest offers selected specially for you.
15146.0,Inactive Customers,10 COLOUR SPACEBOY PEN,General engagement,Explore our latest offers selected specially for you.
15147.0,Inactive Customers,MINI PAINT SET VINTAGE ,General engagement,Explore our latest offers selected specially for you.
15148.0,Occasional Buyers,SMALL FOLDING SCISSOR(POINTED EDGE),General engagement,Explore our latest offers selected specially for you.
15149.0,Occasional Buyers,VICTORIAN GLASS HANGING T-LIGHT,General engagement,Explore our latest offers selected specially for you.
15150.0,Occasional Buyers,BOTANICAL LILY GIFT WRAP,General engagement,Explore our latest offers selected specially for you.
15152.0,Occasional Buyers,PACK OF 72 RETROSPOT CAKE CASES,General engagement,Explore our latest offers selected specially for you.
15153.0,Occasional Buyers,CHRISTMAS METAL POSTCARD WITH BELLS,General engagement,Explore our latest offers selected specially for you.
15154.0,Occasional Buyers,CHARLIE+LOLA MY ROOM DOOR SIGN,General engagement,Explore our latest offers selected specially for you.
15156.0,Occasional Buyers,FANCY FONTS BIRTHDAY WRAP,General engagement,Explore our latest offers selected specially for you.
15157.0,Occasional Buyers,SMALL GLASS SUNDAE DISH CLEAR,General engagement,Explore our latest offers selected specially for you.
15158.0,Occasional Buyers,CHICK GREY HOT WATER BOTTLE,General engagement,Explore our latest offers selected specially for you.
15159.0,Loyal Customers,PENS ASSORTED FUNNY FACE,Increase repeat purchases,We appreciate your loyalty! Get a special offer on PENS ASSORTED FUNNY FACE and continue enjoying your favorite picks.
15160.0,Inactive Customers,CHICK GREY HOT WATER BOTTLE,General engagement,Explore our latest offers selected specially for you.
15163.0,Occasional Buyers,FRENCH STYLE STORAGE JAR JAM,General engagement,Explore our latest offers selected specially for you.
15164.0,Occasional Buyers,ASSORTED COLOUR BIRD ORNAMENT,General engagement,Explore our latest offers selected specially for you.
15165.0,Inactive Customers,GRAND CHOCOLATECANDLE,General engagement,Explore our latest offers selected specially for you.
15167.0,Inactive Customers,RIBBON REEL HEARTS DESIGN ,General engagement,Explore our latest offers selected specially for you.
15168.0,Occasional Buyers,WOODEN TREE CHRISTMAS SCANDINAVIAN,General engagement,Explore our latest offers selected specially for you.
15171.0,Inactive Customers,VINTAGE UNION JACK BUNTING,General engagement,Explore our latest offers selected specially for you.
15172.0,Occasional Buyers,CHRISTMAS HANGING STAR WITH BELL,General engagement,Explore our latest offers selected specially for you.
15174.0,Inactive Customers,POTTERING MUG,General engagement,Explore our latest offers selected specially for you.
15175.0,Occasional Buyers,LETTER SHAPE PENCIL SHARPENER,General engagement,Explore our latest offers selected specially for you.
15178.0,Inactive Customers,JUMBO BAG STRAWBERRY,General engagement,Explore our latest offers selected specially for you.
15179.0,Occasional Buyers,WORLD WAR 2 GLIDERS ASSTD DESIGNS,General engagement,Explore our latest offers selected specially for you.
15180.0,Inactive Customers,TEA BAG PLATE RED RETROSPOT,General engagement,Explore our latest offers selected specially for you.
15181.0,Occasional Buyers,KEY RING BASEBALL BOOT ASSORTED ,General engagement,Explore our latest offers selected specially for you.
15182.0,Inactive Customers,GIN + TONIC DIET METAL SIGN,General engagement,Explore our latest offers selected specially for you.
15184.0,Occasional Buyers,IVORY HANGING DECORATION  EGG,General engagement,Explore our latest offers selected specially for you.
15185.0,Occasional Buyers,CHRISTMAS TREE PAINTED ZINC ,General engagement,Explore our latest offers selected specially for you.
15186.0,Occasional Buyers,PLACE SETTING WHITE HEART,General engagement,Explore our latest offers selected specially for you.
15187.0,Loyal Customers,MULTI COLOUR SILVER T-LIGHT HOLDER,Increase repeat purchases,We appreciate your loyalty! Get a special offer on MULTI COLOUR SILVER T-LIGHT HOLDER and continue enjoying your favorite picks.
15189.0,Loyal Customers,HANGING JAM JAR T-LIGHT HOLDER,Increase repeat purchases,We appreciate your loyalty! Get a special offer on HANGING JAM JAR T-LIGHT HOLDER and continue enjoying your favorite picks.
15192.0,Occasional Buyers,BROCADE RING PURSE ,General engagement,Explore our latest offers selected specially for you.
15193.0,Occasional Buyers,WORLD WAR 2 GLIDERS ASSTD DESIGNS,General engagement,Explore our latest offers selected specially for you.
15194.0,Loyal Customers,HANGING PHOTO CLIP ROPE LADDER,Increase repeat purchases,We appreciate your loyalty! Get a special offer on HANGING PHOTO CLIP ROPE LADDER and continue enjoying your favorite picks.
15195.0,Occasional Buyers,METAL SIGN TAKE IT OR LEAVE IT ,General engagement,Explore our latest offers selected specially for you.
15197.0,Occasional Buyers,ROTATING SILVER ANGELS T-LIGHT HLDR,General engagement,Explore our latest offers selected specially for you.
15198.0,Occasional Buyers,GROW A FLYTRAP OR SUNFLOWER IN TIN,General engagement,Explore our latest offers selected specially for you.
15199.0,Occasional Buyers,PINK BABY BUNTING,General engagement,Explore our latest offers selected specially for you.
15201.0,Occasional Buyers,JAM MAKING SET PRINTED,General engagement,Explore our latest offers selected specially for you.
15203.0,Occasional Buyers,JIGSAW TREE WITH WATERING CAN,General engagement,Explore our latest offers selected specially for you.
15204.0,Inactive Customers,MINI JIGSAW SPACEBOY,General engagement,Explore our latest offers selected specially for you.
15205.0,Occasional Buyers,DAIRY MAID STRIPE MUG,General engagement,Explore our latest offers selected specially for you.
15206.0,Occasional Buyers,GREEN REGENCY TEACUP AND SAUCER,General engagement,Explore our latest offers selected specially for you.
15208.0,Occasional Buyers,36 PENCILS TUBE RED RETROSPOT,General engagement,Explore our latest offers selected specially for you.
15210.0,Inactive Customers,MINI CAKE STAND T-LIGHT HOLDER,General engagement,Explore our latest offers selected specially for you.
15211.0,Occasional Buyers,ANTIQUE SILVER T-LIGHT GLASS,General engagement,Explore our latest offers selected specially for you.
15212.0,Inactive Customers,HEART IVORY TRELLIS LARGE,General engagement,Explore our latest offers selected specially for you.
15213.0,Inactive Customers,RED RETROSPOT WRAP ,General engagement,Explore our latest offers selected specially for you.
15214.0,Occasional Buyers,CHRISTMAS METAL POSTCARD WITH BELLS,General engagement,Explore our latest offers selected specially for you.
15215.0,Occasional Buyers,HAND WARMER RED LOVE HEART,General engagement,Explore our latest offers selected specially for you.
15216.0,Occasional Buyers,LUNCH BAG  BLACK SKULL.,General engagement,Explore our latest offers selected specially for you.
15218.0,Occasional Buyers,LARGE CIRCULAR MIRROR MOBILE,General engagement,Explore our latest offers selected specially for you.
15219.0,Inactive Customers,GLASS APOTHECARY BOTTLE TONIC,General engagement,Explore our latest offers selected specially for you.
15220.0,Occasional Buyers,SET/6 COLLAGE PAPER CUPS,General engagement,Explore our latest offers selected specially for you.
15221.0,Inactive Customers,WOOD 2 DRAWER CABINET WHITE FINISH,General engagement,Explore our latest offers selected specially for you.
15222.0,Inactive Customers,CHARLOTTE BAG SUKI DESIGN,General engagement,Explore our latest offers selected specially for you.
15223.0,Inactive Customers,PACK OF 72 RETROSPOT CAKE CASES,General engagement,Explore our latest offers selected specially for you.
15224.0,Inactive Customers,60 TEATIME FAIRY CAKE CASES,General engagement,Explore our latest offers selected specially for you.
15225.0,Inactive Customers,"KEY FOB , BACK DOOR ",General engagement,Explore our latest offers selected specially for you.
15226.0,Inactive Customers,PACK OF 12 HEARTS DESIGN TISSUES ,General engagement,Explore our latest offers selected specially for you.
15227.0,Occasional Buyers,PACK OF 12 HEARTS DESIGN TISSUES ,General engagement,Explore our latest offers selected specially for you.
15228.0,Occasional Buyers,60 CAKE CASES DOLLY GIRL DESIGN,General engagement,Explore our latest offers selected specially for you.
15230.0,Inactive Customers,EMPIRE GIFT WRAP,General engagement,Explore our latest offers selected specially for you.
15232.0,Occasional Buyers,CHARLOTTE BAG APPLES DESIGN,General engagement,Explore our latest offers selected specially for you.
15234.0,Inactive Customers,FENG SHUI PILLAR CANDLE,General engagement,Explore our latest offers selected specially for you.
15235.0,Inactive Customers,WRAP DAISY CARPET ,General engagement,Explore our latest offers selected specially for you.
15236.0,Inactive Customers,GINGHAM ROSE WRAP,General engagement,Explore our latest offers selected specially for you.
15237.0,Occasional Buyers,HAIRCLIPS FORTIES FABRIC ASSORTED,General engagement,Explore our latest offers selected specially for you.
15238.0,Occasional Buyers,ASSORTED COLOUR BIRD ORNAMENT,General engagement,Explore our latest offers selected specially for you.
15239.0,Occasional Buyers,WORLD WAR 2 GLIDERS ASSTD DESIGNS,General engagement,Explore our latest offers selected specially for you.
15240.0,Occasional Buyers,NAMASTE SWAGAT INCENSE,General engagement,Explore our latest offers selected specially for you.
15241.0,Occasional Buyers,RED POLKADOT BEAKER ,General engagement,Explore our latest offers selected specially for you.
15243.0,Occasional Buyers,PINK POLKADOT WRAP ,General engagement,Explore our latest offers selected specially for you.
15244.0,Occasional Buyers,PACK OF 6 BIRDY GIFT TAGS,General engagement,Explore our latest offers selected specially for you.
15245.0,Occasional Buyers,NATURAL SLATE HEART CHALKBOARD ,General engagement,Explore our latest offers selected specially for you.
15246.0,Inactive Customers,MINI PAINT SET VINTAGE ,General engagement,Explore our latest offers selected specially for you.
15247.0,Occasional Buyers,CANDLEHOLDER PINK HANGING HEART,General engagement,Explore our latest offers selected specially for you.
15249.0,Occasional Buyers,LUNCH BAG SUKI DESIGN ,General engagement,Explore our latest offers selected specially for you.
15251.0,Occasional Buyers,60 CAKE CASES VINTAGE CHRISTMAS,General engagement,Explore our latest offers selected specially for you.
15252.0,Occasional Buyers,FANCY FONTS BIRTHDAY WRAP,General engagement,Explore our latest offers selected specially for you.
15253.0,Occasional Buyers,FUNKY DIVA PEN,General engagement,Explore our latest offers selected specially for you.
15254.0,Occasional Buyers,BUBBLEGUM RING ASSORTED,General engagement,Explore our latest offers selected specially for you.
15255.0,Occasional Buyers,RED RETROSPOT WRAP ,General engagement,Explore our latest offers selected specially for you.
15256.0,Inactive Customers,AREA PATROLLED METAL SIGN,General engagement,Explore our latest offers selected specially for you.
15257.0,Inactive Customers,CLEAR DRAWER KNOB ACRYLIC EDWARDIAN,General engagement,Explore our latest offers selected specially for you.
15258.0,Inactive Customers,MINIATURE ANTIQUE ROSE HOOK IVORY,General engagement,Explore our latest offers selected specially for you.
15260.0,Occasional Buyers,HANGING HEART JAR T-LIGHT HOLDER,General engagement,Explore our latest offers selected specially for you.
15261.0,Occasional Buyers,SET/6 COLLAGE PAPER CUPS,General engagement,Explore our latest offers selected specially for you.
15262.0,Inactive Customers,HANGING HEART JAR T-LIGHT HOLDER,General engagement,Explore our latest offers selected specially for you.
15263.0,Occasional Buyers,CACTI T-LIGHT CANDLES,General engagement,Explore our latest offers selected specially for you.
15264.0,Occasional Buyers,CHRISTMAS RETROSPOT STAR WOOD,General engagement,Explore our latest offers selected specially for you.
15265.0,Inactive Customers,ASSORTED COLOUR BIRD ORNAMENT,General engagement,Explore our latest offers selected specially for you.
15266.0,Inactive Customers,SET 3 WICKER STORAGE BASKETS ,General engagement,Explore our latest offers selected specially for you.
15267.0,Occasional Buyers,RED ROCKING HORSE HAND PAINTED,General engagement,Explore our latest offers selected specially for you.
15269.0,Occasional Buyers,CHILLI LIGHTS,General engagement,Explore our latest offers selected specially for you.
15270.0,Occasional Buyers,LARGE CIRCULAR MIRROR MOBILE,General engagement,Explore our latest offers selected specially for you.
15271.0,Loyal Customers,60 CAKE CASES VINTAGE CHRISTMAS,Increase repeat purchases,We appreciate your loyalty! Get a special offer on 60 CAKE CASES VINTAGE CHRISTMAS and continue enjoying your favorite picks.
15272.0,Occasional Buyers,ASSTD MULTICOLOUR CIRCLES MUG,General engagement,Explore our latest offers selected specially for you.
15274.0,Occasional Buyers,WOODEN HEART CHRISTMAS SCANDINAVIAN,General engagement,Explore our latest offers selected specially for you.
15275.0,Occasional Buyers,ANGEL DECORATION 3 BUTTONS ,General engagement,Explore our latest offers selected specially for you.
15276.0,Occasional Buyers,PINK VINTAGE SPOT BEAKER,General engagement,Explore our latest offers selected specially for you.
15277.0,Occasional Buyers,WORLD WAR 2 GLIDERS ASSTD DESIGNS,General engagement,Explore our latest offers selected specially for you.
15279.0,Inactive Customers,WHITE HEART CONFETTI IN TUBE,General engagement,Explore our latest offers selected specially for you.
15280.0,Inactive Customers,SET/20 STRAWBERRY PAPER NAPKINS ,General engagement,Explore our latest offers selected specially for you.
15281.0,Occasional Buyers,ETCHED GLASS COASTER,General engagement,Explore our latest offers selected specially for you.
15286.0,Occasional Buyers,CHOCOLATE HOT WATER BOTTLE,General engagement,Explore our latest offers selected specially for you.
15287.0,Occasional Buyers,SKULLS AND CROSSBONES WRAP,General engagement,Explore our latest offers selected specially for you.
15288.0,Occasional Buyers,RECIPE BOX PANTRY YELLOW DESIGN,General engagement,Explore our latest offers selected specially for you.
15289.0,Occasional Buyers,CACTI T-LIGHT CANDLES,General engagement,Explore our latest offers selected specially for you.
15290.0,Loyal Customers,LAUREL HEART ANTIQUE SILVER,Increase repeat purchases,We appreciate your loyalty! Get a special offer on LAUREL HEART ANTIQUE SILVER and continue enjoying your favorite picks.
15291.0,Loyal Customers,GARLAND WOODEN HAPPY EASTER,Increase repeat purchases,We appreciate your loyalty! Get a special offer on GARLAND WOODEN HAPPY EASTER and continue enjoying your favorite picks.
15292.0,Inactive Customers,SMALL STRIPES CHOCOLATE GIFT BAG ,General engagement,Explore our latest offers selected specially for you.
15296.0,Occasional Buyers,WORLD WAR 2 GLIDERS ASSTD DESIGNS,General engagement,Explore our latest offers selected specially for you.
15297.0,Occasional Buyers,VINTAGE SNAP CARDS,General engagement,Explore our latest offers selected specially for you.
15298.0,Occasional Buyers,COLOUR GLASS. STAR T-LIGHT HOLDER,General engagement,Explore our latest offers selected specially for you.
15299.0,Occasional Buyers,ASSORTED COLOUR T-LIGHT HOLDER,General engagement,Explore our latest offers selected specially for you.
15300.0,Occasional Buyers,36 DOILIES VINTAGE CHRISTMAS,General engagement,Explore our latest offers selected specially for you.
15301.0,Occasional Buyers,DAIRY MAID STRIPE MUG,General engagement,Explore our latest offers selected specially for you.
15303.0,Inactive Customers,CANDLEHOLDER PINK HANGING HEART,General engagement,Explore our latest offers selected specially for you.
15304.0,Occasional Buyers,REGENCY CAKESTAND 3 TIER,General engagement,Explore our latest offers selected specially for you.
15306.0,Occasional Buyers,BUBBLEGUM RING ASSORTED,General engagement,Explore our latest offers selected specially for you.
15307.0,Occasional Buyers,HOT STUFF HOT WATER BOTTLE,General engagement,Explore our latest offers selected specially for you.
15308.0,Inactive Customers,WORLD WAR 2 GLIDERS ASSTD DESIGNS,General engagement,Explore our latest offers selected specially for you.
15311.0,Champions,JUMBO BAG RED RETROSPOT,General engagement,Explore our latest offers selected specially for you.
15312.0,Occasional Buyers,WHITE HANGING HEART T-LIGHT HOLDER,General engagement,Explore our latest offers selected specially for you.
15313.0,Occasional Buyers,JUMBO BAG RED RETROSPOT,General engagement,Explore our latest offers selected specially for you.
15314.0,Inactive Customers,WORLD WAR 2 GLIDERS ASSTD DESIGNS,General engagement,Explore our latest offers selected specially for you.
15315.0,Occasional Buyers,DOVE DECORATION PAINTED ZINC ,General engagement,Explore our latest offers selected specially for you.
15316.0,Inactive Customers,JUMBO BAG OWLS,General engagement,Explore our latest offers selected specially for you.
15318.0,Occasional Buyers,CERAMIC CHERRY CAKE MONEY BANK,General engagement,Explore our latest offers selected specially for you.
15319.0,Inactive Customers,GINGHAM ROSE WRAP,General engagement,Explore our latest offers selected specially for you.
15320.0,Occasional Buyers,WOODEN HEART CHRISTMAS SCANDINAVIAN,General engagement,Explore our latest offers selected specially for you.
15321.0,Occasional Buyers,RECYCLING BAG RETROSPOT ,General engagement,Explore our latest offers selected specially for you.
15322.0,Occasional Buyers,WORLD WAR 2 GLIDERS ASSTD DESIGNS,General engagement,Explore our latest offers selected specially for you.
15325.0,Occasional Buyers,WRAP ALPHABET DESIGN,General engagement,Explore our latest offers selected specially for you.
15326.0,Inactive Customers,PINK PAISLEY ROSE GIFT WRAP,General engagement,Explore our latest offers selected specially for you.
15327.0,Occasional Buyers,BOX OF 24 COCKTAIL PARASOLS,General engagement,Explore our latest offers selected specially for you.
15329.0,Occasional Buyers,EMPIRE GIFT WRAP,General engagement,Explore our latest offers selected specially for you.
15330.0,Occasional Buyers,"FEATHER PEN,COAL BLACK",General engagement,Explore our latest offers selected specially for you.
15332.0,Inactive Customers,FELTCRAFT DOLL ROSIE,General engagement,Explore our latest offers selected specially for you.
15333.0,Inactive Customers,FELTCRAFT CHRISTMAS FAIRY,General engagement,Explore our latest offers selected specially for you.
15334.0,Inactive Customers,RED RETROSPOT CHARLOTTE BAG,General engagement,Explore our latest offers selected specially for you.
15335.0,Occasional Buyers,T-LIGHT GLASS FLUTED ANTIQUE,General engagement,Explore our latest offers selected specially for you.
15339.0,Occasional Buyers,HEART DECORATION RUSTIC HANGING ,General engagement,Explore our latest offers selected specially for you.
15341.0,Occasional Buyers,JUMBO BAG 50'S CHRISTMAS ,General engagement,Explore our latest offers selected specially for you.
15342.0,Occasional Buyers,BLUE CHARLIE+LOLA PERSONAL DOORSIGN,General engagement,Explore our latest offers selected specially for you.
15343.0,Occasional Buyers,BLUE DRAWER KNOB ACRYLIC EDWARDIAN,General engagement,Explore our latest offers selected specially for you.
15344.0,Occasional Buyers,DARK BIRD HOUSE TREE DECORATION,General engagement,Explore our latest offers selected specially for you.
15345.0,Occasional Buyers,CLEAR DRAWER KNOB ACRYLIC EDWARDIAN,General engagement,Explore our latest offers selected specially for you.
15346.0,Inactive Customers,PACK OF 12 TRADITIONAL CRAYONS,General engagement,Explore our latest offers selected specially for you.
15347.0,Inactive Customers,CLOTHES PEGS RETROSPOT PACK 24 ,General engagement,Explore our latest offers selected specially for you.
15348.0,Occasional Buyers,CARD PSYCHEDELIC APPLES,General engagement,Explore our latest offers selected specially for you.
15349.0,Inactive Customers,HEART DECORATION WITH PEARLS ,General engagement,Explore our latest offers selected specially for you.
15350.0,Inactive Customers,HAND WARMER BABUSHKA DESIGN,General engagement,Explore our latest offers selected specially for you.
15351.0,Occasional Buyers,CAMOUFLAGE LED TORCH,General engagement,Explore our latest offers selected specially for you.
15353.0,Inactive Customers,HAND WARMER UNION JACK,General engagement,Explore our latest offers selected specially for you.
15355.0,Occasional Buyers,15CM CHRISTMAS GLASS BALL 20 LIGHTS,General engagement,Explore our latest offers selected specially for you.
15356.0,Occasional Buyers,YOU'RE CONFUSING ME METAL SIGN ,General engagement,Explore our latest offers selected specially for you.
15358.0,Loyal Customers,WORLD WAR 2 GLIDERS ASSTD DESIGNS,Increase repeat purchases,We appreciate your loyalty! Get a special offer on WORLD WAR 2 GLIDERS ASSTD DESIGNS and continue enjoying your favorite picks.
15360.0,Occasional Buyers,BAG 125g SWIRLY MARBLES,General engagement,Explore our latest offers selected specially for you.
15361.0,Inactive Customers,VICTORIAN GLASS HANGING T-LIGHT,General engagement,Explore our latest offers selected specially for you.
15363.0,Inactive Customers,PAINT YOUR OWN CANVAS SET,General engagement,Explore our latest offers selected specially for you.
15364.0,Occasional Buyers,WOODEN UNION JACK BUNTING,General engagement,Explore our latest offers selected specially for you.
15365.0,Occasional Buyers,SKULLS AND CROSSBONES WRAP,General engagement,Explore our latest offers selected specially for you.
15366.0,Occasional Buyers,RED RETROSPOT WRAP ,General engagement,Explore our latest offers selected specially for you.
15367.0,Occasional Buyers,COLOUR GLASS T-LIGHT HOLDER HANGING,General engagement,Explore our latest offers selected specially for you.
15368.0,Occasional Buyers,JINGLE BELL HEART ANTIQUE SILVER,General engagement,Explore our latest offers selected specially for you.
15370.0,Occasional Buyers,SET OF 16 VINTAGE ROSE CUTLERY,General engagement,Explore our latest offers selected specially for you.
15372.0,Occasional Buyers,SET 12 KIDS COLOUR  CHALK STICKS,General engagement,Explore our latest offers selected specially for you.
15373.0,Occasional Buyers,"SET 3 RETROSPOT TEA,COFFEE,SUGAR",General engagement,Explore our latest offers selected specially for you.
15374.0,Occasional Buyers,SMALL MEDINA STAMPED METAL BOWL ,General engagement,Explore our latest offers selected specially for you.
15376.0,Occasional Buyers,HOMEMADE JAM SCENTED CANDLES,General engagement,Explore our latest offers selected specially for you.
15379.0,Inactive Customers,PORCELAIN BUDAH INCENSE HOLDER,General engagement,Explore our latest offers selected specially for you.
15380.0,Occasional Buyers,HAND OPEN SHAPE DECO.WHITE,General engagement,Explore our latest offers selected specially for you.
15381.0,Inactive Customers,STRAWBERRY HONEYCOMB  GARLAND ,General engagement,Explore our latest offers selected specially for you.
15382.0,Occasional Buyers,WORLD WAR 2 GLIDERS ASSTD DESIGNS,General engagement,Explore our latest offers selected specially for you.
15384.0,Inactive Customers,SKULLS AND CROSSBONES WRAP,General engagement,Explore our latest offers selected specially for you.
15385.0,Occasional Buyers,COLOUR GLASS. STAR T-LIGHT HOLDER,General engagement,Explore our latest offers selected specially for you.
15386.0,Inactive Customers,MINI PAINT SET VINTAGE ,General engagement,Explore our latest offers selected specially for you.
15388.0,Inactive Customers,COLOUR GLASS T-LIGHT HOLDER HANGING,General engagement,Explore our latest offers selected specially for you.
15389.0,Inactive Customers,SOMBRERO ,General engagement,Explore our latest offers selected specially for you.
15392.0,Occasional Buyers,MUSICAL ZINC HEART DECORATION ,General engagement,Explore our latest offers selected specially for you.
15393.0,Occasional Buyers,ASSORTED COLOUR BIRD ORNAMENT,General engagement,Explore our latest offers selected specially for you.
15394.0,Occasional Buyers,JUMBO BAG RED RETROSPOT,General engagement,Explore our latest offers selected specially for you.
15395.0,Inactive Customers,BAKING SET 9 PIECE RETROSPOT ,General engagement,Explore our latest offers selected specially for you.
15396.0,Occasional Buyers,ICE CREAM SUNDAE LIP GLOSS,General engagement,Explore our latest offers selected specially for you.
15397.0,Inactive Customers,ENAMEL MEASURING JUG CREAM,General engagement,Explore our latest offers selected specially for you.
15398.0,Occasional Buyers,60 CAKE CASES VINTAGE CHRISTMAS,General engagement,Explore our latest offers selected specially for you.
15399.0,Occasional Buyers,CHRISTMAS METAL POSTCARD WITH BELLS,General engagement,Explore our latest offers selected specially for you.
15400.0,Occasional Buyers,PACK OF 6 SANDCASTLE FLAGS ASSORTED,General engagement,Explore our latest offers selected specially for you.
15402.0,Inactive Customers,ASSORTED INCENSE PACK,General engagement,Explore our latest offers selected specially for you.
15405.0,Inactive Customers,VICTORIAN GLASS HANGING T-LIGHT,General engagement,Explore our latest offers selected specially for you.
15406.0,Occasional Buyers,DECORATION SITTING BUNNY,General engagement,Explore our latest offers selected specially for you.
15407.0,Occasional Buyers,"KEY FOB , BACK DOOR ",General engagement,Explore our latest offers selected specially for you.
15408.0,Inactive Customers,ASSORTED SANSKRIT MINI NOTEBOOK,General engagement,Explore our latest offers selected specially for you.
15410.0,Occasional Buyers,PAPER CHAIN KIT EMPIRE,General engagement,Explore our latest offers selected specially for you.
15411.0,Occasional Buyers,MINIATURE ANTIQUE ROSE HOOK IVORY,General engagement,Explore our latest offers selected specially for you.
15412.0,Inactive Customers,PLACE SETTING WHITE HEART,General engagement,Explore our latest offers selected specially for you.
15414.0,Occasional Buyers,JAZZ HEARTS PURSE NOTEBOOK,General engagement,Explore our latest offers selected specially for you.
15415.0,Inactive Customers,72 SWEETHEART FAIRY CAKE CASES,General engagement,Explore our latest offers selected specially for you.
15416.0,Occasional Buyers,ASSORTED COLOUR BIRD ORNAMENT,General engagement,Explore our latest offers selected specially for you.
15417.0,Occasional Buyers,PACK OF 60 SPACEBOY CAKE CASES,General engagement,Explore our latest offers selected specially for you.
15419.0,Occasional Buyers,LIPSTICK PEN FUSCHIA,General engagement,Explore our latest offers selected specially for you.
15421.0,Occasional Buyers,FANCY FONTS BIRTHDAY WRAP,General engagement,Explore our latest offers selected specially for you.
15422.0,Inactive Customers,TEA BAG PLATE RED RETROSPOT,General engagement,Explore our latest offers selected specially for you.
15423.0,Occasional Buyers,LIPSTICK PEN FUSCHIA,General engagement,Explore our latest offers selected specially for you.
15424.0,Inactive Customers,GIRLS ALPHABET IRON ON PATCHES ,General engagement,Explore our latest offers selected specially for you.
15426.0,Occasional Buyers,BLACK RECORD COVER FRAME,General engagement,Explore our latest offers selected specially for you.
15427.0,Occasional Buyers,CARD MOTORBIKE SANTA,General engagement,Explore our latest offers selected specially for you.
15428.0,Occasional Buyers,CHRISTMAS HANGING STAR WITH BELL,General engagement,Explore our latest offers selected specially for you.
15429.0,Occasional Buyers,WORLD WAR 2 GLIDERS ASSTD DESIGNS,General engagement,Explore our latest offers selected specially for you.
15432.0,Occasional Buyers,HOT BATHS METAL SIGN,General engagement,Explore our latest offers selected specially for you.
15433.0,Inactive Customers,60 TEATIME FAIRY CAKE CASES,General engagement,Explore our latest offers selected specially for you.
15434.0,Occasional Buyers,GROW A FLYTRAP OR SUNFLOWER IN TIN,General engagement,Explore our latest offers selected specially for you.
15435.0,Occasional Buyers,PACK OF 60 SPACEBOY CAKE CASES,General engagement,Explore our latest offers selected specially for you.
15436.0,Occasional Buyers,CARD CHRISTMAS VILLAGE,General engagement,Explore our latest offers selected specially for you.
15437.0,Inactive Customers,FAIRY CAKE FLANNEL ASSORTED COLOUR,General engagement,Explore our latest offers selected specially for you.
15438.0,Occasional Buyers,HOMEMADE JAM SCENTED CANDLES,General engagement,Explore our latest offers selected specially for you.
15440.0,Occasional Buyers,36 PENCILS TUBE RED RETROSPOT,General engagement,Explore our latest offers selected specially for you.
15442.0,Inactive Customers,EDWARDIAN PARASOL NATURAL,General engagement,Explore our latest offers selected specially for you.
15443.0,Occasional Buyers,6 GIFT TAGS 50'S CHRISTMAS ,General engagement,Explore our latest offers selected specially for you.
15444.0,Occasional Buyers,SMALL HANGING IVORY/RED WOOD BIRD,General engagement,Explore our latest offers selected specially for you.
15445.0,Inactive Customers,ASSORTED EASTER DECORATIONS  BELLS,General engagement,Explore our latest offers selected specially for you.
15447.0,Inactive Customers,COLOUR GLASS T-LIGHT HOLDER HANGING,General engagement,Explore our latest offers selected specially for you.
15448.0,Inactive Customers,HANGING CHICK CREAM DECORATION,General engagement,Explore our latest offers selected specially for you.
15449.0,Occasional Buyers,CACTI T-LIGHT CANDLES,General engagement,Explore our latest offers selected specially for you.
15450.0,Occasional Buyers,10 COLOUR SPACEBOY PEN,General engagement,Explore our latest offers selected specially for you.
15452.0,Occasional Buyers,BUNDLE OF 3 ALPHABET EXERCISE BOOKS,General engagement,Explore our latest offers selected specially for you.
15453.0,Occasional Buyers,GROW A FLYTRAP OR SUNFLOWER IN TIN,General engagement,Explore our latest offers selected specially for you.
15454.0,Inactive Customers,PARTY CONES CARNIVAL ASSORTED,General engagement,Explore our latest offers selected specially for you.
15456.0,Inactive Customers,ASSORTED INCENSE PACK,General engagement,Explore our latest offers selected specially for you.
15457.0,Inactive Customers,VICTORIAN GLASS HANGING T-LIGHT,General engagement,Explore our latest offers selected specially for you.
15458.0,Occasional Buyers,CHRISTMAS PUDDING TRINKET POT ,General engagement,Explore our latest offers selected specially for you.
15460.0,Inactive Customers,LAVENDER SCENT CAKE CANDLE,General engagement,Explore our latest offers selected specially for you.
15462.0,Occasional Buyers,BLUE SPOT CERAMIC DRAWER KNOB,General engagement,Explore our latest offers selected specially for you.
15463.0,Occasional Buyers,PENS ASSORTED FUNKY JEWELED ,General engagement,Explore our latest offers selected specially for you.
15464.0,Inactive Customers,BIRDHOUSE GARDEN MARKER ,General engagement,Explore our latest offers selected specially for you.
15465.0,Loyal Customers,REGENCY CAKESTAND 3 TIER,Increase repeat purchases,We appreciate your loyalty! Get a special offer on REGENCY CAKESTAND 3 TIER and continue enjoying your favorite picks.
15466.0,Occasional Buyers,GLASS HEART T-LIGHT HOLDER ,General engagement,Explore our latest offers selected specially for you.
15467.0,Occasional Buyers,VICTORIAN GLASS HANGING T-LIGHT,General engagement,Explore our latest offers selected specially for you.
15468.0,Occasional Buyers,CHRISTMAS TABLE SILVER CANDLE SPIKE,General engagement,Explore our latest offers selected specially for you.
15469.0,Occasional Buyers,60 CAKE CASES VINTAGE CHRISTMAS,General engagement,Explore our latest offers selected specially for you.
15471.0,Occasional Buyers,WHITE HANGING HEART T-LIGHT HOLDER,General engagement,Explore our latest offers selected specially for you.
15472.0,Occasional Buyers,HANGING HEART MIRROR DECORATION ,General engagement,Explore our latest offers selected specially for you.
15473.0,Occasional Buyers,PAPER CHAIN KIT 50'S CHRISTMAS ,General engagement,Explore our latest offers selected specially for you.
15475.0,Occasional Buyers, DOLLY GIRL BEAKER,General engagement,Explore our latest offers selected specially for you.
15478.0,Occasional Buyers,JINGLE BELL HEART DECORATION,General engagement,Explore our latest offers selected specially for you.
15480.0,Occasional Buyers,WRAP CHRISTMAS VILLAGE,General engagement,Explore our latest offers selected specially for you.
15482.0,Loyal Customers,VICTORIAN  METAL POSTCARD SPRING,Increase repeat purchases,We appreciate your loyalty! Get a special offer on VICTORIAN  METAL POSTCARD SPRING and continue enjoying your favorite picks.
15483.0,Inactive Customers,PAPER POCKET TRAVELING FAN ,General engagement,Explore our latest offers selected specially for you.
15484.0,Occasional Buyers,WORLD WAR 2 GLIDERS ASSTD DESIGNS,General engagement,Explore our latest offers selected specially for you.
15485.0,Occasional Buyers,PAPER CHAIN KIT 50'S CHRISTMAS ,General engagement,Explore our latest offers selected specially for you.
15488.0,Occasional Buyers,ANTIQUE SILVER T-LIGHT GLASS,General engagement,Explore our latest offers selected specially for you.
15489.0,Occasional Buyers,VINTAGE RED ENAMEL TRIM MUG ,General engagement,Explore our latest offers selected specially for you.
15491.0,Occasional Buyers,COOK WITH WINE METAL SIGN ,General engagement,Explore our latest offers selected specially for you.
15492.0,Occasional Buyers,TRADITIONAL MODELLING CLAY,General engagement,Explore our latest offers selected specially for you.
15493.0,Occasional Buyers,FENG SHUI PILLAR CANDLE,General engagement,Explore our latest offers selected specially for you.
15494.0,Occasional Buyers,WORLD WAR 2 GLIDERS ASSTD DESIGNS,General engagement,Explore our latest offers selected specially for you.
15497.0,Occasional Buyers,ASSORTED COLOUR BIRD ORNAMENT,General engagement,Explore our latest offers selected specially for you.
15498.0,Loyal Customers,WORLD WAR 2 GLIDERS ASSTD DESIGNS,Increase repeat purchases,We appreciate your loyalty! Get a special offer on WORLD WAR 2 GLIDERS ASSTD DESIGNS and continue enjoying your favorite picks.
15500.0,Occasional Buyers,TRAVEL CARD WALLET I LOVE LONDON,General engagement,Explore our latest offers selected specially for you.
15502.0,Loyal Customers,LARGE CIRCULAR MIRROR MOBILE,Increase repeat purchases,We appreciate your loyalty! Get a special offer on LARGE CIRCULAR MIRROR MOBILE and continue enjoying your favorite picks.
15503.0,Inactive Customers,12 PENCIL SMALL TUBE WOODLAND,General engagement,Explore our latest offers selected specially for you.
15504.0,Occasional Buyers,CUBIC MUG FLOCK PINK ON BROWN,General engagement,Explore our latest offers selected specially for you.
15505.0,Occasional Buyers,BLACK CHRISTMAS TREE 60CM,General engagement,Explore our latest offers selected specially for you.
15506.0,Occasional Buyers,GROW A FLYTRAP OR SUNFLOWER IN TIN,General engagement,Explore our latest offers selected specially for you.
15507.0,Inactive Customers,ASSORTED COLOUR BIRD ORNAMENT,General engagement,Explore our latest offers selected specially for you.
15508.0,Inactive Customers,DAIRY MAID STRIPE MUG,General engagement,Explore our latest offers selected specially for you.
15510.0,Inactive Customers,VINTAGE RED KITCHEN CABINET,General engagement,Explore our latest offers selected specially for you.
15511.0,Occasional Buyers,CUPCAKE LACE PAPER SET 6,General engagement,Explore our latest offers selected specially for you.
15512.0,Inactive Customers,4 PINK FLOCK CHRISTMAS BALLS,General engagement,Explore our latest offers selected specially for you.
15513.0,Loyal Customers,COLOUR GLASS T-LIGHT HOLDER HANGING,Increase repeat purchases,We appreciate your loyalty! Get a special offer on COLOUR GLASS T-LIGHT HOLDER HANGING and continue enjoying your favorite picks.
15514.0,Occasional Buyers,RABBIT NIGHT LIGHT,General engagement,Explore our latest offers selected specially for you.
15516.0,Occasional Buyers,GOLD MUG BONE CHINA TREE OF LIFE,General engagement,Explore our latest offers selected specially for you.
15517.0,Inactive Customers,DINOSAUR KEYRINGS ASSORTED,General engagement,Explore our latest offers selected specially for you.
15518.0,Occasional Buyers,PACK OF 12 LONDON TISSUES ,General engagement,Explore our latest offers selected specially for you.
15520.0,Occasional Buyers,ASSORTED BOTTLE TOP  MAGNETS ,General engagement,Explore our latest offers selected specially for you.
15521.0,Occasional Buyers,RABBIT NIGHT LIGHT,General engagement,Explore our latest offers selected specially for you.
15522.0,Occasional Buyers,WRAP VINTAGE LEAF DESIGN,General engagement,Explore our latest offers selected specially for you.
15523.0,Occasional Buyers,PINK FAIRY CAKE CHILDRENS APRON,General engagement,Explore our latest offers selected specially for you.
15524.0,Occasional Buyers,CHEST NATURAL WOOD 20 DRAWERS,General engagement,Explore our latest offers selected specially for you.
15525.0,Occasional Buyers,BLUE EGG  SPOON,General engagement,Explore our latest offers selected specially for you.
15526.0,Occasional Buyers,PICNIC BASKET WICKER LARGE,General engagement,Explore our latest offers selected specially for you.
15527.0,Occasional Buyers,WRAP ALPHABET DESIGN,General engagement,Explore our latest offers selected specially for you.
15528.0,Inactive Customers,POLYESTER FILLER PAD 40x40cm,General engagement,Explore our latest offers selected specially for you.
15529.0,Occasional Buyers,CHINESE DRAGON PAPER LANTERNS,General engagement,Explore our latest offers selected specially for you.
15530.0,Occasional Buyers,ANGEL DECORATION STARS ON DRESS,General engagement,Explore our latest offers selected specially for you.
15531.0,Occasional Buyers,AGED GLASS SILVER T-LIGHT HOLDER,General engagement,Explore our latest offers selected specially for you.
15532.0,Occasional Buyers,BROCADE RING PURSE ,General engagement,Explore our latest offers selected specially for you.
15533.0,Occasional Buyers,CUPCAKE LACE PAPER SET 6,General engagement,Explore our latest offers selected specially for you.
15535.0,Inactive Customers,ROSE 1 WICK MORRIS BOXED CANDLE,General engagement,Explore our latest offers selected specially for you.
15537.0,Inactive Customers,PARTY BUNTING,General engagement,Explore our latest offers selected specially for you.
15539.0,Occasional Buyers,ICE CREAM SUNDAE LIP GLOSS,General engagement,Explore our latest offers selected specially for you.
15540.0,Occasional Buyers,CHRISTMAS METAL POSTCARD WITH BELLS,General engagement,Explore our latest offers selected specially for you.
15541.0,Occasional Buyers,PAPER BUNTING RETROSPOT,General engagement,Explore our latest offers selected specially for you.
15543.0,Inactive Customers,PACK OF 12 HEARTS DESIGN TISSUES ,General engagement,Explore our latest offers selected specially for you.
15544.0,Occasional Buyers,SKULLS AND CROSSBONES WRAP,General engagement,Explore our latest offers selected specially for you.
15545.0,Occasional Buyers,CARD CIRCUS PARADE,General engagement,Explore our latest offers selected specially for you.
15547.0,Loyal Customers,"ASSORTED FLOWER COLOUR ""LEIS""",Increase repeat purchases,"We appreciate your loyalty! Get a special offer on ASSORTED FLOWER COLOUR ""LEIS"" and continue enjoying your favorite picks."
15549.0,Occasional Buyers,DOUGHNUT LIP GLOSS ,General engagement,Explore our latest offers selected specially for you.
15550.0,Occasional Buyers,VICTORIAN GLASS HANGING T-LIGHT,General engagement,Explore our latest offers selected specially for you.
15551.0,Occasional Buyers,HEART DECORATION RUSTIC HANGING ,General engagement,Explore our latest offers selected specially for you.
15552.0,Inactive Customers,FENG SHUI PILLAR CANDLE,General engagement,Explore our latest offers selected specially for you.
15553.0,Occasional Buyers,WRAP 50'S  CHRISTMAS,General engagement,Explore our latest offers selected specially for you.
15554.0,Inactive Customers,FRIDGE MAGNETS LA VIE EN ROSE,General engagement,Explore our latest offers selected specially for you.
15555.0,Loyal Customers,BROCADE RING PURSE ,Increase repeat purchases,We appreciate your loyalty! Get a special offer on BROCADE RING PURSE  and continue enjoying your favorite picks.
15556.0,Occasional Buyers,KEY RING BASEBALL BOOT ASSORTED ,General engagement,Explore our latest offers selected specially for you.
15557.0,Occasional Buyers,LAUREL STAR ANTIQUE GOLD,General engagement,Explore our latest offers selected specially for you.
15561.0,Occasional Buyers,TRADITIONAL NAUGHTS & CROSSES,General engagement,Explore our latest offers selected specially for you.
15562.0,Inactive Customers,AFGHAN SLIPPER SOCK PAIR,General engagement,Explore our latest offers selected specially for you.
15563.0,Occasional Buyers,DISCO BALL CHRISTMAS DECORATION,General engagement,Explore our latest offers selected specially for you.
15565.0,Occasional Buyers,COOK WITH WINE METAL SIGN ,General engagement,Explore our latest offers selected specially for you.
15567.0,Occasional Buyers,MEDIUM CERAMIC TOP STORAGE JAR,General engagement,Explore our latest offers selected specially for you.
15568.0,Occasional Buyers,TRAVEL CARD WALLET I LOVE LONDON,General engagement,Explore our latest offers selected specially for you.
15569.0,Occasional Buyers,SET/5 RED RETROSPOT LID GLASS BOWLS,General engagement,Explore our latest offers selected specially for you.
15570.0,Occasional Buyers,CHRISTMAS HANGING STAR WITH BELL,General engagement,Explore our latest offers selected specially for you.
15571.0,Occasional Buyers,TRADITIONAL MODELLING CLAY,General engagement,Explore our latest offers selected specially for you.
15572.0,Occasional Buyers,ASSORTED COLOUR BIRD ORNAMENT,General engagement,Explore our latest offers selected specially for you.
15573.0,Occasional Buyers,6 GIFT TAGS 50'S CHRISTMAS ,General engagement,Explore our latest offers selected specially for you.
15574.0,Inactive Customers,CARD MOTORBIKE SANTA,General engagement,Explore our latest offers selected specially for you.
15576.0,Occasional Buyers,PACK OF SIX LED TEA LIGHTS,General engagement,Explore our latest offers selected specially for you.
15577.0,Inactive Customers,CHILDRENS CUTLERY DOLLY GIRL ,General engagement,Explore our latest offers selected specially for you.
15578.0,Inactive Customers,GROW A FLYTRAP OR SUNFLOWER IN TIN,General engagement,Explore our latest offers selected specially for you.
15579.0,Occasional Buyers,DOUGHNUT LIP GLOSS ,General engagement,Explore our latest offers selected specially for you.
15581.0,Occasional Buyers,HAND WARMER BIRD DESIGN,General engagement,Explore our latest offers selected specially for you.
15582.0,Occasional Buyers,WRAP ALPHABET DESIGN,General engagement,Explore our latest offers selected specially for you.
15584.0,Occasional Buyers,LARGE CIRCULAR MIRROR MOBILE,General engagement,Explore our latest offers selected specially for you.
15585.0,Inactive Customers,HEART DECORATION PAINTED ZINC ,General engagement,Explore our latest offers selected specially for you.
15587.0,Occasional Buyers,BLACK RECORD COVER FRAME,General engagement,Explore our latest offers selected specially for you.
15589.0,Inactive Customers,60 TEATIME FAIRY CAKE CASES,General engagement,Explore our latest offers selected specially for you.
15592.0,Occasional Buyers,ICE CREAM SUNDAE LIP GLOSS,General engagement,Explore our latest offers selected specially for you.
15593.0,Occasional Buyers,BISCUIT TIN VINTAGE RED,General engagement,Explore our latest offers selected specially for you.
15594.0,Occasional Buyers,PACK OF 12 HEARTS DESIGN TISSUES ,General engagement,Explore our latest offers selected specially for you.
15596.0,Occasional Buyers,LARGE HEART MEASURING SPOONS,General engagement,Explore our latest offers selected specially for you.
15597.0,Occasional Buyers,HEART DECORATION RUSTIC HANGING ,General engagement,Explore our latest offers selected specially for you.
15598.0,Occasional Buyers,MULTI COLOUR SILVER T-LIGHT HOLDER,General engagement,Explore our latest offers selected specially for you.
15599.0,Occasional Buyers,SET OF 6 VINTAGE NOTELETS KIT,General engagement,Explore our latest offers selected specially for you.
15601.0,Loyal Customers,PORCELAIN BUDAH INCENSE HOLDER,Increase repeat purchases,We appreciate your loyalty! Get a special offer on PORCELAIN BUDAH INCENSE HOLDER and continue enjoying your favorite picks.
15602.0,Occasional Buyers,VICTORIAN GLASS HANGING T-LIGHT,General engagement,Explore our latest offers selected specially for you.
15603.0,Occasional Buyers,FRENCH STYLE STORAGE JAR CAFE ,General engagement,Explore our latest offers selected specially for you.
15604.0,Occasional Buyers,AGED GLASS SILVER T-LIGHT HOLDER,General engagement,Explore our latest offers selected specially for you.
15605.0,Occasional Buyers,LOVEBIRD HANGING DECORATION WHITE ,General engagement,Explore our latest offers selected specially for you.
15606.0,Occasional Buyers,HEART SHAPE WIRELESS DOORBELL,General engagement,Explore our latest offers selected specially for you.
15607.0,Inactive Customers,CAKES AND BOWS GIFT  TAPE,General engagement,Explore our latest offers selected specially for you.
15608.0,Occasional Buyers,BUBBLEGUM RING ASSORTED,General engagement,Explore our latest offers selected specially for you.
15609.0,Inactive Customers,COSY HOUR CIGAR BOX MATCHES ,General engagement,Explore our latest offers selected specially for you.
15610.0,Occasional Buyers,RED RETROSPOT SHOPPER BAG,General engagement,Explore our latest offers selected specially for you.
15611.0,Occasional Buyers,RABBIT NIGHT LIGHT,General engagement,Explore our latest offers selected specially for you.
15612.0,Occasional Buyers,HOMEMADE JAM SCENTED CANDLES,General engagement,Explore our latest offers selected specially for you.
15615.0,Loyal Customers,VICTORIAN GLASS HANGING T-LIGHT,Increase repeat purchases,We appreciate your loyalty! Get a special offer on VICTORIAN GLASS HANGING T-LIGHT and continue enjoying your favorite picks.
15618.0,Occasional Buyers,6 RIBBONS RUSTIC CHARM,General engagement,Explore our latest offers selected specially for you.
15619.0,Occasional Buyers,LUNCH BAG RED VINTAGE DOILY,General engagement,Explore our latest offers selected specially for you.
15620.0,Occasional Buyers,KITTY PENCIL ERASERS,General engagement,Explore our latest offers selected specially for you.
15621.0,Occasional Buyers,WHITE HANGING HEART T-LIGHT HOLDER,General engagement,Explore our latest offers selected specially for you.
15622.0,Occasional Buyers,TOILET SIGN OCCUPIED OR VACANT,General engagement,Explore our latest offers selected specially for you.
15623.0,Occasional Buyers,PACK OF 12 TRADITIONAL CRAYONS,General engagement,Explore our latest offers selected specially for you.
15624.0,Occasional Buyers,EASTER DECORATION HANGING BUNNY,General engagement,Explore our latest offers selected specially for you.
15625.0,Occasional Buyers,ASSORTED COLOURS SILK FAN,General engagement,Explore our latest offers selected specially for you.
15626.0,Occasional Buyers,MINI PAINTED GARDEN DECORATION ,General engagement,Explore our latest offers selected specially for you.
15628.0,Occasional Buyers,WOODEN HEART CHRISTMAS SCANDINAVIAN,General engagement,Explore our latest offers selected specially for you.
15630.0,Occasional Buyers,MINI PAINT SET VINTAGE ,General engagement,Explore our latest offers selected specially for you.
15632.0,Occasional Buyers,12 PENCILS SMALL TUBE SKULL,General engagement,Explore our latest offers selected specially for you.
15634.0,Occasional Buyers,HEART WOODEN CHRISTMAS DECORATION,General engagement,Explore our latest offers selected specially for you.
15636.0,Occasional Buyers,WHITE HANGING HEART T-LIGHT HOLDER,General engagement,Explore our latest offers selected specially for you.
15637.0,Occasional Buyers,WOODEN HEART CHRISTMAS SCANDINAVIAN,General engagement,Explore our latest offers selected specially for you.
15639.0,Occasional Buyers,BIRTHDAY BANQUET GIFT WRAP,General engagement,Explore our latest offers selected specially for you.
15640.0,Loyal Customers,WORLD WAR 2 GLIDERS ASSTD DESIGNS,Increase repeat purchases,We appreciate your loyalty! Get a special offer on WORLD WAR 2 GLIDERS ASSTD DESIGNS and continue enjoying your favorite picks.
15641.0,Occasional Buyers,MINI PAINTED GARDEN DECORATION ,General engagement,Explore our latest offers selected specially for you.
15643.0,Inactive Customers,RED RETROSPOT WRAP ,General engagement,Explore our latest offers selected specially for you.
15644.0,Inactive Customers,SMOKEY GREY COLOUR D.O.F. GLASS,General engagement,Explore our latest offers selected specially for you.
15645.0,Occasional Buyers,RED HANGING HEART T-LIGHT HOLDER,General engagement,Explore our latest offers selected specially for you.
15646.0,Inactive Customers,SMALLFOLKART BAUBLE CHRISTMAS DEC,General engagement,Explore our latest offers selected specially for you.
15648.0,Inactive Customers,HEART OF WICKER SMALL,General engagement,Explore our latest offers selected specially for you.
15649.0,Inactive Customers,CHILLI LIGHTS,General engagement,Explore our latest offers selected specially for you.
15651.0,Occasional Buyers,PACK OF 12 LONDON TISSUES ,General engagement,Explore our latest offers selected specially for you.
15652.0,Occasional Buyers,"ASSORTED FLOWER COLOUR ""LEIS""",General engagement,Explore our latest offers selected specially for you.
15653.0,Occasional Buyers,CHRISTMAS RETROSPOT ANGEL WOOD,General engagement,Explore our latest offers selected specially for you.
15654.0,Occasional Buyers,VINTAGE BILLBOARD LOVE/HATE MUG,General engagement,Explore our latest offers selected specially for you.
15655.0,Inactive Customers,WRAP ENGLISH ROSE ,General engagement,Explore our latest offers selected specially for you.
15656.0,Occasional Buyers,RED ROCKING HORSE HAND PAINTED,General engagement,Explore our latest offers selected specially for you.
15657.0,Occasional Buyers,SET OF 4 PANTRY JELLY MOULDS,General engagement,Explore our latest offers selected specially for you.
15658.0,Inactive Customers,ROSES REGENCY TEACUP AND SAUCER ,General engagement,Explore our latest offers selected specially for you.
15659.0,Occasional Buyers,FLUTED ANTIQUE CANDLE HOLDER,General engagement,Explore our latest offers selected specially for you.
15660.0,Occasional Buyers,MULTI COLOUR SILVER T-LIGHT HOLDER,General engagement,Explore our latest offers selected specially for you.
15661.0,Inactive Customers,HEART OF WICKER SMALL,General engagement,Explore our latest offers selected specially for you.
15663.0,Occasional Buyers,BOUDOIR SQUARE TISSUE BOX,General engagement,Explore our latest offers selected specially for you.
15664.0,Occasional Buyers,ASSORTED COLOUR BIRD ORNAMENT,General engagement,Explore our latest offers selected specially for you.
15665.0,Inactive Customers,ETCHED GLASS COASTER,General engagement,Explore our latest offers selected specially for you.
15667.0,Occasional Buyers,PACK OF 12 RED APPLE TISSUES,General engagement,Explore our latest offers selected specially for you.
15668.0,Inactive Customers,ANTIQUE SILVER T-LIGHT GLASS,General engagement,Explore our latest offers selected specially for you.
15669.0,Occasional Buyers,RABBIT NIGHT LIGHT,General engagement,Explore our latest offers selected specially for you.
15670.0,Inactive Customers,FELT EGG COSY BLUE RABBIT ,General engagement,Explore our latest offers selected specially for you.
15671.0,Occasional Buyers,PAPER CHAIN KIT 50'S CHRISTMAS ,General engagement,Explore our latest offers selected specially for you.
15673.0,Occasional Buyers,SET 12 KIDS  WHITE CHALK STICKS,General engagement,Explore our latest offers selected specially for you.
15674.0,Occasional Buyers,WORLD WAR 2 GLIDERS ASSTD DESIGNS,General engagement,Explore our latest offers selected specially for you.
15675.0,Occasional Buyers,PIECE OF CAMO STATIONERY SET,General engagement,Explore our latest offers selected specially for you.
15676.0,Occasional Buyers,CHRISTMAS TREE PAINTED ZINC ,General engagement,Explore our latest offers selected specially for you.
15677.0,Occasional Buyers,60 CAKE CASES VINTAGE CHRISTMAS,General engagement,Explore our latest offers selected specially for you.
15678.0,Occasional Buyers,JUMBO BAG RED RETROSPOT,General engagement,Explore our latest offers selected specially for you.
15679.0,Occasional Buyers,TRAVEL CARD WALLET SUKI,General engagement,Explore our latest offers selected specially for you.
15680.0,Occasional Buyers,PLACE SETTING WHITE HEART,General engagement,Explore our latest offers selected specially for you.
15681.0,Occasional Buyers,HANGING HEART JAR T-LIGHT HOLDER,General engagement,Explore our latest offers selected specially for you.
15683.0,Occasional Buyers,FUNKY DIVA PEN,General engagement,Explore our latest offers selected specially for you.
15687.0,Occasional Buyers,PACK OF 60 PINK PAISLEY CAKE CASES,General engagement,Explore our latest offers selected specially for you.
15689.0,Occasional Buyers,GUMBALL MAGAZINE RACK,General engagement,Explore our latest offers selected specially for you.
15690.0,Occasional Buyers,DECORATION SITTING BUNNY,General engagement,Explore our latest offers selected specially for you.
15691.0,Inactive Customers,PACK OF 6 BIRDY GIFT TAGS,General engagement,Explore our latest offers selected specially for you.
15692.0,Occasional Buyers,DARK BIRD HOUSE TREE DECORATION,General engagement,Explore our latest offers selected specially for you.
15694.0,Loyal Customers,BLACK RECORD COVER FRAME,Increase repeat purchases,We appreciate your loyalty! Get a special offer on BLACK RECORD COVER FRAME and continue enjoying your favorite picks.
15695.0,Inactive Customers,PACK OF 12 LONDON TISSUES ,General engagement,Explore our latest offers selected specially for you.
15696.0,Occasional Buyers,CHINESE DRAGON PAPER LANTERNS,General engagement,Explore our latest offers selected specially for you.
15699.0,Occasional Buyers,PLACE SETTING WHITE HEART,General engagement,Explore our latest offers selected specially for you.
15700.0,Inactive Customers,FRIDGE MAGNETS US DINER ASSORTED,General engagement,Explore our latest offers selected specially for you.
15701.0,Occasional Buyers,CHRISTMAS TREE HEART DECORATION,General engagement,Explore our latest offers selected specially for you.
15703.0,Inactive Customers,WOODEN UNION JACK BUNTING,General engagement,Explore our latest offers selected specially for you.
15704.0,Occasional Buyers,ASSORTED COLOUR BIRD ORNAMENT,General engagement,Explore our latest offers selected specially for you.
15705.0,Inactive Customers,VICTORIAN GLASS HANGING T-LIGHT,General engagement,Explore our latest offers selected specially for you.
15706.0,Occasional Buyers,TRADITIONAL MODELLING CLAY,General engagement,Explore our latest offers selected specially for you.
15707.0,Occasional Buyers,CARD MOTORBIKE SANTA,General engagement,Explore our latest offers selected specially for you.
15708.0,Occasional Buyers,CACTI T-LIGHT CANDLES,General engagement,Explore our latest offers selected specially for you.
15709.0,Inactive Customers,SMOKEY GREY COLOUR D.O.F. GLASS,General engagement,Explore our latest offers selected specially for you.
15712.0,Occasional Buyers,VICTORIAN GLASS HANGING T-LIGHT,General engagement,Explore our latest offers selected specially for you.
15713.0,Occasional Buyers,WHITE HANGING HEART T-LIGHT HOLDER,General engagement,Explore our latest offers selected specially for you.
15714.0,Occasional Buyers,WRAP 50'S  CHRISTMAS,General engagement,Explore our latest offers selected specially for you.
15716.0,Occasional Buyers,HEART WOODEN CHRISTMAS DECORATION,General engagement,Explore our latest offers selected specially for you.
15717.0,Inactive Customers,HANGING HEART ZINC T-LIGHT HOLDER,General engagement,Explore our latest offers selected specially for you.
15719.0,Occasional Buyers,JUMBO BAG RED RETROSPOT,General engagement,Explore our latest offers selected specially for you.
15720.0,Occasional Buyers,CHRISTMAS METAL POSTCARD WITH BELLS,General engagement,Explore our latest offers selected specially for you.
15721.0,Occasional Buyers,POPART WOODEN PENCILS ASST,General engagement,Explore our latest offers selected specially for you.
15722.0,Occasional Buyers,PINK ENAMEL+GLASS HAIR COMB,General engagement,Explore our latest offers selected specially for you.
15723.0,Inactive Customers,HAIRCLIPS FORTIES FABRIC ASSORTED,General engagement,Explore our latest offers selected specially for you.
15724.0,Inactive Customers,LUNCH BOX I LOVE LONDON,General engagement,Explore our latest offers selected specially for you.
15725.0,Occasional Buyers,FLUTED ANTIQUE CANDLE HOLDER,General engagement,Explore our latest offers selected specially for you.
15727.0,Occasional Buyers,CLOTHES PEGS RETROSPOT PACK 24 ,General engagement,Explore our latest offers selected specially for you.
15729.0,Inactive Customers,CLEAR DRAWER KNOB ACRYLIC EDWARDIAN,General engagement,Explore our latest offers selected specially for you.
15730.0,Occasional Buyers,WORLD WAR 2 GLIDERS ASSTD DESIGNS,General engagement,Explore our latest offers selected specially for you.
15732.0,Inactive Customers,WORLD WAR 2 GLIDERS ASSTD DESIGNS,General engagement,Explore our latest offers selected specially for you.
15733.0,Inactive Customers,FINE WICKER HEART ,General engagement,Explore our latest offers selected specially for you.
15734.0,Occasional Buyers,PARTY BUNTING,General engagement,Explore our latest offers selected specially for you.
15737.0,Occasional Buyers,GLASS CHALICE BLUE SMALL ,General engagement,Explore our latest offers selected specially for you.
15738.0,Loyal Customers,SET/6 RED SPOTTY PAPER PLATES,Increase repeat purchases,We appreciate your loyalty! Get a special offer on SET/6 RED SPOTTY PAPER PLATES and continue enjoying your favorite picks.
15739.0,Occasional Buyers,HANGING CLEAR MINI BOTTLE,General engagement,Explore our latest offers selected specially for you.
15740.0,Occasional Buyers,CHRISTMAS METAL POSTCARD WITH BELLS,General engagement,Explore our latest offers selected specially for you.
15743.0,Occasional Buyers,HEART OF WICKER SMALL,General engagement,Explore our latest offers selected specially for you.
15744.0,Occasional Buyers,WOODEN STAR CHRISTMAS SCANDINAVIAN,General engagement,Explore our latest offers selected specially for you.
15745.0,Occasional Buyers,HOME SWEET HOME HOOK,General engagement,Explore our latest offers selected specially for you.
15746.0,Occasional Buyers,WORLD WAR 2 GLIDERS ASSTD DESIGNS,General engagement,Explore our latest offers selected specially for you.
15747.0,Occasional Buyers,NATURAL SLATE RECTANGLE CHALKBOARD,General engagement,Explore our latest offers selected specially for you.
15748.0,Occasional Buyers,CARDHOLDER GINGHAM CHRISTMAS TREE,General engagement,Explore our latest offers selected specially for you.
15749.0,Loyal Customers,FAIRY CAKE FLANNEL ASSORTED COLOUR,Increase repeat purchases,We appreciate your loyalty! Get a special offer on FAIRY CAKE FLANNEL ASSORTED COLOUR and continue enjoying your favorite picks.
15750.0,Occasional Buyers,PIG KEYRING WITH LIGHT & SOUND ,General engagement,Explore our latest offers selected specially for you.
15752.0,Occasional Buyers,SMALL CHOCOLATES PINK BOWL,General engagement,Explore our latest offers selected specially for you.
15753.0,Inactive Customers,AGED GLASS SILVER T-LIGHT HOLDER,General engagement,Explore our latest offers selected specially for you.
15754.0,Occasional Buyers,FELTCRAFT BUTTERFLY HEARTS,General engagement,Explore our latest offers selected specially for you.
15755.0,Occasional Buyers,CARAVAN SQUARE TISSUE BOX,General engagement,Explore our latest offers selected specially for you.
15756.0,Occasional Buyers,NAMASTE SWAGAT INCENSE,General engagement,Explore our latest offers selected specially for you.
15757.0,Occasional Buyers,WORLD WAR 2 GLIDERS ASSTD DESIGNS,General engagement,Explore our latest offers selected specially for you.
15758.0,Occasional Buyers,GREY HEART HOT WATER BOTTLE,General engagement,Explore our latest offers selected specially for you.
15759.0,Inactive Customers,WOODEN ROUNDERS GARDEN SET ,General engagement,Explore our latest offers selected specially for you.
15762.0,Occasional Buyers,60 CAKE CASES VINTAGE CHRISTMAS,General engagement,Explore our latest offers selected specially for you.
15763.0,Occasional Buyers, 50'S CHRISTMAS GIFT BAG LARGE,General engagement,Explore our latest offers selected specially for you.
15764.0,Occasional Buyers,WORLD WAR 2 GLIDERS ASSTD DESIGNS,General engagement,Explore our latest offers selected specially for you.
15766.0,Occasional Buyers,GREEN REGENCY TEACUP AND SAUCER,General engagement,Explore our latest offers selected specially for you.
15768.0,Occasional Buyers,WRAP ALPHABET DESIGN,General engagement,Explore our latest offers selected specially for you.
15769.0,Loyal Customers,JUMBO BAG RED RETROSPOT,Increase repeat purchases,We appreciate your loyalty! Get a special offer on JUMBO BAG RED RETROSPOT and continue enjoying your favorite picks.
15773.0,Occasional Buyers,VINTAGE SNAKES & LADDERS,General engagement,Explore our latest offers selected specially for you.
15774.0,Occasional Buyers,IVORY WICKER HEART MEDIUM,General engagement,Explore our latest offers selected specially for you.
15775.0,Inactive Customers,FINE WICKER HEART ,General engagement,Explore our latest offers selected specially for you.
15776.0,Occasional Buyers,PENS ASSORTED FUNNY FACE,General engagement,Explore our latest offers selected specially for you.
15777.0,Inactive Customers,PINK SPOTS CHOCOLATE NESTING BOXES ,General engagement,Explore our latest offers selected specially for you.
15780.0,Inactive Customers,PACK OF 60 PINK PAISLEY CAKE CASES,General engagement,Explore our latest offers selected specially for you.
15781.0,Occasional Buyers,NOEL GARLAND PAINTED ZINC ,General engagement,Explore our latest offers selected specially for you.
15782.0,Occasional Buyers,LAUREL HEART ANTIQUE SILVER,General engagement,Explore our latest offers selected specially for you.
15783.0,Occasional Buyers,STAR DECORATION PAINTED ZINC ,General engagement,Explore our latest offers selected specially for you.
15785.0,Occasional Buyers,POPCORN HOLDER,General engagement,Explore our latest offers selected specially for you.
15786.0,Occasional Buyers,WRAP ALPHABET DESIGN,General engagement,Explore our latest offers selected specially for you.
15787.0,Occasional Buyers,CARD CHRISTMAS VILLAGE,General engagement,Explore our latest offers selected specially for you.
15789.0,Inactive Customers,IF YOU CAN'T STAND THE HEAT MUG,General engagement,Explore our latest offers selected specially for you.
15790.0,Occasional Buyers,CARD MOTORBIKE SANTA,General engagement,Explore our latest offers selected specially for you.
15791.0,Occasional Buyers,SET/20 RED RETROSPOT PAPER NAPKINS ,General engagement,Explore our latest offers selected specially for you.
15793.0,Occasional Buyers,ASSORTED COLOUR BIRD ORNAMENT,General engagement,Explore our latest offers selected specially for you.
15795.0,Inactive Customers,PENS ASSORTED FUNNY FACE,General engagement,Explore our latest offers selected specially for you.
15796.0,Occasional Buyers,ROSES REGENCY TEACUP AND SAUCER ,General engagement,Explore our latest offers selected specially for you.
15797.0,Occasional Buyers,JUMBO BAG PEARS,General engagement,Explore our latest offers selected specially for you.
15799.0,Occasional Buyers,POPART WOODEN PENCILS ASST,General engagement,Explore our latest offers selected specially for you.
15800.0,Occasional Buyers,ICE CREAM SUNDAE LIP GLOSS,General engagement,Explore our latest offers selected specially for you.
15801.0,Occasional Buyers,DARK BIRD HOUSE TREE DECORATION,General engagement,Explore our latest offers selected specially for you.
15802.0,Inactive Customers,Manual,General engagement,Explore our latest offers selected specially for you.
15803.0,Occasional Buyers,ANTIQUE SILVER T-LIGHT GLASS,General engagement,Explore our latest offers selected specially for you.
15804.0,Occasional Buyers,WORLD WAR 2 GLIDERS ASSTD DESIGNS,General engagement,Explore our latest offers selected specially for you.
15805.0,Loyal Customers,"ASSORTED FLOWER COLOUR ""LEIS""",Increase repeat purchases,"We appreciate your loyalty! Get a special offer on ASSORTED FLOWER COLOUR ""LEIS"" and continue enjoying your favorite picks."
15806.0,Occasional Buyers,WORLD WAR 2 GLIDERS ASSTD DESIGNS,General engagement,Explore our latest offers selected specially for you.
15807.0,Occasional Buyers,CHRISTMAS RETROSPOT STAR WOOD,General engagement,Explore our latest offers selected specially for you.
15808.0,Inactive Customers,JUMBO BAG RED RETROSPOT,General engagement,Explore our latest offers selected specially for you.
15809.0,Occasional Buyers,RED POLKADOT COFFEE  MUG,General engagement,Explore our latest offers selected specially for you.
15810.0,Occasional Buyers,RETROSPOT PARTY BAG + STICKER SET,General engagement,Explore our latest offers selected specially for you.
15811.0,Occasional Buyers,ASSTD MULTICOLOUR CIRCLES MUG,General engagement,Explore our latest offers selected specially for you.
15812.0,Occasional Buyers,ASSORTED SHAPES PHOTO CLIP SILVER ,General engagement,Explore our latest offers selected specially for you.
15813.0,Inactive Customers,REGENCY TEA PLATE GREEN ,General engagement,Explore our latest offers selected specially for you.
15814.0,Occasional Buyers,HOME SWEET HOME MUG,General engagement,Explore our latest offers selected specially for you.
15815.0,Occasional Buyers,BLUE HARMONICA IN BOX ,General engagement,Explore our latest offers selected specially for you.
15819.0,Occasional Buyers,ASSTD DESIGN 3D PAPER STICKERS,General engagement,Explore our latest offers selected specially for you.
15820.0,Inactive Customers,CLEAR DRAWER KNOB ACRYLIC EDWARDIAN,General engagement,Explore our latest offers selected specially for you.
15821.0,Occasional Buyers,LUNCH BAG PINK POLKADOT,General engagement,Explore our latest offers selected specially for you.
15822.0,Occasional Buyers,IVORY HANGING DECORATION  HEART,General engagement,Explore our latest offers selected specially for you.
15823.0,Inactive Customers,Bank Charges,General engagement,Explore our latest offers selected specially for you.
15825.0,Inactive Customers,POLYESTER FILLER PAD 40x40cm,General engagement,Explore our latest offers selected specially for you.
15826.0,Occasional Buyers,ASSORTED COLOUR BIRD ORNAMENT,General engagement,Explore our latest offers selected specially for you.
15827.0,Occasional Buyers,PACK OF 60 DINOSAUR CAKE CASES,General engagement,Explore our latest offers selected specially for you.
15829.0,Occasional Buyers,EMPIRE TISSUE BOX,General engagement,Explore our latest offers selected specially for you.
15830.0,Occasional Buyers,SPACEBOY GIFT WRAP,General engagement,Explore our latest offers selected specially for you.
15831.0,Occasional Buyers,SMALL FOLDING SCISSOR(POINTED EDGE),General engagement,Explore our latest offers selected specially for you.
15832.0,Inactive Customers,POLKADOT RAIN HAT ,General engagement,Explore our latest offers selected specially for you.
15834.0,Occasional Buyers,MULTI COLOUR SILVER T-LIGHT HOLDER,General engagement,Explore our latest offers selected specially for you.
15835.0,Occasional Buyers,6 RIBBONS SHIMMERING PINKS ,General engagement,Explore our latest offers selected specially for you.
15836.0,Occasional Buyers,ASSORTED COLOUR BIRD ORNAMENT,General engagement,Explore our latest offers selected specially for you.
15837.0,Occasional Buyers,RED ROCKING HORSE HAND PAINTED,General engagement,Explore our latest offers selected specially for you.
15838.0,Loyal Customers,JUMBO BAG RED RETROSPOT,Increase repeat purchases,We appreciate your loyalty! Get a special offer on JUMBO BAG RED RETROSPOT and continue enjoying your favorite picks.
15839.0,Occasional Buyers,HOUSE SHAPE PENCIL SHARPENER,General engagement,Explore our latest offers selected specially for you.
15840.0,Occasional Buyers,WORLD WAR 2 GLIDERS ASSTD DESIGNS,General engagement,Explore our latest offers selected specially for you.
15841.0,Occasional Buyers,PARTY BUNTING,General engagement,Explore our latest offers selected specially for you.
15843.0,Inactive Customers,FRENCH ENAMEL CANDLEHOLDER,General engagement,Explore our latest offers selected specially for you.
15844.0,Occasional Buyers,WOODEN HEART CHRISTMAS SCANDINAVIAN,General engagement,Explore our latest offers selected specially for you.
15845.0,Occasional Buyers,ASSORTED COLOUR BIRD ORNAMENT,General engagement,Explore our latest offers selected specially for you.
15847.0,Occasional Buyers,GIRLS ALPHABET IRON ON PATCHES ,General engagement,Explore our latest offers selected specially for you.
15850.0,Occasional Buyers,BUBBLEGUM RING ASSORTED,General engagement,Explore our latest offers selected specially for you.
15852.0,Inactive Customers,PAPER LANTERN 9 POINT SNOW STAR ,General engagement,Explore our latest offers selected specially for you.
15853.0,Occasional Buyers,EMPIRE GIFT WRAP,General engagement,Explore our latest offers selected specially for you.
15854.0,Occasional Buyers,EDWARDIAN PARASOL BLACK,General engagement,Explore our latest offers selected specially for you.
15855.0,Occasional Buyers,CHARLOTTE BAG DOLLY GIRL DESIGN,General engagement,Explore our latest offers selected specially for you.
15856.0,Loyal Customers,WHITE HANGING HEART T-LIGHT HOLDER,Increase repeat purchases,We appreciate your loyalty! Get a special offer on WHITE HANGING HEART T-LIGHT HOLDER and continue enjoying your favorite picks.
15857.0,Occasional Buyers,MULTI COLOUR SILVER T-LIGHT HOLDER,General engagement,Explore our latest offers selected specially for you.
15858.0,Occasional Buyers,"FANCY FONT BIRTHDAY CARD, ",General engagement,Explore our latest offers selected specially for you.
15860.0,Occasional Buyers,BROCADE RING PURSE ,General engagement,Explore our latest offers selected specially for you.
15861.0,Occasional Buyers,BUBBLEGUM RING ASSORTED,General engagement,Explore our latest offers selected specially for you.
15862.0,Occasional Buyers,PIECE OF CAMO STATIONERY SET,General engagement,Explore our latest offers selected specially for you.
15863.0,Occasional Buyers,RABBIT NIGHT LIGHT,General engagement,Explore our latest offers selected specially for you.
15864.0,Occasional Buyers,T-LIGHT GLASS FLUTED ANTIQUE,General engagement,Explore our latest offers selected specially for you.
15865.0,Occasional Buyers,MINI PAINT SET VINTAGE ,General engagement,Explore our latest offers selected specially for you.
15866.0,Occasional Buyers,WRAP ALPHABET DESIGN,General engagement,Explore our latest offers selected specially for you.
15867.0,Loyal Customers,RED RETROSPOT WRAP ,Increase repeat purchases,We appreciate your loyalty! Get a special offer on RED RETROSPOT WRAP  and continue enjoying your favorite picks.
15869.0,Inactive Customers,SKULLS GREETING CARD,General engagement,Explore our latest offers selected specially for you.
15870.0,Occasional Buyers,FANCY FONTS BIRTHDAY WRAP,General engagement,Explore our latest offers selected specially for you.
15872.0,Occasional Buyers,ANTIQUE SILVER T-LIGHT GLASS,General engagement,Explore our latest offers selected specially for you.
15874.0,Occasional Buyers,MINI PAINT SET VINTAGE ,General engagement,Explore our latest offers selected specially for you.
15877.0,Occasional Buyers,WRAP 50'S  CHRISTMAS,General engagement,Explore our latest offers selected specially for you.
15880.0,Inactive Customers,FOLKART STAR CHRISTMAS DECORATIONS,General engagement,Explore our latest offers selected specially for you.
15881.0,Inactive Customers,HAND WARMER BABUSHKA DESIGN,General engagement,Explore our latest offers selected specially for you.
15882.0,Inactive Customers,ICE CREAM SUNDAE LIP GLOSS,General engagement,Explore our latest offers selected specially for you.
15883.0,Occasional Buyers,FAIRY CAKE FLANNEL ASSORTED COLOUR,General engagement,Explore our latest offers selected specially for you.
15885.0,Occasional Buyers,ANTIQUE SILVER TEA GLASS ENGRAVED,General engagement,Explore our latest offers selected specially for you.
15886.0,Occasional Buyers,DISCO BALL CHRISTMAS DECORATION,General engagement,Explore our latest offers selected specially for you.
15888.0,Occasional Buyers,SET OF 6 TEA TIME BAKING CASES,General engagement,Explore our latest offers selected specially for you.
15889.0,Inactive Customers,ASSORTED CREEPY CRAWLIES,General engagement,Explore our latest offers selected specially for you.
15891.0,Inactive Customers,MAGIC DRAWING SLATE GO TO THE FAIR ,General engagement,Explore our latest offers selected specially for you.
15894.0,Inactive Customers,DOUGHNUT LIP GLOSS ,General engagement,Explore our latest offers selected specially for you.
15895.0,Inactive Customers,BOTANICAL ROSE GREETING CARD,General engagement,Explore our latest offers selected specially for you.
15897.0,Inactive Customers,SANDALWOOD FAN,General engagement,Explore our latest offers selected specially for you.
15898.0,Occasional Buyers, SET 2 TEA TOWELS I LOVE LONDON ,General engagement,Explore our latest offers selected specially for you.
15899.0,Inactive Customers,LARGE STRIPES CHOCOLATE GIFT BAG,General engagement,Explore our latest offers selected specially for you.
15900.0,Occasional Buyers,CHRISTMAS HANGING STAR WITH BELL,General engagement,Explore our latest offers selected specially for you.
15901.0,Occasional Buyers,PIECE OF CAMO STATIONERY SET,General engagement,Explore our latest offers selected specially for you.
15903.0,Occasional Buyers,HAND WARMER RED RETROSPOT,General engagement,Explore our latest offers selected specially for you.
15904.0,Occasional Buyers,PACK OF 12 VINTAGE LEAF TISSUES ,General engagement,Explore our latest offers selected specially for you.
15906.0,Occasional Buyers,PACK OF 72 RETROSPOT CAKE CASES,General engagement,Explore our latest offers selected specially for you.
15907.0,Occasional Buyers,TUMBLER NEW ENGLAND,General engagement,Explore our latest offers selected specially for you.
15909.0,Inactive Customers,GREEN REGENCY TEACUP AND SAUCER,General engagement,Explore our latest offers selected specially for you.
15910.0,Occasional Buyers,SET OF 60 I LOVE LONDON CAKE CASES ,General engagement,Explore our latest offers selected specially for you.
15912.0,Inactive Customers,BLUE POLKADOT WRAP,General engagement,Explore our latest offers selected specially for you.
15916.0,Occasional Buyers,POPART RECT PENCIL SHARPENER ASST,General engagement,Explore our latest offers selected specially for you.
15917.0,Inactive Customers,MULTICOLOUR RABBIT EGG WARMER,General engagement,Explore our latest offers selected specially for you.
15918.0,Inactive Customers,HAIRCLIPS FORTIES FABRIC ASSORTED,General engagement,Explore our latest offers selected specially for you.
15919.0,Occasional Buyers,FANCY FONTS BIRTHDAY WRAP,General engagement,Explore our latest offers selected specially for you.
15920.0,Inactive Customers,SWALLOWS GREETING CARD,General engagement,Explore our latest offers selected specially for you.
15921.0,Inactive Customers,VICTORIAN  METAL POSTCARD SPRING,General engagement,Explore our latest offers selected specially for you.
15922.0,Inactive Customers,COSMETIC BAG VINTAGE ROSE PAISLEY,General engagement,Explore our latest offers selected specially for you.
15923.0,Inactive Customers,RECYCLED PENCIL WITH RABBIT ERASER,General engagement,Explore our latest offers selected specially for you.
15925.0,Inactive Customers,DANISH ROSE DELUXE COASTER,General engagement,Explore our latest offers selected specially for you.
15930.0,Occasional Buyers,GIANT 50'S CHRISTMAS CRACKER,General engagement,Explore our latest offers selected specially for you.
15932.0,Occasional Buyers,POLKADOT COFFEE CUP & SAUCER PINK,General engagement,Explore our latest offers selected specially for you.
15933.0,Occasional Buyers,FRENCH STYLE STORAGE JAR CAFE ,General engagement,Explore our latest offers selected specially for you.
15935.0,Inactive Customers,CARD BILLBOARD FONT,General engagement,Explore our latest offers selected specially for you.
15937.0,Occasional Buyers,GROW YOUR OWN BASIL IN ENAMEL MUG,General engagement,Explore our latest offers selected specially for you.
15938.0,Occasional Buyers,VICTORIAN GLASS HANGING T-LIGHT,General engagement,Explore our latest offers selected specially for you.
15939.0,Loyal Customers,PLACE SETTING WHITE HEART,Increase repeat purchases,We appreciate your loyalty! Get a special offer on PLACE SETTING WHITE HEART and continue enjoying your favorite picks.
15940.0,Inactive Customers,WOODEN BOX ADVENT CALENDAR ,General engagement,Explore our latest offers selected specially for you.
15942.0,Occasional Buyers,TRADITIONAL WOODEN CATCH CUP GAME ,General engagement,Explore our latest offers selected specially for you.
15944.0,Inactive Customers,REGENCY CAKESTAND 3 TIER,General engagement,Explore our latest offers selected specially for you.
15945.0,Inactive Customers,TABLE LAMP WHITE SHADE WOOD BASE,General engagement,Explore our latest offers selected specially for you.
15947.0,Occasional Buyers,JUMBO BAG OWLS,General engagement,Explore our latest offers selected specially for you.
15948.0,Occasional Buyers,MINI PAINT SET VINTAGE ,General engagement,Explore our latest offers selected specially for you.
15949.0,Occasional Buyers,SMALL HANGING IVORY/RED WOOD BIRD,General engagement,Explore our latest offers selected specially for you.
15950.0,Occasional Buyers,JUMBO BAG RED RETROSPOT,General engagement,Explore our latest offers selected specially for you.
15951.0,Occasional Buyers,COLOUR GLASS T-LIGHT HOLDER HANGING,General engagement,Explore our latest offers selected specially for you.
15952.0,Occasional Buyers,PAINTED METAL STAR WITH HOLLY BELLS,General engagement,Explore our latest offers selected specially for you.
15953.0,Occasional Buyers,WHITE HANGING HEART T-LIGHT HOLDER,General engagement,Explore our latest offers selected specially for you.
15955.0,Occasional Buyers,JUMBO BAG VINTAGE DOILY ,General engagement,Explore our latest offers selected specially for you.
15957.0,Occasional Buyers,HAND WARMER SCOTTY DOG DESIGN,General engagement,Explore our latest offers selected specially for you.
15958.0,Occasional Buyers,CLASSIC FRENCH STYLE BASKET BROWN,General engagement,Explore our latest offers selected specially for you.
15963.0,Occasional Buyers,4 PEAR BOTANICAL DINNER CANDLES,General engagement,Explore our latest offers selected specially for you.
15965.0,Occasional Buyers,BUBBLEGUM RING ASSORTED,General engagement,Explore our latest offers selected specially for you.
15967.0,Occasional Buyers,12 PENCILS TALL TUBE RED RETROSPOT,General engagement,Explore our latest offers selected specially for you.
15969.0,Occasional Buyers,FRENCH PAISLEY CUSHION COVER ,General engagement,Explore our latest offers selected specially for you.
15970.0,Inactive Customers,BLUE 3 PIECE POLKADOT CUTLERY SET,General engagement,Explore our latest offers selected specially for you.
15971.0,Occasional Buyers,JUMBO BAG RED RETROSPOT,General engagement,Explore our latest offers selected specially for you.
15973.0,Inactive Customers,I CAN ONLY PLEASE ONE PERSON MUG,General engagement,Explore our latest offers selected specially for you.
15974.0,Occasional Buyers,PORCELAIN BUDAH INCENSE HOLDER,General engagement,Explore our latest offers selected specially for you.
15975.0,Occasional Buyers,PACK OF 12 50'S CHRISTMAS TISSUES,General engagement,Explore our latest offers selected specially for you.
15976.0,Inactive Customers,DINOSAUR KEYRINGS ASSORTED,General engagement,Explore our latest offers selected specially for you.
15977.0,Occasional Buyers,CHRISTMAS HANGING STAR WITH BELL,General engagement,Explore our latest offers selected specially for you.
15978.0,Occasional Buyers,FUNKY DIVA PEN,General engagement,Explore our latest offers selected specially for you.
15980.0,Occasional Buyers,SET 12 KIDS  WHITE CHALK STICKS,General engagement,Explore our latest offers selected specially for you.
15981.0,Occasional Buyers,PACK OF 60 PINK PAISLEY CAKE CASES,General engagement,Explore our latest offers selected specially for you.
15983.0,Occasional Buyers,HEART FILIGREE DOVE  SMALL,General engagement,Explore our latest offers selected specially for you.
15984.0,Occasional Buyers,WOODEN STAR CHRISTMAS SCANDINAVIAN,General engagement,Explore our latest offers selected specially for you.
15985.0,Occasional Buyers,BATHROOM METAL SIGN,General engagement,Explore our latest offers selected specially for you.
15986.0,Occasional Buyers,WOODEN HEART CHRISTMAS SCANDINAVIAN,General engagement,Explore our latest offers selected specially for you.
15987.0,Occasional Buyers,BLACK WINE GLASS,General engagement,Explore our latest offers selected specially for you.
15988.0,Occasional Buyers,POPART WOODEN PENCILS ASST,General engagement,Explore our latest offers selected specially for you.
15990.0,Occasional Buyers,PARTY CONE CHRISTMAS DECORATION ,General engagement,Explore our latest offers selected specially for you.
15992.0,Occasional Buyers,ASSORTED COLOUR BIRD ORNAMENT,General engagement,Explore our latest offers selected specially for you.
15993.0,Occasional Buyers,DOUGHNUT LIP GLOSS ,General engagement,Explore our latest offers selected specially for you.
15994.0,Occasional Buyers,LAUREL HEART ANTIQUE SILVER,General engagement,Explore our latest offers selected specially for you.
15996.0,Occasional Buyers,WRAP GREEN PEARS ,General engagement,Explore our latest offers selected specially for you.
15998.0,Occasional Buyers,WRAP ALPHABET DESIGN,General engagement,Explore our latest offers selected specially for you.
16000.0,Occasional Buyers,ALARM CLOCK BAKELIKE RED ,General engagement,Explore our latest offers selected specially for you.
16003.0,Occasional Buyers,BLUE SCANDINAVIAN PAISLEY WRAP,General engagement,Explore our latest offers selected specially for you.
16005.0,Occasional Buyers,CARD CHRISTMAS VILLAGE,General engagement,Explore our latest offers selected specially for you.
16006.0,Inactive Customers,PACK OF 12 RED RETROSPOT TISSUES ,General engagement,Explore our latest offers selected specially for you.
16007.0,Occasional Buyers,WORLD WAR 2 GLIDERS ASSTD DESIGNS,General engagement,Explore our latest offers selected specially for you.
16008.0,Occasional Buyers,JAZZ HEARTS PURSE NOTEBOOK,General engagement,Explore our latest offers selected specially for you.
16009.0,Occasional Buyers,RABBIT NIGHT LIGHT,General engagement,Explore our latest offers selected specially for you.
16010.0,Inactive Customers,WHITE HANGING HEART T-LIGHT HOLDER,General engagement,Explore our latest offers selected specially for you.
16011.0,Loyal Customers,BLUE STRIPE CERAMIC DRAWER KNOB,Increase repeat purchases,We appreciate your loyalty! Get a special offer on BLUE STRIPE CERAMIC DRAWER KNOB and continue enjoying your favorite picks.
16012.0,Occasional Buyers,REGENCY CAKE FORK,General engagement,Explore our latest offers selected specially for you.
16013.0,Loyal Customers,COLOUR GLASS. STAR T-LIGHT HOLDER,Increase repeat purchases,We appreciate your loyalty! Get a special offer on COLOUR GLASS. STAR T-LIGHT HOLDER and continue enjoying your favorite picks.
16014.0,Occasional Buyers,JAM MAKING SET PRINTED,General engagement,Explore our latest offers selected specially for you.
16015.0,Occasional Buyers,SLATE TILE NATURAL HANGING,General engagement,Explore our latest offers selected specially for you.
16016.0,Occasional Buyers,HEART OF WICKER SMALL,General engagement,Explore our latest offers selected specially for you.
16017.0,Occasional Buyers,DAISY GARDEN MARKER,General engagement,Explore our latest offers selected specially for you.
16018.0,Occasional Buyers,GLITTER CHRISTMAS TREE,General engagement,Explore our latest offers selected specially for you.
16019.0,Occasional Buyers,FANCY FONTS BIRTHDAY WRAP,General engagement,Explore our latest offers selected specially for you.
16020.0,Occasional Buyers,PACK OF 12 VINTAGE CHRISTMAS TISSUE,General engagement,Explore our latest offers selected specially for you.
16022.0,Inactive Customers,TRAVEL CARD WALLET TRANSPORT,General engagement,Explore our latest offers selected specially for you.
16023.0,Occasional Buyers,BLUE POLKADOT WRAP,General engagement,Explore our latest offers selected specially for you.
16024.0,Occasional Buyers,BLUE EGG  SPOON,General engagement,Explore our latest offers selected specially for you.
16025.0,Occasional Buyers,60 CAKE CASES DOLLY GIRL DESIGN,General engagement,Explore our latest offers selected specially for you.
16026.0,Occasional Buyers,ASSORTED COLOUR T-LIGHT HOLDER,General engagement,Explore our latest offers selected specially for you.
16027.0,Occasional Buyers,AGED GLASS SILVER T-LIGHT HOLDER,General engagement,Explore our latest offers selected specially for you.
16029.0,Champions,GROW A FLYTRAP OR SUNFLOWER IN TIN,General engagement,Explore our latest offers selected specially for you.
16030.0,Inactive Customers,PACK OF 12 HEARTS DESIGN TISSUES ,General engagement,Explore our latest offers selected specially for you.
16031.0,Occasional Buyers,FANCY FONTS BIRTHDAY WRAP,General engagement,Explore our latest offers selected specially for you.
16033.0,Loyal Customers,BEWARE OF THE CAT METAL SIGN ,Increase repeat purchases,We appreciate your loyalty! Get a special offer on BEWARE OF THE CAT METAL SIGN  and continue enjoying your favorite picks.
16034.0,Inactive Customers,HEART DECORATION WITH PEARLS ,General engagement,Explore our latest offers selected specially for you.
16036.0,Occasional Buyers,ASSORTED INCENSE PACK,General engagement,Explore our latest offers selected specially for you.
16037.0,Inactive Customers,PACK OF 12 HEARTS DESIGN TISSUES ,General engagement,Explore our latest offers selected specially for you.
16038.0,Occasional Buyers,KIDS RAIN MAC BLUE,General engagement,Explore our latest offers selected specially for you.
16040.0,Occasional Buyers,DINOSAUR KEYRINGS ASSORTED,General engagement,Explore our latest offers selected specially for you.
16041.0,Occasional Buyers,GARDENERS KNEELING PAD CUP OF TEA ,General engagement,Explore our latest offers selected specially for you.
16042.0,Occasional Buyers,MINI PAINT SET VINTAGE ,General engagement,Explore our latest offers selected specially for you.
16043.0,Occasional Buyers,AGED GLASS SILVER T-LIGHT HOLDER,General engagement,Explore our latest offers selected specially for you.
16045.0,Occasional Buyers,HOMEMADE JAM SCENTED CANDLES,General engagement,Explore our latest offers selected specially for you.
16048.0,Inactive Customers,HAND WARMER BIRD DESIGN,General engagement,Explore our latest offers selected specially for you.
16049.0,Occasional Buyers,CARD MOTORBIKE SANTA,General engagement,Explore our latest offers selected specially for you.
16050.0,Inactive Customers,PIECE OF CAMO STATIONERY SET,General engagement,Explore our latest offers selected specially for you.
16052.0,Occasional Buyers,ASSORTED MINI MADRAS NOTEBOOK,General engagement,Explore our latest offers selected specially for you.
16053.0,Occasional Buyers,DISCO BALL CHRISTMAS DECORATION,General engagement,Explore our latest offers selected specially for you.
16054.0,Inactive Customers,ENGLISH ROSE NOTEBOOK A7 SIZE,General engagement,Explore our latest offers selected specially for you.
16055.0,Inactive Customers,NATURAL SLATE HEART CHALKBOARD ,General engagement,Explore our latest offers selected specially for you.
16056.0,Occasional Buyers,FUNKY DIVA PEN,General engagement,Explore our latest offers selected specially for you.
16057.0,Occasional Buyers,HEART FILIGREE DOVE LARGE,General engagement,Explore our latest offers selected specially for you.
16059.0,Occasional Buyers,HANGING HEART JAR T-LIGHT HOLDER,General engagement,Explore our latest offers selected specially for you.
16062.0,Occasional Buyers,PAPER CHAIN KIT 50'S CHRISTMAS ,General engagement,Explore our latest offers selected specially for you.
16063.0,Inactive Customers,10 COLOUR SPACEBOY PEN,General engagement,Explore our latest offers selected specially for you.
16065.0,Inactive Customers,FUNKY DIVA PEN,General engagement,Explore our latest offers selected specially for you.
16066.0,Occasional Buyers,PARTY CONE CHRISTMAS DECORATION ,General engagement,Explore our latest offers selected specially for you.
16070.0,Occasional Buyers,10 COLOUR SPACEBOY PEN,General engagement,Explore our latest offers selected specially for you.
16071.0,Occasional Buyers,AGED GLASS SILVER T-LIGHT HOLDER,General engagement,Explore our latest offers selected specially for you.
16072.0,Inactive Customers,PAPER POCKET TRAVELING FAN ,General engagement,Explore our latest offers selected specially for you.
16073.0,Inactive Customers,GLASS JAR ENGLISH CONFECTIONERY,General engagement,Explore our latest offers selected specially for you.
16076.0,Occasional Buyers,VINTAGE SNAP CARDS,General engagement,Explore our latest offers selected specially for you.
16078.0,Inactive Customers,PICNIC BASKET WICKER SMALL,General engagement,Explore our latest offers selected specially for you.
16079.0,Occasional Buyers,PAPER CHAIN KIT 50'S CHRISTMAS ,General engagement,Explore our latest offers selected specially for you.
16080.0,Occasional Buyers,CAMOUFLAGE LED TORCH,General engagement,Explore our latest offers selected specially for you.
16081.0,Occasional Buyers,ASSORTED COLOUR BIRD ORNAMENT,General engagement,Explore our latest offers selected specially for you.
16083.0,Occasional Buyers,POPCORN HOLDER,General engagement,Explore our latest offers selected specially for you.
16084.0,Inactive Customers,FAIRY CAKE FLANNEL ASSORTED COLOUR,General engagement,Explore our latest offers selected specially for you.
16085.0,Occasional Buyers,WORLD WAR 2 GLIDERS ASSTD DESIGNS,General engagement,Explore our latest offers selected specially for you.
16086.0,Occasional Buyers,JUMBO BAG RED RETROSPOT,General engagement,Explore our latest offers selected specially for you.
16091.0,Inactive Customers,COLOUR GLASS T-LIGHT HOLDER HANGING,General engagement,Explore our latest offers selected specially for you.
16092.0,Occasional Buyers,PACK OF 60 DINOSAUR CAKE CASES,General engagement,Explore our latest offers selected specially for you.
16093.0,Occasional Buyers,SANDALWOOD FAN,General engagement,Explore our latest offers selected specially for you.
16094.0,Occasional Buyers,60 TEATIME FAIRY CAKE CASES,General engagement,Explore our latest offers selected specially for you.
16096.0,Inactive Customers,TRAVEL CARD WALLET RETROSPOT,General engagement,Explore our latest offers selected specially for you.
16097.0,Inactive Customers,TRADITIONAL MODELLING CLAY,General engagement,Explore our latest offers selected specially for you.
16098.0,Occasional Buyers,JUMBO SHOPPER VINTAGE RED PAISLEY,General engagement,Explore our latest offers selected specially for you.
16099.0,Occasional Buyers,JUMBO BAG APPLES,General engagement,Explore our latest offers selected specially for you.
16101.0,Occasional Buyers,WRAP GINGHAM ROSE ,General engagement,Explore our latest offers selected specially for you.
16102.0,Occasional Buyers,60 CAKE CASES VINTAGE CHRISTMAS,General engagement,Explore our latest offers selected specially for you.
16103.0,Occasional Buyers,RIDGED GLASS FINGER BOWL,General engagement,Explore our latest offers selected specially for you.
16104.0,Occasional Buyers,LONDON BUS COFFEE MUG,General engagement,Explore our latest offers selected specially for you.
16105.0,Inactive Customers,SMALL RED RETROSPOT WINDMILL,General engagement,Explore our latest offers selected specially for you.
16106.0,Occasional Buyers,CHRISTMAS TABLE SILVER CANDLE SPIKE,General engagement,Explore our latest offers selected specially for you.
16107.0,Occasional Buyers,RABBIT NIGHT LIGHT,General engagement,Explore our latest offers selected specially for you.
16108.0,Occasional Buyers,WORLD WAR 2 GLIDERS ASSTD DESIGNS,General engagement,Explore our latest offers selected specially for you.
16109.0,Inactive Customers,SMALL DOLLY MIX DESIGN ORANGE BOWL,General engagement,Explore our latest offers selected specially for you.
16110.0,Occasional Buyers,GLITTER HEART DECORATION,General engagement,Explore our latest offers selected specially for you.
16112.0,Occasional Buyers,BLUE EGG  SPOON,General engagement,Explore our latest offers selected specially for you.
16113.0,Inactive Customers,DINOSAUR KEYRINGS ASSORTED,General engagement,Explore our latest offers selected specially for you.
16114.0,Inactive Customers,3 TRADITIONAl BISCUIT CUTTERS  SET,General engagement,Explore our latest offers selected specially for you.
16115.0,Occasional Buyers,HANGING JAM JAR T-LIGHT HOLDER,General engagement,Explore our latest offers selected specially for you.
16116.0,Inactive Customers,SET OF 6 VINTAGE NOTELETS KIT,General engagement,Explore our latest offers selected specially for you.
16117.0,Inactive Customers,HANGING HEART JAR T-LIGHT HOLDER,General engagement,Explore our latest offers selected specially for you.
16119.0,Occasional Buyers,SET OF 3 NOTEBOOKS IN PARCEL,General engagement,Explore our latest offers selected specially for you.
16120.0,Occasional Buyers,ASSORTED TUTTI FRUTTI PEN,General engagement,Explore our latest offers selected specially for you.
16121.0,Occasional Buyers,ASSORTED COLOUR BIRD ORNAMENT,General engagement,Explore our latest offers selected specially for you.
16122.0,Occasional Buyers,SET 12 COLOUR PENCILS LOVE LONDON,General engagement,Explore our latest offers selected specially for you.
16123.0,Occasional Buyers,SET OF 6 3D KIT CARDS FOR KIDS,General engagement,Explore our latest offers selected specially for you.
16124.0,Inactive Customers,HANGING HEART JAR T-LIGHT HOLDER,General engagement,Explore our latest offers selected specially for you.
16125.0,Inactive Customers,BLUE POLKADOT WRAP,General engagement,Explore our latest offers selected specially for you.
16126.0,Occasional Buyers,6 RIBBONS RUSTIC CHARM,General engagement,Explore our latest offers selected specially for you.
16127.0,Occasional Buyers,6 RIBBONS RUSTIC CHARM,General engagement,Explore our latest offers selected specially for you.
16128.0,Occasional Buyers,HAND WARMER SCOTTY DOG DESIGN,General engagement,Explore our latest offers selected specially for you.
16131.0,Occasional Buyers,AREA PATROLLED METAL SIGN,General engagement,Explore our latest offers selected specially for you.
16133.0,Loyal Customers,SET 12 RETRO WHITE CHALK STICKS,Increase repeat purchases,We appreciate your loyalty! Get a special offer on SET 12 RETRO WHITE CHALK STICKS and continue enjoying your favorite picks.
16134.0,Occasional Buyers,FANCY FONTS BIRTHDAY WRAP,General engagement,Explore our latest offers selected specially for you.
16135.0,Inactive Customers,60 TEATIME FAIRY CAKE CASES,General engagement,Explore our latest offers selected specially for you.
16136.0,Occasional Buyers,HANGING MINI COLOURED BOTTLES,General engagement,Explore our latest offers selected specially for you.
16139.0,Occasional Buyers,WRAP CHRISTMAS VILLAGE,General engagement,Explore our latest offers selected specially for you.
16140.0,Occasional Buyers,COLOUR GLASS T-LIGHT HOLDER HANGING,General engagement,Explore our latest offers selected specially for you.
16141.0,Occasional Buyers,PACK OF 12 TRADITIONAL CRAYONS,General engagement,Explore our latest offers selected specially for you.
16142.0,Inactive Customers,FUNKY DIVA PEN,General engagement,Explore our latest offers selected specially for you.
16143.0,Occasional Buyers,HEART OF WICKER LARGE,General engagement,Explore our latest offers selected specially for you.
16144.0,Inactive Customers,REGENCY CAKESTAND 3 TIER,General engagement,Explore our latest offers selected specially for you.
16145.0,Occasional Buyers,PENS ASSORTED FUNNY FACE,General engagement,Explore our latest offers selected specially for you.
16146.0,Inactive Customers,CLEAR DRAWER KNOB ACRYLIC EDWARDIAN,General engagement,Explore our latest offers selected specially for you.
16147.0,Occasional Buyers,WORLD WAR 2 GLIDERS ASSTD DESIGNS,General engagement,Explore our latest offers selected specially for you.
16148.0,Inactive Customers,ANTIQUE SILVER TEA GLASS ETCHED,General engagement,Explore our latest offers selected specially for you.
16149.0,Occasional Buyers,ANGEL DECORATION 3 BUTTONS ,General engagement,Explore our latest offers selected specially for you.
16150.0,Occasional Buyers,TOILET SIGN OCCUPIED OR VACANT,General engagement,Explore our latest offers selected specially for you.
16152.0,Inactive Customers,SMALL RED RETROSPOT WINDMILL,General engagement,Explore our latest offers selected specially for you.
16153.0,Occasional Buyers,STRAWBERRY CERAMIC TRINKET BOX,General engagement,Explore our latest offers selected specially for you.
16156.0,Occasional Buyers,PAPER CHAIN KIT VINTAGE CHRISTMAS,General engagement,Explore our latest offers selected specially for you.
16157.0,Occasional Buyers,GLASS BON BON JAR,General engagement,Explore our latest offers selected specially for you.
16159.0,Inactive Customers,GARLAND WOODEN HAPPY EASTER,General engagement,Explore our latest offers selected specially for you.
16160.0,Occasional Buyers,WORLD WAR 2 GLIDERS ASSTD DESIGNS,General engagement,Explore our latest offers selected specially for you.
16161.0,Loyal Customers,JINGLE BELL HEART DECORATION,Increase repeat purchases,We appreciate your loyalty! Get a special offer on JINGLE BELL HEART DECORATION and continue enjoying your favorite picks.
16162.0,Inactive Customers,CREAM SWEETHEART MINI CHEST,General engagement,Explore our latest offers selected specially for you.
16163.0,Inactive Customers,PARTY BUNTING,General engagement,Explore our latest offers selected specially for you.
16164.0,Occasional Buyers,PACK OF SIX LED TEA LIGHTS,General engagement,Explore our latest offers selected specially for you.
16168.0,Loyal Customers,LARGE CIRCULAR MIRROR MOBILE,Increase repeat purchases,We appreciate your loyalty! Get a special offer on LARGE CIRCULAR MIRROR MOBILE and continue enjoying your favorite picks.
16169.0,Occasional Buyers,CHRISTMAS MUSICAL ZINC STAR,General engagement,Explore our latest offers selected specially for you.
16170.0,Occasional Buyers,BUBBLEGUM RING ASSORTED,General engagement,Explore our latest offers selected specially for you.
16171.0,Occasional Buyers,6 RIBBONS RUSTIC CHARM,General engagement,Explore our latest offers selected specially for you.
16172.0,Occasional Buyers,MINI PAINT SET VINTAGE ,General engagement,Explore our latest offers selected specially for you.
16173.0,Occasional Buyers,12 PENCILS TALL TUBE SKULLS,General engagement,Explore our latest offers selected specially for you.
16174.0,Occasional Buyers,ICE CREAM PEN LIP GLOSS ,General engagement,Explore our latest offers selected specially for you.
16175.0,Occasional Buyers,HEART FILIGREE DOVE LARGE,General engagement,Explore our latest offers selected specially for you.
16177.0,Occasional Buyers,6 RIBBONS RUSTIC CHARM,General engagement,Explore our latest offers selected specially for you.
16178.0,Occasional Buyers,SET OF 3 WOODEN HEART DECORATIONS,General engagement,Explore our latest offers selected specially for you.
16179.0,Occasional Buyers,PACK OF 12 50'S CHRISTMAS TISSUES,General engagement,Explore our latest offers selected specially for you.
16180.0,Occasional Buyers,JUMBO BAG APPLES,General engagement,Explore our latest offers selected specially for you.
16181.0,Occasional Buyers,EUCALYPTUS & PINECONE  WREATH,General engagement,Explore our latest offers selected specially for you.
16182.0,Occasional Buyers,JUMBO BAG RED RETROSPOT,General engagement,Explore our latest offers selected specially for you.
16183.0,Occasional Buyers,15CM CHRISTMAS GLASS BALL 20 LIGHTS,General engagement,Explore our latest offers selected specially for you.
16184.0,Occasional Buyers,VICTORIAN GLASS HANGING T-LIGHT,General engagement,Explore our latest offers selected specially for you.
16185.0,Occasional Buyers,60 TEATIME FAIRY CAKE CASES,General engagement,Explore our latest offers selected specially for you.
16186.0,Occasional Buyers,FUNKY DIVA PEN,General engagement,Explore our latest offers selected specially for you.
16187.0,Loyal Customers,FUNKY DIVA PEN,Increase repeat purchases,We appreciate your loyalty! Get a special offer on FUNKY DIVA PEN and continue enjoying your favorite picks.
16188.0,Occasional Buyers,HEART DECORATION RUSTIC HANGING ,General engagement,Explore our latest offers selected specially for you.
16189.0,Occasional Buyers,CLEAR DRAWER KNOB ACRYLIC EDWARDIAN,General engagement,Explore our latest offers selected specially for you.
16190.0,Occasional Buyers,HANGING MINI COLOURED BOTTLES,General engagement,Explore our latest offers selected specially for you.
16191.0,Occasional Buyers,HAND WARMER BABUSHKA DESIGN,General engagement,Explore our latest offers selected specially for you.
16193.0,Inactive Customers,WORLD WAR 2 GLIDERS ASSTD DESIGNS,General engagement,Explore our latest offers selected specially for you.
16198.0,Occasional Buyers,POLYESTER FILLER PAD 45x45cm,General engagement,Explore our latest offers selected specially for you.
16200.0,Occasional Buyers,ASSORTED COLOUR BIRD ORNAMENT,General engagement,Explore our latest offers selected specially for you.
16201.0,Occasional Buyers,ASSORTED COLOUR BIRD ORNAMENT,General engagement,Explore our latest offers selected specially for you.
16202.0,Inactive Customers,DANISH ROSE DECORATIVE PLATE,General engagement,Explore our latest offers selected specially for you.
16203.0,Occasional Buyers,BLUE HARMONICA IN BOX ,General engagement,Explore our latest offers selected specially for you.
16204.0,Occasional Buyers,ICE CREAM PEN LIP GLOSS ,General engagement,Explore our latest offers selected specially for you.
16205.0,Occasional Buyers,BUBBLEGUM RING ASSORTED,General engagement,Explore our latest offers selected specially for you.
16206.0,Occasional Buyers,HEART OF WICKER LARGE,General engagement,Explore our latest offers selected specially for you.
16207.0,Occasional Buyers,SET OF 12 T-LIGHTS VINTAGE DOILY,General engagement,Explore our latest offers selected specially for you.
16208.0,Occasional Buyers,WRAP ENGLISH ROSE ,General engagement,Explore our latest offers selected specially for you.
16209.0,Occasional Buyers,BLACK RECORD COVER FRAME,General engagement,Explore our latest offers selected specially for you.
16210.0,Loyal Customers,BLACK RECORD COVER FRAME,Increase repeat purchases,We appreciate your loyalty! Get a special offer on BLACK RECORD COVER FRAME and continue enjoying your favorite picks.
16211.0,Occasional Buyers,REGENCY CAKESTAND 3 TIER,General engagement,Explore our latest offers selected specially for you.
16212.0,Occasional Buyers,60 CAKE CASES VINTAGE CHRISTMAS,General engagement,Explore our latest offers selected specially for you.
16213.0,Occasional Buyers,6 RIBBONS RUSTIC CHARM,General engagement,Explore our latest offers selected specially for you.
16214.0,Inactive Customers,POLKADOT PEN,General engagement,Explore our latest offers selected specially for you.
16215.0,Occasional Buyers,BALLOONS  WRITING SET ,General engagement,Explore our latest offers selected specially for you.
16216.0,Inactive Customers,RIBBONS PURSE ,General engagement,Explore our latest offers selected specially for you.
16217.0,Inactive Customers,PLEASE ONE PERSON METAL SIGN,General engagement,Explore our latest offers selected specially for you.
16218.0,Occasional Buyers,HEART OF WICKER SMALL,General engagement,Explore our latest offers selected specially for you.
16221.0,Occasional Buyers,BROCADE RING PURSE ,General engagement,Explore our latest offers selected specially for you.
16222.0,Inactive Customers,BLUE SPOT CERAMIC DRAWER KNOB,General engagement,Explore our latest offers selected specially for you.
16224.0,Occasional Buyers,LETTER SHAPE PENCIL SHARPENER,General engagement,Explore our latest offers selected specially for you.
16225.0,Occasional Buyers,BAKING SET 9 PIECE RETROSPOT ,General engagement,Explore our latest offers selected specially for you.
16226.0,Inactive Customers,ANTIQUE SILVER TEA GLASS ENGRAVED,General engagement,Explore our latest offers selected specially for you.
16227.0,Inactive Customers,KNICKERBOCKERGLORY MAGNET ASSORTED ,General engagement,Explore our latest offers selected specially for you.
16229.0,Occasional Buyers,SPOTTY BUNTING,General engagement,Explore our latest offers selected specially for you.
16230.0,Inactive Customers,LARGE CIRCULAR MIRROR MOBILE,General engagement,Explore our latest offers selected specially for you.
16232.0,Occasional Buyers,ZINC METAL HEART DECORATION,General engagement,Explore our latest offers selected specially for you.
16233.0,Occasional Buyers,BASKET OF FLOWERS SEWING KIT,General engagement,Explore our latest offers selected specially for you.
16235.0,Occasional Buyers,ASSORTED COLOUR BIRD ORNAMENT,General engagement,Explore our latest offers selected specially for you.
16236.0,Occasional Buyers,EMBROIDERED RIBBON REEL DAISY ,General engagement,Explore our latest offers selected specially for you.
16239.0,Occasional Buyers,HEART OF WICKER SMALL,General engagement,Explore our latest offers selected specially for you.
16240.0,Occasional Buyers,PARTY BUNTING,General engagement,Explore our latest offers selected specially for you.
16241.0,Occasional Buyers,CARD CHRISTMAS VILLAGE,General engagement,Explore our latest offers selected specially for you.
16242.0,Occasional Buyers,LUNCH BAG  BLACK SKULL.,General engagement,Explore our latest offers selected specially for you.
16243.0,Occasional Buyers,STRAWBERRY SHOPPER BAG,General engagement,Explore our latest offers selected specially for you.
16244.0,Inactive Customers,12 PENCILS SMALL TUBE RED RETROSPOT,General engagement,Explore our latest offers selected specially for you.
16245.0,Occasional Buyers,STAR DECORATION PAINTED ZINC ,General engagement,Explore our latest offers selected specially for you.
16247.0,Inactive Customers,DECORATION SITTING BUNNY,General engagement,Explore our latest offers selected specially for you.
16248.0,Occasional Buyers,HAND WARMER OWL DESIGN,General engagement,Explore our latest offers selected specially for you.
16249.0,Occasional Buyers,RED METAL BEACH SPADE ,General engagement,Explore our latest offers selected specially for you.
16250.0,Inactive Customers,GINGHAM HEART DECORATION,General engagement,Explore our latest offers selected specially for you.
16253.0,Occasional Buyers,ASSORTED TUTTI FRUTTI PEN,General engagement,Explore our latest offers selected specially for you.
16255.0,Occasional Buyers,PLACE SETTING WHITE HEART,General engagement,Explore our latest offers selected specially for you.
16256.0,Inactive Customers,PACK OF 20 NAPKINS PANTRY DESIGN,General engagement,Explore our latest offers selected specially for you.
16257.0,Inactive Customers,CARRIAGE,General engagement,Explore our latest offers selected specially for you.
16258.0,Occasional Buyers,"ASSORTED FLOWER COLOUR ""LEIS""",General engagement,Explore our latest offers selected specially for you.
16260.0,Occasional Buyers,JUMBO BAG 50'S CHRISTMAS ,General engagement,Explore our latest offers selected specially for you.
16261.0,Occasional Buyers,ASSORTED COLOUR BIRD ORNAMENT,General engagement,Explore our latest offers selected specially for you.
16265.0,Occasional Buyers,ASSORTED COLOUR LIZARD SUCTION HOOK,General engagement,Explore our latest offers selected specially for you.
16266.0,Occasional Buyers,IVORY HANGING DECORATION  HEART,General engagement,Explore our latest offers selected specially for you.
16268.0,Occasional Buyers,BIRTHDAY BANQUET GIFT WRAP,General engagement,Explore our latest offers selected specially for you.
16270.0,Inactive Customers,APPLE BATH SPONGE,General engagement,Explore our latest offers selected specially for you.
16271.0,Occasional Buyers,ASSORTED COLOUR SUCTION CUP HOOK,General engagement,Explore our latest offers selected specially for you.
16272.0,Occasional Buyers,RED RETROSPOT SHOPPER BAG,General engagement,Explore our latest offers selected specially for you.
16274.0,Inactive Customers,CARD CHRISTMAS VILLAGE,General engagement,Explore our latest offers selected specially for you.
16275.0,Inactive Customers,FUNKY DIVA PEN,General engagement,Explore our latest offers selected specially for you.
16276.0,Inactive Customers,HAND OVER THE CHOCOLATE   SIGN ,General engagement,Explore our latest offers selected specially for you.
16278.0,Occasional Buyers,SET 40 HEART SHAPE PETIT FOUR CASES,General engagement,Explore our latest offers selected specially for you.
16279.0,Occasional Buyers,HANGING MINI COLOURED BOTTLES,General engagement,Explore our latest offers selected specially for you.
16281.0,Occasional Buyers,PINK BLUE FELT CRAFT TRINKET BOX,General engagement,Explore our latest offers selected specially for you.
16282.0,Inactive Customers,MULTI COLOUR SILVER T-LIGHT HOLDER,General engagement,Explore our latest offers selected specially for you.
16283.0,Occasional Buyers,LETTER SHAPE PENCIL SHARPENER,General engagement,Explore our latest offers selected specially for you.
16284.0,Occasional Buyers,WORLD WAR 2 GLIDERS ASSTD DESIGNS,General engagement,Explore our latest offers selected specially for you.
16287.0,Inactive Customers,PIECE OF CAMO STATIONERY SET,General engagement,Explore our latest offers selected specially for you.
16292.0,Occasional Buyers,60 CAKE CASES VINTAGE CHRISTMAS,General engagement,Explore our latest offers selected specially for you.
16293.0,Occasional Buyers,HAND WARMER BIRD DESIGN,General engagement,Explore our latest offers selected specially for you.
16295.0,Occasional Buyers,CHRISTMAS HANGING STAR WITH BELL,General engagement,Explore our latest offers selected specially for you.
16297.0,Inactive Customers,DINOSAUR KEYRINGS ASSORTED,General engagement,Explore our latest offers selected specially for you.
16298.0,Occasional Buyers,LARGE WHITE HONEYCOMB PAPER BELL  ,General engagement,Explore our latest offers selected specially for you.
16302.0,Occasional Buyers,RETRO PLASTIC ELEPHANT TRAY,General engagement,Explore our latest offers selected specially for you.
16303.0,Occasional Buyers,PAPER CHAIN KIT RETROSPOT,General engagement,Explore our latest offers selected specially for you.
16305.0,Occasional Buyers,PACK OF 12 SPACEBOY TISSUES,General engagement,Explore our latest offers selected specially for you.
16306.0,Inactive Customers,FUNKY DIVA PEN,General engagement,Explore our latest offers selected specially for you.
16308.0,Occasional Buyers,SMALL CHINESE STYLE SCISSOR,General engagement,Explore our latest offers selected specially for you.
16309.0,Occasional Buyers,12 PENCIL SMALL TUBE WOODLAND,General engagement,Explore our latest offers selected specially for you.
16311.0,Occasional Buyers,CHRISTMAS HANGING STAR WITH BELL,General engagement,Explore our latest offers selected specially for you.
16313.0,Occasional Buyers,MINI PAINT SET VINTAGE ,General engagement,Explore our latest offers selected specially for you.
16315.0,Inactive Customers,CERAMIC CAKE DESIGN SPOTTED MUG,General engagement,Explore our latest offers selected specially for you.
16316.0,Occasional Buyers,PENS ASSORTED SPACEBALL,General engagement,Explore our latest offers selected specially for you.
16317.0,Occasional Buyers,HANGING JAM JAR T-LIGHT HOLDER,General engagement,Explore our latest offers selected specially for you.
16318.0,Occasional Buyers,MINI PAINT SET VINTAGE ,General engagement,Explore our latest offers selected specially for you.
16319.0,Inactive Customers,BABUSHKA LIGHTS STRING OF 10,General engagement,Explore our latest offers selected specially for you.
16320.0,Inactive Customers,PACK OF 6 LARGE FRUIT STRAWS ,General engagement,Explore our latest offers selected specially for you.
16321.0,Occasional Buyers,WHITE HEART CONFETTI IN TUBE,General engagement,Explore our latest offers selected specially for you.
16322.0,Occasional Buyers,STAR DECORATION PAINTED ZINC ,General engagement,Explore our latest offers selected specially for you.
16323.0,Inactive Customers,PARTY BUNTING,General engagement,Explore our latest offers selected specially for you.
16324.0,Occasional Buyers,"FEATHER PEN,LIGHT PINK",General engagement,Explore our latest offers selected specially for you.
16325.0,Occasional Buyers,GLASS JAR ENGLISH CONFECTIONERY,General engagement,Explore our latest offers selected specially for you.
16326.0,Occasional Buyers,DOORMAT KEEP CALM AND COME IN,General engagement,Explore our latest offers selected specially for you.
16327.0,Occasional Buyers,AGED GLASS SILVER T-LIGHT HOLDER,General engagement,Explore our latest offers selected specially for you.
16330.0,Occasional Buyers,DECORATIVE WICKER HEART MEDIUM,General engagement,Explore our latest offers selected specially for you.
16332.0,Occasional Buyers,DOUGHNUT LIP GLOSS ,General engagement,Explore our latest offers selected specially for you.
16333.0,Loyal Customers,WORLD WAR 2 GLIDERS ASSTD DESIGNS,Increase repeat purchases,We appreciate your loyalty! Get a special offer on WORLD WAR 2 GLIDERS ASSTD DESIGNS and continue enjoying your favorite picks.
16337.0,Occasional Buyers,36 PENCILS TUBE RED RETROSPOT,General engagement,Explore our latest offers selected specially for you.
16338.0,Inactive Customers,AGED GLASS SILVER T-LIGHT HOLDER,General engagement,Explore our latest offers selected specially for you.
16339.0,Inactive Customers,FELTCRAFT BUTTERFLY HEARTS,General engagement,Explore our latest offers selected specially for you.
16340.0,Occasional Buyers,WORLD WAR 2 GLIDERS ASSTD DESIGNS,General engagement,Explore our latest offers selected specially for you.
16341.0,Occasional Buyers,JUMBO BAG ALPHABET,General engagement,Explore our latest offers selected specially for you.
16342.0,Occasional Buyers,HANGING JAM JAR T-LIGHT HOLDER,General engagement,Explore our latest offers selected specially for you.
16343.0,Occasional Buyers, RED SPOT GIFT BAG LARGE,General engagement,Explore our latest offers selected specially for you.
16344.0,Inactive Customers,ENAMEL FLOWER JUG CREAM,General engagement,Explore our latest offers selected specially for you.
16345.0,Occasional Buyers,VINTAGE GLASS T-LIGHT HOLDER,General engagement,Explore our latest offers selected specially for you.
16347.0,Occasional Buyers,SWALLOWS GREETING CARD,General engagement,Explore our latest offers selected specially for you.
16348.0,Occasional Buyers,ICE CREAM PEN LIP GLOSS ,General engagement,Explore our latest offers selected specially for you.
16349.0,Inactive Customers,AIRLINE BAG VINTAGE TOKYO 78,General engagement,Explore our latest offers selected specially for you.
16350.0,Occasional Buyers,HEART OF WICKER SMALL,General engagement,Explore our latest offers selected specially for you.
16351.0,Inactive Customers,ENGLISH ROSE GARDEN SECATEURS,General engagement,Explore our latest offers selected specially for you.
16352.0,Occasional Buyers,ZINC METAL HEART DECORATION,General engagement,Explore our latest offers selected specially for you.
16353.0,Loyal Customers,CHILLI LIGHTS,Increase repeat purchases,We appreciate your loyalty! Get a special offer on CHILLI LIGHTS and continue enjoying your favorite picks.
16354.0,Occasional Buyers,POPCORN HOLDER,General engagement,Explore our latest offers selected specially for you.
16356.0,Inactive Customers,HOT BATHS METAL SIGN,General engagement,Explore our latest offers selected specially for you.
16357.0,Occasional Buyers,EMBOSSED GLASS TEALIGHT HOLDER,General engagement,Explore our latest offers selected specially for you.
16358.0,Occasional Buyers,12 PENCIL SMALL TUBE WOODLAND,General engagement,Explore our latest offers selected specially for you.
16359.0,Occasional Buyers,ZINC METAL HEART DECORATION,General engagement,Explore our latest offers selected specially for you.
16360.0,Occasional Buyers,POPCORN HOLDER,General engagement,Explore our latest offers selected specially for you.
16361.0,Occasional Buyers,BLUE POLKADOT WRAP,General engagement,Explore our latest offers selected specially for you.
16362.0,Occasional Buyers,GLITTER HEART DECORATION,General engagement,Explore our latest offers selected specially for you.
16363.0,Occasional Buyers,ANTIQUE SILVER T-LIGHT GLASS,General engagement,Explore our latest offers selected specially for you.
16364.0,Occasional Buyers,SPACEBOY BIRTHDAY CARD,General engagement,Explore our latest offers selected specially for you.
16365.0,Occasional Buyers,ZINC FINISH 15CM PLANTER POTS,General engagement,Explore our latest offers selected specially for you.
16366.0,Occasional Buyers,BLUE POLKADOT WRAP,General engagement,Explore our latest offers selected specially for you.
16367.0,Occasional Buyers,CARTOON  PENCIL SHARPENERS,General engagement,Explore our latest offers selected specially for you.
16368.0,Occasional Buyers,BROCADE RING PURSE ,General engagement,Explore our latest offers selected specially for you.
16369.0,Occasional Buyers,RETROSPOT CIGAR BOX MATCHES ,General engagement,Explore our latest offers selected specially for you.
16370.0,Occasional Buyers,BLUE POLKADOT WRAP,General engagement,Explore our latest offers selected specially for you.
16372.0,Occasional Buyers,HANGING  BUTTERFLY T-LIGHT HOLDER,General engagement,Explore our latest offers selected specially for you.
16374.0,Occasional Buyers,ASSORTED COLOUR BIRD ORNAMENT,General engagement,Explore our latest offers selected specially for you.
16376.0,Occasional Buyers,DISCO BALL CHRISTMAS DECORATION,General engagement,Explore our latest offers selected specially for you.
16377.0,Inactive Customers,BROCADE RING PURSE ,General engagement,Explore our latest offers selected specially for you.
16378.0,Inactive Customers,12 PENCIL SMALL TUBE WOODLAND,General engagement,Explore our latest offers selected specially for you.
16379.0,Occasional Buyers,JUMBO BAG 50'S CHRISTMAS ,General engagement,Explore our latest offers selected specially for you.
16380.0,Occasional Buyers,SET OF 10 LANTERNS FAIRY LIGHT STAR,General engagement,Explore our latest offers selected specially for you.
16383.0,Occasional Buyers,POLKADOT PEN,General engagement,Explore our latest offers selected specially for you.
16384.0,Occasional Buyers,GLITTER BUTTERFLY CLIPS,General engagement,Explore our latest offers selected specially for you.
16385.0,Occasional Buyers,SMALL CERAMIC TOP STORAGE JAR ,General engagement,Explore our latest offers selected specially for you.
16386.0,Occasional Buyers,MULTI COLOUR SILVER T-LIGHT HOLDER,General engagement,Explore our latest offers selected specially for you.
16387.0,Inactive Customers,ASSORTED COLOUR BIRD ORNAMENT,General engagement,Explore our latest offers selected specially for you.
16389.0,Occasional Buyers,DISCO BALL CHRISTMAS DECORATION,General engagement,Explore our latest offers selected specially for you.
16392.0,Inactive Customers,WRAP DAISY CARPET ,General engagement,Explore our latest offers selected specially for you.
16393.0,Occasional Buyers,SET OF 4 KNICK KNACK TINS LONDON ,General engagement,Explore our latest offers selected specially for you.
16394.0,Occasional Buyers,TRAVEL CARD WALLET TRANSPORT,General engagement,Explore our latest offers selected specially for you.
16395.0,Occasional Buyers,ASSORTED CREEPY CRAWLIES,General engagement,Explore our latest offers selected specially for you.
16398.0,Inactive Customers,POPCORN HOLDER,General engagement,Explore our latest offers selected specially for you.
16399.0,Occasional Buyers,WORLD WAR 2 GLIDERS ASSTD DESIGNS,General engagement,Explore our latest offers selected specially for you.
16400.0,Occasional Buyers,60 CAKE CASES VINTAGE CHRISTMAS,General engagement,Explore our latest offers selected specially for you.
16401.0,Occasional Buyers,POPCORN HOLDER,General engagement,Explore our latest offers selected specially for you.
16402.0,Inactive Customers,HOMEMADE JAM SCENTED CANDLES,General engagement,Explore our latest offers selected specially for you.
16403.0,Inactive Customers,FAIRY CAKES NOTEBOOK A6 SIZE,General engagement,Explore our latest offers selected specially for you.
16404.0,Occasional Buyers,"ASSORTED FLOWER COLOUR ""LEIS""",General engagement,Explore our latest offers selected specially for you.
16405.0,Inactive Customers,AGED GLASS SILVER T-LIGHT HOLDER,General engagement,Explore our latest offers selected specially for you.
16406.0,Occasional Buyers,PACK OF 12 DOLLY GIRL TISSUES,General engagement,Explore our latest offers selected specially for you.
16407.0,Occasional Buyers,CLEAR DRAWER KNOB ACRYLIC EDWARDIAN,General engagement,Explore our latest offers selected specially for you.
16409.0,Occasional Buyers,HANGING WOOD AND FELT BUTTERFLY ,General engagement,Explore our latest offers selected specially for you.
16411.0,Occasional Buyers,ANTIQUE SILVER TEA GLASS ETCHED,General engagement,Explore our latest offers selected specially for you.
16412.0,Occasional Buyers,LARGE CIRCULAR MIRROR MOBILE,General engagement,Explore our latest offers selected specially for you.
16413.0,Occasional Buyers,PARTY CONE CHRISTMAS DECORATION ,General engagement,Explore our latest offers selected specially for you.
16414.0,Occasional Buyers,ANTIQUE SILVER TEA GLASS ETCHED,General engagement,Explore our latest offers selected specially for you.
16415.0,Occasional Buyers,WOODEN HEART CHRISTMAS SCANDINAVIAN,General engagement,Explore our latest offers selected specially for you.
16416.0,Occasional Buyers,12 PENCILS TALL TUBE SKULLS,General engagement,Explore our latest offers selected specially for you.
16418.0,Occasional Buyers,RED RETROSPOT WRAP ,General engagement,Explore our latest offers selected specially for you.
16419.0,Occasional Buyers,ANTIQUE SILVER TEA GLASS ENGRAVED,General engagement,Explore our latest offers selected specially for you.
16422.0,Loyal Customers,BROCADE RING PURSE ,Increase repeat purchases,We appreciate your loyalty! Get a special offer on BROCADE RING PURSE  and continue enjoying your favorite picks.
16423.0,Occasional Buyers,ZINC FOLKART SLEIGH BELLS,General engagement,Explore our latest offers selected specially for you.
16424.0,Inactive Customers,HANGING JAM JAR T-LIGHT HOLDER,General engagement,Explore our latest offers selected specially for you.
16425.0,Inactive Customers,FANCY FONTS BIRTHDAY WRAP,General engagement,Explore our latest offers selected specially for you.
16426.0,Occasional Buyers,WHITE WITH BLACK CATS PLATE,General engagement,Explore our latest offers selected specially for you.
16427.0,Inactive Customers,HANGING HEART JAR T-LIGHT HOLDER,General engagement,Explore our latest offers selected specially for you.
16429.0,Occasional Buyers,SET/4 WHITE RETRO STORAGE CUBES ,General engagement,Explore our latest offers selected specially for you.
16430.0,Occasional Buyers,HAND WARMER UNION JACK,General engagement,Explore our latest offers selected specially for you.
16431.0,Inactive Customers,MOROCCAN TEA GLASS,General engagement,Explore our latest offers selected specially for you.
16432.0,Occasional Buyers,POPCORN HOLDER,General engagement,Explore our latest offers selected specially for you.
16433.0,Occasional Buyers,"FANCY FONT BIRTHDAY CARD, ",General engagement,Explore our latest offers selected specially for you.
16434.0,Occasional Buyers,JINGLE BELL HEART DECORATION,General engagement,Explore our latest offers selected specially for you.
16438.0,Occasional Buyers,S/4 PINK FLOWER CANDLES IN BOWL,General engagement,Explore our latest offers selected specially for you.
16440.0,Occasional Buyers,CHOCOLATE HOT WATER BOTTLE,General engagement,Explore our latest offers selected specially for you.
16441.0,Occasional Buyers,HEART FILIGREE DOVE  SMALL,General engagement,Explore our latest offers selected specially for you.
16442.0,Occasional Buyers,TEATIME GEL PENS ASST,General engagement,Explore our latest offers selected specially for you.
16444.0,Occasional Buyers,POPCORN HOLDER,General engagement,Explore our latest offers selected specially for you.
16445.0,Occasional Buyers,REX CASH+CARRY JUMBO SHOPPER,General engagement,Explore our latest offers selected specially for you.
16446.0,Champions,"PAPER CRAFT , LITTLE BIRDIE",General engagement,Explore our latest offers selected specially for you.
16447.0,Occasional Buyers,GARAGE KEY FOB,General engagement,Explore our latest offers selected specially for you.
16448.0,Inactive Customers,WHITE HANGING HEART T-LIGHT HOLDER,General engagement,Explore our latest offers selected specially for you.
16449.0,Inactive Customers,FILIGREE HEART BIRD WHITE ,General engagement,Explore our latest offers selected specially for you.
16450.0,Inactive Customers,ASSORTED COLOUR BIRD ORNAMENT,General engagement,Explore our latest offers selected specially for you.
16451.0,Occasional Buyers,SMALL DOLLY MIX DESIGN ORANGE BOWL,General engagement,Explore our latest offers selected specially for you.
16454.0,Occasional Buyers,MIDNIGHT BLUE DROP CRYSTAL NECKLACE,General engagement,Explore our latest offers selected specially for you.
16455.0,Occasional Buyers,BLUE DRAWER KNOB ACRYLIC EDWARDIAN,General engagement,Explore our latest offers selected specially for you.
16456.0,Occasional Buyers,JUMBO BAG RED RETROSPOT,General engagement,Explore our latest offers selected specially for you.
16457.0,Inactive Customers,AGED GLASS SILVER T-LIGHT HOLDER,General engagement,Explore our latest offers selected specially for you.
16458.0,Loyal Customers,JUMBO BAG RED RETROSPOT,Increase repeat purchases,We appreciate your loyalty! Get a special offer on JUMBO BAG RED RETROSPOT and continue enjoying your favorite picks.
16460.0,Occasional Buyers,CARTOON  PENCIL SHARPENERS,General engagement,Explore our latest offers selected specially for you.
16461.0,Inactive Customers,BALLOON WATER BOMB PACK OF 35,General engagement,Explore our latest offers selected specially for you.
16462.0,Occasional Buyers,WHITE WOOD GARDEN PLANT LADDER,General engagement,Explore our latest offers selected specially for you.
16463.0,Occasional Buyers,WORLD WAR 2 GLIDERS ASSTD DESIGNS,General engagement,Explore our latest offers selected specially for you.
16464.0,Occasional Buyers,WORLD WAR 2 GLIDERS ASSTD DESIGNS,General engagement,Explore our latest offers selected specially for you.
16466.0,Occasional Buyers,SMALL HANGING IVORY/RED WOOD BIRD,General engagement,Explore our latest offers selected specially for you.
16468.0,Occasional Buyers,JUMBO BAG PINK POLKADOT,General engagement,Explore our latest offers selected specially for you.
16469.0,Occasional Buyers,CARD DOLLY GIRL ,General engagement,Explore our latest offers selected specially for you.
16470.0,Occasional Buyers,WORLD WAR 2 GLIDERS ASSTD DESIGNS,General engagement,Explore our latest offers selected specially for you.
16471.0,Inactive Customers,IVORY HANGING DECORATION  HEART,General engagement,Explore our latest offers selected specially for you.
16473.0,Inactive Customers,GINGHAM ROSE WRAP,General engagement,Explore our latest offers selected specially for you.
16474.0,Occasional Buyers,NATURAL SLATE HEART CHALKBOARD ,General engagement,Explore our latest offers selected specially for you.
16475.0,Occasional Buyers,COLOUR GLASS T-LIGHT HOLDER HANGING,General engagement,Explore our latest offers selected specially for you.
16477.0,Occasional Buyers,LUNCH BAG CARS BLUE,General engagement,Explore our latest offers selected specially for you.
16478.0,Occasional Buyers,CHRISTMAS TREE HEART DECORATION,General engagement,Explore our latest offers selected specially for you.
16479.0,Occasional Buyers,POPCORN HOLDER,General engagement,Explore our latest offers selected specially for you.
16480.0,Occasional Buyers,ANTIQUE SILVER T-LIGHT GLASS,General engagement,Explore our latest offers selected specially for you.
16482.0,Occasional Buyers,CD WALL TIDY BLUE OFFICE,General engagement,Explore our latest offers selected specially for you.
16483.0,Inactive Customers,3 STRIPEY MICE FELTCRAFT,General engagement,Explore our latest offers selected specially for you.
16484.0,Inactive Customers,COLOUR GLASS T-LIGHT HOLDER HANGING,General engagement,Explore our latest offers selected specially for you.
16485.0,Occasional Buyers,SCANDINAVIAN 3 HEARTS NAPKIN RING,General engagement,Explore our latest offers selected specially for you.
16488.0,Occasional Buyers,POPART WOODEN PENCILS ASST,General engagement,Explore our latest offers selected specially for you.
16491.0,Occasional Buyers,MINI PAINT SET VINTAGE ,General engagement,Explore our latest offers selected specially for you.
16493.0,Occasional Buyers,ENVELOPE 50 BLOSSOM IMAGES,General engagement,Explore our latest offers selected specially for you.
16494.0,Inactive Customers,PACK OF 12 STICKY BUNNIES,General engagement,Explore our latest offers selected specially for you.
16495.0,Occasional Buyers,POLKADOT PEN,General engagement,Explore our latest offers selected specially for you.
16496.0,Occasional Buyers,WORLD WAR 2 GLIDERS ASSTD DESIGNS,General engagement,Explore our latest offers selected specially for you.
16497.0,Occasional Buyers,60 CAKE CASES VINTAGE CHRISTMAS,General engagement,Explore our latest offers selected specially for you.
16498.0,Inactive Customers,COTTON APRON PANTRY DESIGN,General engagement,Explore our latest offers selected specially for you.
16499.0,Inactive Customers,FINE WICKER HEART ,General engagement,Explore our latest offers selected specially for you.
16500.0,Occasional Buyers,PAPER CHAIN KIT 50'S CHRISTMAS ,General engagement,Explore our latest offers selected specially for you.
16503.0,Occasional Buyers,DOUGHNUT LIP GLOSS ,General engagement,Explore our latest offers selected specially for you.
16504.0,Occasional Buyers,NOEL GARLAND PAINTED ZINC ,General engagement,Explore our latest offers selected specially for you.
16505.0,Occasional Buyers,6 GIFT TAGS VINTAGE CHRISTMAS ,General engagement,Explore our latest offers selected specially for you.
16506.0,Occasional Buyers,WICKER WREATH LARGE,General engagement,Explore our latest offers selected specially for you.
16509.0,Inactive Customers,GREEN REGENCY TEACUP AND SAUCER,General engagement,Explore our latest offers selected specially for you.
16510.0,Inactive Customers,ANTIQUE SILVER TEA GLASS ETCHED,General engagement,Explore our latest offers selected specially for you.
16511.0,Occasional Buyers,MINI PAINT SET VINTAGE ,General engagement,Explore our latest offers selected specially for you.
16513.0,Occasional Buyers,SET OF 6 SOLDIER SKITTLES,General engagement,Explore our latest offers selected specially for you.
16515.0,Occasional Buyers,FRIDGE MAGNETS LES ENFANTS ASSORTED,General engagement,Explore our latest offers selected specially for you.
16516.0,Occasional Buyers,REGENCY CAKE FORK,General engagement,Explore our latest offers selected specially for you.
16517.0,Inactive Customers,ZINC FINISH 15CM PLANTER POTS,General engagement,Explore our latest offers selected specially for you.
16518.0,Occasional Buyers,TRADITIONAL KNITTING NANCY,General engagement,Explore our latest offers selected specially for you.
16519.0,Occasional Buyers,GRAND CHOCOLATECANDLE,General engagement,Explore our latest offers selected specially for you.
16520.0,Inactive Customers,HERB MARKER MINT,General engagement,Explore our latest offers selected specially for you.
16523.0,Loyal Customers,JUMBO BAG VINTAGE LEAF,Increase repeat purchases,We appreciate your loyalty! Get a special offer on JUMBO BAG VINTAGE LEAF and continue enjoying your favorite picks.
16525.0,Loyal Customers,AGED GLASS SILVER T-LIGHT HOLDER,Increase repeat purchases,We appreciate your loyalty! Get a special offer on AGED GLASS SILVER T-LIGHT HOLDER and continue enjoying your favorite picks.
16526.0,Inactive Customers,GLASS HEART T-LIGHT HOLDER ,General engagement,Explore our latest offers selected specially for you.
16527.0,Occasional Buyers,ASSORTED COLOUR SUCTION CUP HOOK,General engagement,Explore our latest offers selected specially for you.
16528.0,Occasional Buyers,CERAMIC STRAWBERRY CAKE MONEY BANK,General engagement,Explore our latest offers selected specially for you.
16529.0,Inactive Customers,STRAWBERRY CERAMIC TRINKET BOX,General engagement,Explore our latest offers selected specially for you.
16531.0,Occasional Buyers,CARTOON  PENCIL SHARPENERS,General engagement,Explore our latest offers selected specially for you.
16532.0,Occasional Buyers,CHILLI LIGHTS,General engagement,Explore our latest offers selected specially for you.
16533.0,Occasional Buyers,ASSORTED BOTTLE TOP  MAGNETS ,General engagement,Explore our latest offers selected specially for you.
16535.0,Occasional Buyers,BUBBLEGUM RING ASSORTED,General engagement,Explore our latest offers selected specially for you.
16536.0,Occasional Buyers,WRAP 50'S  CHRISTMAS,General engagement,Explore our latest offers selected specially for you.
16539.0,Occasional Buyers,DOORMAT FANCY FONT HOME SWEET HOME,General engagement,Explore our latest offers selected specially for you.
16542.0,Occasional Buyers,WOODEN FRAME ANTIQUE WHITE ,General engagement,Explore our latest offers selected specially for you.
16545.0,Inactive Customers,CHILLI LIGHTS,General engagement,Explore our latest offers selected specially for you.
16546.0,Inactive Customers,PARTY CONES CANDY TREE DECORATION,General engagement,Explore our latest offers selected specially for you.
16549.0,Occasional Buyers,HEART DECORATION WITH PEARLS ,General engagement,Explore our latest offers selected specially for you.
16550.0,Occasional Buyers,DISCO BALL CHRISTMAS DECORATION,General engagement,Explore our latest offers selected specially for you.
16551.0,Occasional Buyers,SET OF 12 FAIRY CAKE BAKING CASES,General engagement,Explore our latest offers selected specially for you.
16552.0,Inactive Customers,PACK OF 12 PINK POLKADOT TISSUES,General engagement,Explore our latest offers selected specially for you.
16553.0,Occasional Buyers,WORLD WAR 2 GLIDERS ASSTD DESIGNS,General engagement,Explore our latest offers selected specially for you.
16554.0,Occasional Buyers,FLUTED ANTIQUE CANDLE HOLDER,General engagement,Explore our latest offers selected specially for you.
16555.0,Occasional Buyers,TRAVEL CARD WALLET TRANSPORT,General engagement,Explore our latest offers selected specially for you.
16556.0,Occasional Buyers,WHITE HANGING HEART T-LIGHT HOLDER,General engagement,Explore our latest offers selected specially for you.
16557.0,Occasional Buyers,ANTIQUE SILVER T-LIGHT GLASS,General engagement,Explore our latest offers selected specially for you.
16558.0,Loyal Customers,ROTATING SILVER ANGELS T-LIGHT HLDR,Increase repeat purchases,We appreciate your loyalty! Get a special offer on ROTATING SILVER ANGELS T-LIGHT HLDR and continue enjoying your favorite picks.
16560.0,Occasional Buyers,RED RETROSPOT WRAP ,General engagement,Explore our latest offers selected specially for you.
16561.0,Occasional Buyers,CHRISTMAS GINGHAM TREE,General engagement,Explore our latest offers selected specially for you.
16563.0,Occasional Buyers,ASSORTED COLOUR BIRD ORNAMENT,General engagement,Explore our latest offers selected specially for you.
16565.0,Inactive Customers,AFGHAN SLIPPER SOCK PAIR,General engagement,Explore our latest offers selected specially for you.
16566.0,Occasional Buyers,AGED GLASS SILVER T-LIGHT HOLDER,General engagement,Explore our latest offers selected specially for you.
16567.0,Inactive Customers,BLUE FLOCK GLASS CANDLEHOLDER,General engagement,Explore our latest offers selected specially for you.
16569.0,Occasional Buyers,WRAP  VINTAGE DOILY ,General engagement,Explore our latest offers selected specially for you.
16570.0,Occasional Buyers,ASSORTED COLOUR BIRD ORNAMENT,General engagement,Explore our latest offers selected specially for you.
16571.0,Occasional Buyers,FUNKY DIVA PEN,General engagement,Explore our latest offers selected specially for you.
16572.0,Occasional Buyers,PACK OF 20 NAPKINS PANTRY DESIGN,General engagement,Explore our latest offers selected specially for you.
16573.0,Occasional Buyers,FANCY FONTS BIRTHDAY WRAP,General engagement,Explore our latest offers selected specially for you.
16574.0,Occasional Buyers,60 CAKE CASES VINTAGE CHRISTMAS,General engagement,Explore our latest offers selected specially for you.
16581.0,Inactive Customers,RED RETROSPOT WRAP ,General engagement,Explore our latest offers selected specially for you.
16582.0,Occasional Buyers,BLACK RECORD COVER FRAME,General engagement,Explore our latest offers selected specially for you.
16583.0,Inactive Customers,HOMEMADE JAM SCENTED CANDLES,General engagement,Explore our latest offers selected specially for you.
16584.0,Occasional Buyers,TOILET METAL SIGN,General engagement,Explore our latest offers selected specially for you.
16586.0,Inactive Customers,CREAM SWEETHEART EGG HOLDER,General engagement,Explore our latest offers selected specially for you.
16587.0,Inactive Customers,FINE WICKER HEART ,General engagement,Explore our latest offers selected specially for you.
16589.0,Occasional Buyers,6 GIFT TAGS 50'S CHRISTMAS ,General engagement,Explore our latest offers selected specially for you.
16591.0,Occasional Buyers,DOORMAT KEEP CALM AND COME IN,General engagement,Explore our latest offers selected specially for you.
16592.0,Loyal Customers,60 TEATIME FAIRY CAKE CASES,Increase repeat purchases,We appreciate your loyalty! Get a special offer on 60 TEATIME FAIRY CAKE CASES and continue enjoying your favorite picks.
16593.0,Occasional Buyers,SET/4 RED MINI ROSE CANDLE IN BOWL,General engagement,Explore our latest offers selected specially for you.
16594.0,Occasional Buyers,JINGLE BELLS TREE DECORATION,General engagement,Explore our latest offers selected specially for you.
16595.0,Occasional Buyers,WRAP 50'S  CHRISTMAS,General engagement,Explore our latest offers selected specially for you.
16596.0,Occasional Buyers,HANGING HEART MIRROR DECORATION ,General engagement,Explore our latest offers selected specially for you.
16597.0,Occasional Buyers,HAIRCLIPS FORTIES FABRIC ASSORTED,General engagement,Explore our latest offers selected specially for you.
16598.0,Inactive Customers,CERAMIC CHERRY CAKE MONEY BANK,General engagement,Explore our latest offers selected specially for you.
16600.0,Occasional Buyers,JAZZ HEARTS PURSE NOTEBOOK,General engagement,Explore our latest offers selected specially for you.
16601.0,Occasional Buyers,BROCADE RING PURSE ,General engagement,Explore our latest offers selected specially for you.
16602.0,Occasional Buyers,WORLD WAR 2 GLIDERS ASSTD DESIGNS,General engagement,Explore our latest offers selected specially for you.
16603.0,Occasional Buyers,POPART WOODEN PENCILS ASST,General engagement,Explore our latest offers selected specially for you.
16607.0,Occasional Buyers,PIECE OF CAMO STATIONERY SET,General engagement,Explore our latest offers selected specially for you.
16609.0,Occasional Buyers,SCENTED VELVET LOUNGE CANDLE ,General engagement,Explore our latest offers selected specially for you.
16610.0,Inactive Customers,HANGING HEART JAR T-LIGHT HOLDER,General engagement,Explore our latest offers selected specially for you.
16611.0,Inactive Customers,BAG 125g SWIRLY MARBLES,General engagement,Explore our latest offers selected specially for you.
16612.0,Occasional Buyers,JUMBO STORAGE BAG SUKI,General engagement,Explore our latest offers selected specially for you.
16613.0,Occasional Buyers,CHRISTMAS TREE HANGING SILVER ,General engagement,Explore our latest offers selected specially for you.
16614.0,Inactive Customers,"KEY FOB , BACK DOOR ",General engagement,Explore our latest offers selected specially for you.
16616.0,Occasional Buyers,COWBOYS AND INDIANS BIRTHDAY CARD ,General engagement,Explore our latest offers selected specially for you.
16617.0,Inactive Customers,ANTIQUE SILVER T-LIGHT GLASS,General engagement,Explore our latest offers selected specially for you.
16618.0,Occasional Buyers,BLUE SPOT CERAMIC DRAWER KNOB,General engagement,Explore our latest offers selected specially for you.
16619.0,Inactive Customers,PACK OF 12 TRADITIONAL CRAYONS,General engagement,Explore our latest offers selected specially for you.
16620.0,Occasional Buyers,PACK OF 12 HEARTS DESIGN TISSUES ,General engagement,Explore our latest offers selected specially for you.
16621.0,Occasional Buyers,ANTIQUE SILVER T-LIGHT GLASS,General engagement,Explore our latest offers selected specially for you.
16623.0,Inactive Customers,ENAMEL FLOWER JUG CREAM,General engagement,Explore our latest offers selected specially for you.
16624.0,Occasional Buyers,CHRISTMAS HANGING STAR WITH BELL,General engagement,Explore our latest offers selected specially for you.
16625.0,Inactive Customers,ASSORTED BOTTLE TOP  MAGNETS ,General engagement,Explore our latest offers selected specially for you.
16626.0,Loyal Customers,AGED GLASS SILVER T-LIGHT HOLDER,Increase repeat purchases,We appreciate your loyalty! Get a special offer on AGED GLASS SILVER T-LIGHT HOLDER and continue enjoying your favorite picks.
16627.0,Occasional Buyers,MULTICOLOUR SPRING FLOWER MUG,General engagement,Explore our latest offers selected specially for you.
16628.0,Occasional Buyers,BAKING SET 9 PIECE RETROSPOT ,General engagement,Explore our latest offers selected specially for you.
16629.0,Occasional Buyers,POPART WOODEN PENCILS ASST,General engagement,Explore our latest offers selected specially for you.
16633.0,Occasional Buyers,VICTORIAN GLASS HANGING T-LIGHT,General engagement,Explore our latest offers selected specially for you.
16634.0,Inactive Customers,BLUE/CREAM STRIPE CUSHION COVER ,General engagement,Explore our latest offers selected specially for you.
16637.0,Occasional Buyers,WORLD WAR 2 GLIDERS ASSTD DESIGNS,General engagement,Explore our latest offers selected specially for you.
16638.0,Occasional Buyers,HAND WARMER BABUSHKA DESIGN,General engagement,Explore our latest offers selected specially for you.
16639.0,Occasional Buyers,WHITE HANGING HEART T-LIGHT HOLDER,General engagement,Explore our latest offers selected specially for you.
16641.0,Occasional Buyers,ANGEL DECORATION 3 BUTTONS ,General engagement,Explore our latest offers selected specially for you.
16642.0,Occasional Buyers,BALLOON ART MAKE YOUR OWN FLOWERS,General engagement,Explore our latest offers selected specially for you.
16643.0,Inactive Customers,POLKADOT PEN,General engagement,Explore our latest offers selected specially for you.
16644.0,Inactive Customers,FANCY FONTS BIRTHDAY WRAP,General engagement,Explore our latest offers selected specially for you.
16647.0,Inactive Customers,SMALL CERAMIC TOP STORAGE JAR ,General engagement,Explore our latest offers selected specially for you.
16648.0,Occasional Buyers,MINI PAINT SET VINTAGE ,General engagement,Explore our latest offers selected specially for you.
16650.0,Occasional Buyers,FUNKY DIVA PEN,General engagement,Explore our latest offers selected specially for you.
16652.0,Occasional Buyers,COLOUR GLASS T-LIGHT HOLDER HANGING,General engagement,Explore our latest offers selected specially for you.
16653.0,Occasional Buyers,PINK PAISLEY ROSE GIFT WRAP,General engagement,Explore our latest offers selected specially for you.
16654.0,Occasional Buyers,POLKADOT PEN,General engagement,Explore our latest offers selected specially for you.
16655.0,Occasional Buyers,PAPER CHAIN KIT 50'S CHRISTMAS ,General engagement,Explore our latest offers selected specially for you.
16656.0,Loyal Customers,TRAVEL CARD WALLET KEEP CALM,Increase repeat purchases,We appreciate your loyalty! Get a special offer on TRAVEL CARD WALLET KEEP CALM and continue enjoying your favorite picks.
16657.0,Occasional Buyers,POPART WOODEN PENCILS ASST,General engagement,Explore our latest offers selected specially for you.
16658.0,Inactive Customers,GLASS STAR FROSTED T-LIGHT HOLDER,General engagement,Explore our latest offers selected specially for you.
16659.0,Inactive Customers,SET/6 COLLAGE PAPER PLATES,General engagement,Explore our latest offers selected specially for you.
16660.0,Occasional Buyers,SET/3 VANILLA SCENTED CANDLE IN BOX,General engagement,Explore our latest offers selected specially for you.
16665.0,Inactive Customers,GRAND CHOCOLATECANDLE,General engagement,Explore our latest offers selected specially for you.
16666.0,Occasional Buyers,SKULLS AND CROSSBONES WRAP,General engagement,Explore our latest offers selected specially for you.
16667.0,Occasional Buyers,BLUE DRAWER KNOB ACRYLIC EDWARDIAN,General engagement,Explore our latest offers selected specially for you.
16668.0,Occasional Buyers,MAGIC DRAWING SLATE PURDEY,General engagement,Explore our latest offers selected specially for you.
16669.0,Occasional Buyers,POPART WOODEN PENCILS ASST,General engagement,Explore our latest offers selected specially for you.
16670.0,Occasional Buyers,RED RETROSPOT WRAP ,General engagement,Explore our latest offers selected specially for you.
16671.0,Occasional Buyers,TRADITIONAL CHRISTMAS RIBBONS,General engagement,Explore our latest offers selected specially for you.
16672.0,Loyal Customers,GUMBALL COAT RACK,Increase repeat purchases,We appreciate your loyalty! Get a special offer on GUMBALL COAT RACK and continue enjoying your favorite picks.
16674.0,Occasional Buyers,T-LIGHT GLASS FLUTED ANTIQUE,General engagement,Explore our latest offers selected specially for you.
16676.0,Occasional Buyers,RETROSPOT CIGAR BOX MATCHES ,General engagement,Explore our latest offers selected specially for you.
16678.0,Occasional Buyers,TRAVEL CARD WALLET VINTAGE TICKET,General engagement,Explore our latest offers selected specially for you.
16679.0,Inactive Customers,CHILLI LIGHTS,General engagement,Explore our latest offers selected specially for you.
16680.0,Occasional Buyers,BLUE HARMONICA IN BOX ,General engagement,Explore our latest offers selected specially for you.
16681.0,Occasional Buyers,PACK OF 12 LONDON TISSUES ,General engagement,Explore our latest offers selected specially for you.
16682.0,Occasional Buyers,MAGIC DRAWING SLATE SPACEBOY ,General engagement,Explore our latest offers selected specially for you.
16684.0,Loyal Customers,ASSORTED COLOURS SILK FAN,Increase repeat purchases,We appreciate your loyalty! Get a special offer on ASSORTED COLOURS SILK FAN and continue enjoying your favorite picks.
16685.0,Occasional Buyers,WORLD WAR 2 GLIDERS ASSTD DESIGNS,General engagement,Explore our latest offers selected specially for you.
16686.0,Occasional Buyers,WORLD WAR 2 GLIDERS ASSTD DESIGNS,General engagement,Explore our latest offers selected specially for you.
16688.0,Occasional Buyers,6 GIFT TAGS 50'S CHRISTMAS ,General engagement,Explore our latest offers selected specially for you.
16689.0,Occasional Buyers,CHRISTMAS CARD SCREEN PRINT ,General engagement,Explore our latest offers selected specially for you.
16690.0,Occasional Buyers,SAVE THE PLANET MUG,General engagement,Explore our latest offers selected specially for you.
16692.0,Inactive Customers,VINTAGE UNION JACK BUNTING,General engagement,Explore our latest offers selected specially for you.
16693.0,Occasional Buyers,WRAP 50'S  CHRISTMAS,General engagement,Explore our latest offers selected specially for you.
16696.0,Occasional Buyers,PARTY BUNTING,General engagement,Explore our latest offers selected specially for you.
16697.0,Inactive Customers,GYMKHANA TREASURE BOOK BOX,General engagement,Explore our latest offers selected specially for you.
16698.0,Inactive Customers,PAPER CHAIN KIT EMPIRE,General engagement,Explore our latest offers selected specially for you.
16700.0,Occasional Buyers,PACK OF 12 LONDON TISSUES ,General engagement,Explore our latest offers selected specially for you.
16701.0,Occasional Buyers,DISCO BALL CHRISTMAS DECORATION,General engagement,Explore our latest offers selected specially for you.
16705.0,Loyal Customers,MOROCCAN TEA GLASS,Increase repeat purchases,We appreciate your loyalty! Get a special offer on MOROCCAN TEA GLASS and continue enjoying your favorite picks.
16706.0,Occasional Buyers,ASSTD FRUIT+FLOWERS FRIDGE MAGNETS,General engagement,Explore our latest offers selected specially for you.
16708.0,Occasional Buyers,PAPER CHAIN KIT 50'S CHRISTMAS ,General engagement,Explore our latest offers selected specially for you.
16709.0,Occasional Buyers,SMALL POPCORN HOLDER,General engagement,Explore our latest offers selected specially for you.
16710.0,Occasional Buyers,WHITE SAGE INCENSE,General engagement,Explore our latest offers selected specially for you.
16711.0,Occasional Buyers,WHITE SAGE INCENSE,General engagement,Explore our latest offers selected specially for you.
16712.0,Occasional Buyers,CARD MOTORBIKE SANTA,General engagement,Explore our latest offers selected specially for you.
16713.0,Loyal Customers,HANGING CLEAR MINI BOTTLE,Increase repeat purchases,We appreciate your loyalty! Get a special offer on HANGING CLEAR MINI BOTTLE and continue enjoying your favorite picks.
16714.0,Inactive Customers,EMPIRE GIFT WRAP,General engagement,Explore our latest offers selected specially for you.
16715.0,Occasional Buyers,COLOUR GLASS T-LIGHT HOLDER HANGING,General engagement,Explore our latest offers selected specially for you.
16716.0,Inactive Customers,3 HOOK PHOTO SHELF ANTIQUE WHITE,General engagement,Explore our latest offers selected specially for you.
16717.0,Occasional Buyers,POPCORN HOLDER,General engagement,Explore our latest offers selected specially for you.
16718.0,Inactive Customers,CARD CHRISTMAS VILLAGE,General engagement,Explore our latest offers selected specially for you.
16719.0,Occasional Buyers,BROCADE RING PURSE ,General engagement,Explore our latest offers selected specially for you.
16720.0,Occasional Buyers,WORLD WAR 2 GLIDERS ASSTD DESIGNS,General engagement,Explore our latest offers selected specially for you.
16721.0,Inactive Customers,ANTIQUE GLASS PLACE SETTING,General engagement,Explore our latest offers selected specially for you.
16722.0,Occasional Buyers,SKULLS AND CROSSBONES WRAP,General engagement,Explore our latest offers selected specially for you.
16723.0,Occasional Buyers,WORLD WAR 2 GLIDERS ASSTD DESIGNS,General engagement,Explore our latest offers selected specially for you.
16725.0,Inactive Customers,CACTI T-LIGHT CANDLES,General engagement,Explore our latest offers selected specially for you.
16726.0,Occasional Buyers,BLUE SCANDINAVIAN PAISLEY WRAP,General engagement,Explore our latest offers selected specially for you.
16727.0,Inactive Customers,T-LIGHT GLASS FLUTED ANTIQUE,General engagement,Explore our latest offers selected specially for you.
16728.0,Occasional Buyers,ASS FLORAL PRINT MULTI SCREWDRIVER,General engagement,Explore our latest offers selected specially for you.
16729.0,Loyal Customers,TRAVEL CARD WALLET KEEP CALM,Increase repeat purchases,We appreciate your loyalty! Get a special offer on TRAVEL CARD WALLET KEEP CALM and continue enjoying your favorite picks.
16730.0,Occasional Buyers,BOX OF 24 COCKTAIL PARASOLS,General engagement,Explore our latest offers selected specially for you.
16732.0,Occasional Buyers,WORLD WAR 2 GLIDERS ASSTD DESIGNS,General engagement,Explore our latest offers selected specially for you.
16734.0,Occasional Buyers,DOUGHNUT LIP GLOSS ,General engagement,Explore our latest offers selected specially for you.
16735.0,Occasional Buyers,COLOUR GLASS T-LIGHT HOLDER HANGING,General engagement,Explore our latest offers selected specially for you.
16737.0,Occasional Buyers,SILVER HANGING T-LIGHT HOLDER,General engagement,Explore our latest offers selected specially for you.
16738.0,Inactive Customers,POLYESTER FILLER PAD 30CMx30CM,General engagement,Explore our latest offers selected specially for you.
16739.0,Inactive Customers,HANGING JAM JAR T-LIGHT HOLDER,General engagement,Explore our latest offers selected specially for you.
16742.0,Occasional Buyers,Manual,General engagement,Explore our latest offers selected specially for you.
16743.0,Occasional Buyers,STRAWBERRY CERAMIC TRINKET BOX,General engagement,Explore our latest offers selected specially for you.
16744.0,Occasional Buyers,LARGE CIRCULAR MIRROR MOBILE,General engagement,Explore our latest offers selected specially for you.
16745.0,Loyal Customers,PACK OF 60 PINK PAISLEY CAKE CASES,Increase repeat purchases,We appreciate your loyalty! Get a special offer on PACK OF 60 PINK PAISLEY CAKE CASES and continue enjoying your favorite picks.
16746.0,Loyal Customers,TRADITIONAL KNITTING NANCY,Increase repeat purchases,We appreciate your loyalty! Get a special offer on TRADITIONAL KNITTING NANCY and continue enjoying your favorite picks.
16747.0,Occasional Buyers,CHRISTMAS METAL POSTCARD WITH BELLS,General engagement,Explore our latest offers selected specially for you.
16748.0,Occasional Buyers,JUMBO BAG PINK POLKADOT,General engagement,Explore our latest offers selected specially for you.
16750.0,Occasional Buyers,SILVER GLITTER FLOWER VOTIVE HOLDER,General engagement,Explore our latest offers selected specially for you.
16751.0,Occasional Buyers,BAKING SET SPACEBOY DESIGN,General engagement,Explore our latest offers selected specially for you.
16752.0,Inactive Customers,CHRISTMAS GINGHAM HEART,General engagement,Explore our latest offers selected specially for you.
16753.0,Occasional Buyers,FANCY FONTS BIRTHDAY WRAP,General engagement,Explore our latest offers selected specially for you.
16754.0,Inactive Customers,WORLD WAR 2 GLIDERS ASSTD DESIGNS,General engagement,Explore our latest offers selected specially for you.
16755.0,Occasional Buyers,"ASSORTED FLOWER COLOUR ""LEIS""",General engagement,Explore our latest offers selected specially for you.
16756.0,Inactive Customers,PLACE SETTING WHITE HEART,General engagement,Explore our latest offers selected specially for you.
16757.0,Inactive Customers,BATHROOM METAL SIGN,General engagement,Explore our latest offers selected specially for you.
16758.0,Occasional Buyers,VINTAGE CHRISTMAS CAKE FRILL,General engagement,Explore our latest offers selected specially for you.
16759.0,Occasional Buyers,GROW A FLYTRAP OR SUNFLOWER IN TIN,General engagement,Explore our latest offers selected specially for you.
16761.0,Occasional Buyers,MINI PAINT SET VINTAGE ,General engagement,Explore our latest offers selected specially for you.
16762.0,Occasional Buyers,GARDENERS KNEELING PAD CUP OF TEA ,General engagement,Explore our latest offers selected specially for you.
16763.0,Inactive Customers,MINI PAINT SET VINTAGE ,General engagement,Explore our latest offers selected specially for you.
16764.0,Occasional Buyers,ROTATING SILVER ANGELS T-LIGHT HLDR,General engagement,Explore our latest offers selected specially for you.
16765.0,Inactive Customers,VINTAGE UNION JACK BUNTING,General engagement,Explore our latest offers selected specially for you.
16766.0,Inactive Customers,PACK OF 20 NAPKINS PANTRY DESIGN,General engagement,Explore our latest offers selected specially for you.
16767.0,Occasional Buyers,CHRISTMAS TABLE SILVER CANDLE SPIKE,General engagement,Explore our latest offers selected specially for you.
16768.0,Occasional Buyers,GROW A FLYTRAP OR SUNFLOWER IN TIN,General engagement,Explore our latest offers selected specially for you.
16769.0,Inactive Customers,WHITE HANGING HEART T-LIGHT HOLDER,General engagement,Explore our latest offers selected specially for you.
16770.0,Occasional Buyers,HAND WARMER BABUSHKA DESIGN,General engagement,Explore our latest offers selected specially for you.
16771.0,Occasional Buyers,ASSORTED INCENSE PACK,General engagement,Explore our latest offers selected specially for you.
16773.0,Occasional Buyers,"FEATHER PEN,COAL BLACK",General engagement,Explore our latest offers selected specially for you.
16774.0,Occasional Buyers,HANGING JAM JAR T-LIGHT HOLDER,General engagement,Explore our latest offers selected specially for you.
16775.0,Occasional Buyers,HANGING HEART JAR T-LIGHT HOLDER,General engagement,Explore our latest offers selected specially for you.
16776.0,Occasional Buyers,HEART DECORATION RUSTIC HANGING ,General engagement,Explore our latest offers selected specially for you.
16777.0,Occasional Buyers,WHITE HANGING HEART T-LIGHT HOLDER,General engagement,Explore our latest offers selected specially for you.
16778.0,Occasional Buyers,60 TEATIME FAIRY CAKE CASES,General engagement,Explore our latest offers selected specially for you.
16779.0,Loyal Customers,BOX OF 24 COCKTAIL PARASOLS,Increase repeat purchases,We appreciate your loyalty! Get a special offer on BOX OF 24 COCKTAIL PARASOLS and continue enjoying your favorite picks.
16780.0,Occasional Buyers,COLOUR GLASS T-LIGHT HOLDER HANGING,General engagement,Explore our latest offers selected specially for you.
16781.0,Inactive Customers,CLASSICAL ROSE CANDLESTAND,General engagement,Explore our latest offers selected specially for you.
16782.0,Occasional Buyers,WHITE HANGING HEART T-LIGHT HOLDER,General engagement,Explore our latest offers selected specially for you.
16784.0,Occasional Buyers,BLACK RECORD COVER FRAME,General engagement,Explore our latest offers selected specially for you.
16788.0,Occasional Buyers,WRAP ALPHABET DESIGN,General engagement,Explore our latest offers selected specially for you.
16789.0,Occasional Buyers,GARDENERS KNEELING PAD KEEP CALM ,General engagement,Explore our latest offers selected specially for you.
16790.0,Occasional Buyers,DAIRY MAID STRIPE MUG,General engagement,Explore our latest offers selected specially for you.
16791.0,Occasional Buyers,ASSORTED COLOUR BIRD ORNAMENT,General engagement,Explore our latest offers selected specially for you.
16792.0,Inactive Customers,SMALL HANGING IVORY/RED WOOD BIRD,General engagement,Explore our latest offers selected specially for you.
16793.0,Occasional Buyers,60 CAKE CASES VINTAGE CHRISTMAS,General engagement,Explore our latest offers selected specially for you.
16794.0,Occasional Buyers,PLACE SETTING WHITE HEART,General engagement,Explore our latest offers selected specially for you.
16795.0,Inactive Customers,ZINC WILLIE WINKIE  CANDLE STICK,General engagement,Explore our latest offers selected specially for you.
16796.0,Occasional Buyers,DECORATIVE WICKER HEART MEDIUM,General engagement,Explore our latest offers selected specially for you.
16800.0,Occasional Buyers,CARD CHRISTMAS VILLAGE,General engagement,Explore our latest offers selected specially for you.
16801.0,Inactive Customers,LARGE STRIPES CHOCOLATE GIFT BAG,General engagement,Explore our latest offers selected specially for you.
16803.0,Occasional Buyers,WRAP FLOWER SHOP  ,General engagement,Explore our latest offers selected specially for you.
16804.0,Occasional Buyers,DOUGHNUT LIP GLOSS ,General engagement,Explore our latest offers selected specially for you.
16805.0,Inactive Customers,ASSORTED INCENSE PACK,General engagement,Explore our latest offers selected specially for you.
16806.0,Occasional Buyers,HANGING HEART JAR T-LIGHT HOLDER,General engagement,Explore our latest offers selected specially for you.
16807.0,Occasional Buyers,MINI PAINT SET VINTAGE ,General engagement,Explore our latest offers selected specially for you.
16808.0,Occasional Buyers,SMALL POLKADOT CHOCOLATE GIFT BAG ,General engagement,Explore our latest offers selected specially for you.
16809.0,Occasional Buyers,60 CAKE CASES DOLLY GIRL DESIGN,General engagement,Explore our latest offers selected specially for you.
16810.0,Inactive Customers,ASSORTED COLOUR BIRD ORNAMENT,General engagement,Explore our latest offers selected specially for you.
16811.0,Occasional Buyers,STAR DECORATION PAINTED ZINC ,General engagement,Explore our latest offers selected specially for you.
16812.0,Inactive Customers,FELTCRAFT HAIRBAND PINK AND BLUE,General engagement,Explore our latest offers selected specially for you.
16813.0,Occasional Buyers,GIRLS ALPHABET IRON ON PATCHES ,General engagement,Explore our latest offers selected specially for you.
16814.0,Loyal Customers,ASSORTED COLOUR BIRD ORNAMENT,Increase repeat purchases,We appreciate your loyalty! Get a special offer on ASSORTED COLOUR BIRD ORNAMENT and continue enjoying your favorite picks.
16816.0,Occasional Buyers,12 PENCILS SMALL TUBE RED RETROSPOT,General engagement,Explore our latest offers selected specially for you.
16817.0,Occasional Buyers,CHRISTMAS GINGHAM HEART,General engagement,Explore our latest offers selected specially for you.
16818.0,Occasional Buyers,HANGING MINI COLOURED BOTTLES,General engagement,Explore our latest offers selected specially for you.
16820.0,Occasional Buyers,WORLD WAR 2 GLIDERS ASSTD DESIGNS,General engagement,Explore our latest offers selected specially for you.
16823.0,Inactive Customers,SMALL POPCORN HOLDER,General engagement,Explore our latest offers selected specially for you.
16824.0,Occasional Buyers,60 TEATIME FAIRY CAKE CASES,General engagement,Explore our latest offers selected specially for you.
16825.0,Occasional Buyers,COLOUR GLASS T-LIGHT HOLDER HANGING,General engagement,Explore our latest offers selected specially for you.
16826.0,Occasional Buyers,FRIDGE MAGNETS US DINER ASSORTED,General engagement,Explore our latest offers selected specially for you.
16828.0,Occasional Buyers,FRENCH BATHROOM SIGN BLUE METAL,General engagement,Explore our latest offers selected specially for you.
16829.0,Inactive Customers,BOX OF 24 COCKTAIL PARASOLS,General engagement,Explore our latest offers selected specially for you.
16830.0,Occasional Buyers,BLUE POLKADOT WRAP,General engagement,Explore our latest offers selected specially for you.
16832.0,Inactive Customers,GIFT BAG BIRTHDAY,General engagement,Explore our latest offers selected specially for you.
16833.0,Occasional Buyers,BLACK RECORD COVER FRAME,General engagement,Explore our latest offers selected specially for you.
16834.0,Inactive Customers,60 TEATIME FAIRY CAKE CASES,General engagement,Explore our latest offers selected specially for you.
16835.0,Occasional Buyers,JUMBO BAG APPLES,General engagement,Explore our latest offers selected specially for you.
16836.0,Occasional Buyers,ANTIQUE SILVER TEA GLASS ENGRAVED,General engagement,Explore our latest offers selected specially for you.
16837.0,Occasional Buyers,STAR DECORATION PAINTED ZINC ,General engagement,Explore our latest offers selected specially for you.
16838.0,Inactive Customers,ASSORTED COLOUR BIRD ORNAMENT,General engagement,Explore our latest offers selected specially for you.
16839.0,Loyal Customers,T-LIGHT GLASS FLUTED ANTIQUE,Increase repeat purchases,We appreciate your loyalty! Get a special offer on T-LIGHT GLASS FLUTED ANTIQUE and continue enjoying your favorite picks.
16841.0,Occasional Buyers,JAZZ HEARTS ADDRESS BOOK,General engagement,Explore our latest offers selected specially for you.
16842.0,Occasional Buyers,ASSORTED COLOUR BIRD ORNAMENT,General engagement,Explore our latest offers selected specially for you.
16843.0,Loyal Customers,PIECE OF CAMO STATIONERY SET,Increase repeat purchases,We appreciate your loyalty! Get a special offer on PIECE OF CAMO STATIONERY SET and continue enjoying your favorite picks.
16846.0,Occasional Buyers,WRAP FLOWER SHOP  ,General engagement,Explore our latest offers selected specially for you.
16847.0,Occasional Buyers,SET OF 20 VINTAGE CHRISTMAS NAPKINS,General engagement,Explore our latest offers selected specially for you.
16848.0,Occasional Buyers,60 CAKE CASES VINTAGE CHRISTMAS,General engagement,Explore our latest offers selected specially for you.
16849.0,Inactive Customers,PAINTED METAL PEARS ASSORTED,General engagement,Explore our latest offers selected specially for you.
16850.0,Inactive Customers,POTTERING MUG,General engagement,Explore our latest offers selected specially for you.
16851.0,Occasional Buyers,ANGEL DECORATION 3 BUTTONS ,General engagement,Explore our latest offers selected specially for you.
16852.0,Occasional Buyers,HEART DECORATION RUSTIC HANGING ,General engagement,Explore our latest offers selected specially for you.
16855.0,Occasional Buyers,3 WHITE CHOC MORRIS BOXED CANDLES,General engagement,Explore our latest offers selected specially for you.
16856.0,Occasional Buyers,HEART OF WICKER LARGE,General engagement,Explore our latest offers selected specially for you.
16858.0,Inactive Customers,RED RETROSPOT STORAGE JAR,General engagement,Explore our latest offers selected specially for you.
16859.0,Inactive Customers,SKULLS AND CROSSBONES WRAP,General engagement,Explore our latest offers selected specially for you.
16861.0,Occasional Buyers,10 COLOUR SPACEBOY PEN,General engagement,Explore our latest offers selected specially for you.
16863.0,Occasional Buyers,WORLD WAR 2 GLIDERS ASSTD DESIGNS,General engagement,Explore our latest offers selected specially for you.
16866.0,Occasional Buyers,BLACK RECORD COVER FRAME,General engagement,Explore our latest offers selected specially for you.
16869.0,Occasional Buyers,POLKADOT PEN,General engagement,Explore our latest offers selected specially for you.
16871.0,Occasional Buyers,60 CAKE CASES VINTAGE CHRISTMAS,General engagement,Explore our latest offers selected specially for you.
16872.0,Occasional Buyers,ANTIQUE SILVER TEA GLASS ENGRAVED,General engagement,Explore our latest offers selected specially for you.
16873.0,Occasional Buyers,MINI PAINT SET VINTAGE ,General engagement,Explore our latest offers selected specially for you.
16875.0,Occasional Buyers,10 COLOUR SPACEBOY PEN,General engagement,Explore our latest offers selected specially for you.
16877.0,Occasional Buyers,GARDENERS KNEELING PAD KEEP CALM ,General engagement,Explore our latest offers selected specially for you.
16878.0,Occasional Buyers,REX CASH+CARRY JUMBO SHOPPER,General engagement,Explore our latest offers selected specially for you.
16880.0,Occasional Buyers,ASSORTED CREEPY CRAWLIES,General engagement,Explore our latest offers selected specially for you.
16881.0,Occasional Buyers,ASSORTED COLOURS SILK FAN,General engagement,Explore our latest offers selected specially for you.
16882.0,Occasional Buyers,FANCY FONTS BIRTHDAY WRAP,General engagement,Explore our latest offers selected specially for you.
16883.0,Inactive Customers,TRADITIONAL KNITTING NANCY,General engagement,Explore our latest offers selected specially for you.
16884.0,Occasional Buyers,6 GIFT TAGS VINTAGE CHRISTMAS ,General engagement,Explore our latest offers selected specially for you.
16885.0,Occasional Buyers,3 ROSE MORRIS BOXED CANDLES,General engagement,Explore our latest offers selected specially for you.
16887.0,Occasional Buyers,HEART DECORATION RUSTIC HANGING ,General engagement,Explore our latest offers selected specially for you.
16889.0,Inactive Customers,WOODEN SCHOOL COLOURING SET,General engagement,Explore our latest offers selected specially for you.
16891.0,Occasional Buyers,PACK OF 12 SKULL TISSUES,General engagement,Explore our latest offers selected specially for you.
16892.0,Occasional Buyers,BAG 250g SWIRLY MARBLES,General engagement,Explore our latest offers selected specially for you.
16893.0,Inactive Customers,WHITE CHRYSANTHEMUMS ART FLOWER,General engagement,Explore our latest offers selected specially for you.
16895.0,Occasional Buyers,VINTAGE BILLBOARD DRINK ME MUG,General engagement,Explore our latest offers selected specially for you.
16897.0,Inactive Customers,POTTING SHED TEA MUG,General engagement,Explore our latest offers selected specially for you.
16898.0,Occasional Buyers,PENS ASSORTED FUNNY FACE,General engagement,Explore our latest offers selected specially for you.
16899.0,Occasional Buyers,POPCORN HOLDER,General engagement,Explore our latest offers selected specially for you.
16900.0,Occasional Buyers,POPART WOODEN PENCILS ASST,General engagement,Explore our latest offers selected specially for you.
16902.0,Occasional Buyers,SMALL CERAMIC TOP STORAGE JAR ,General engagement,Explore our latest offers selected specially for you.
16903.0,Occasional Buyers,CARD CHRISTMAS VILLAGE,General engagement,Explore our latest offers selected specially for you.
16904.0,Loyal Customers,BROCADE RING PURSE ,Increase repeat purchases,We appreciate your loyalty! Get a special offer on BROCADE RING PURSE  and continue enjoying your favorite picks.
16905.0,Occasional Buyers,ROTATING SILVER ANGELS T-LIGHT HLDR,General engagement,Explore our latest offers selected specially for you.
16906.0,Occasional Buyers,EMBOSSED GLASS TEALIGHT HOLDER,General engagement,Explore our latest offers selected specially for you.
16907.0,Occasional Buyers,COLOUR GLASS. STAR T-LIGHT HOLDER,General engagement,Explore our latest offers selected specially for you.
16909.0,Occasional Buyers,CARD GINGHAM ROSE ,General engagement,Explore our latest offers selected specially for you.
16910.0,Occasional Buyers,"FEATHER PEN,COAL BLACK",General engagement,Explore our latest offers selected specially for you.
16912.0,Occasional Buyers,60 CAKE CASES VINTAGE CHRISTMAS,General engagement,Explore our latest offers selected specially for you.
16913.0,Inactive Customers,GREEN HEART COMPACT MIRROR,General engagement,Explore our latest offers selected specially for you.
16914.0,Occasional Buyers, RED SPOT GIFT BAG LARGE,General engagement,Explore our latest offers selected specially for you.
16915.0,Occasional Buyers,RABBIT NIGHT LIGHT,General engagement,Explore our latest offers selected specially for you.
16916.0,Occasional Buyers,PENS ASSORTED FUNNY FACE,General engagement,Explore our latest offers selected specially for you.
16917.0,Inactive Customers,HANGING HEART JAR T-LIGHT HOLDER,General engagement,Explore our latest offers selected specially for you.
16918.0,Occasional Buyers,RED RETROSPOT SHOPPER BAG,General engagement,Explore our latest offers selected specially for you.
16919.0,Occasional Buyers,SMALL DOLLY MIX DESIGN ORANGE BOWL,General engagement,Explore our latest offers selected specially for you.
16921.0,Occasional Buyers,WRAP CHRISTMAS SCREEN PRINT,General engagement,Explore our latest offers selected specially for you.
16923.0,Loyal Customers,HEART FILIGREE DOVE  SMALL,Increase repeat purchases,We appreciate your loyalty! Get a special offer on HEART FILIGREE DOVE  SMALL and continue enjoying your favorite picks.
16924.0,Occasional Buyers,SET/4 BIRD MIRROR MAGNETS ,General engagement,Explore our latest offers selected specially for you.
16926.0,Inactive Customers,CHRISTMAS PUDDING TRINKET POT ,General engagement,Explore our latest offers selected specially for you.
16927.0,Occasional Buyers,"ASSORTED FLOWER COLOUR ""LEIS""",General engagement,Explore our latest offers selected specially for you.
16928.0,Loyal Customers,PURPLE DRAWERKNOB ACRYLIC EDWARDIAN,Increase repeat purchases,We appreciate your loyalty! Get a special offer on PURPLE DRAWERKNOB ACRYLIC EDWARDIAN and continue enjoying your favorite picks.
16929.0,Occasional Buyers,SMALL DOLLY MIX DESIGN ORANGE BOWL,General engagement,Explore our latest offers selected specially for you.
16930.0,Occasional Buyers,HANGING HEART WITH BELL,General engagement,Explore our latest offers selected specially for you.
16931.0,Loyal Customers,DINOSAUR KEYRINGS ASSORTED,Increase repeat purchases,We appreciate your loyalty! Get a special offer on DINOSAUR KEYRINGS ASSORTED and continue enjoying your favorite picks.
16932.0,Occasional Buyers,REX CASH+CARRY JUMBO SHOPPER,General engagement,Explore our latest offers selected specially for you.
16933.0,Occasional Buyers,CARD PSYCHEDELIC APPLES,General engagement,Explore our latest offers selected specially for you.
16934.0,Occasional Buyers,BEADED CRYSTAL HEART BLUE SMALL,General engagement,Explore our latest offers selected specially for you.
16936.0,Occasional Buyers,PENS ASSORTED SPACEBALL,General engagement,Explore our latest offers selected specially for you.
16938.0,Occasional Buyers,HERB MARKER BASIL,General engagement,Explore our latest offers selected specially for you.
16940.0,Occasional Buyers,GLITTER HEART DECORATION,General engagement,Explore our latest offers selected specially for you.
16942.0,Occasional Buyers,ASSORTED COLOUR BIRD ORNAMENT,General engagement,Explore our latest offers selected specially for you.
16943.0,Inactive Customers,CLOTHES PEGS RETROSPOT PACK 24 ,General engagement,Explore our latest offers selected specially for you.
16945.0,Loyal Customers,JUMBO  BAG BAROQUE BLACK WHITE,Increase repeat purchases,We appreciate your loyalty! Get a special offer on JUMBO  BAG BAROQUE BLACK WHITE and continue enjoying your favorite picks.
16947.0,Inactive Customers,6 ROCKET BALLOONS ,General engagement,Explore our latest offers selected specially for you.
16948.0,Occasional Buyers,POPART WOODEN PENCILS ASST,General engagement,Explore our latest offers selected specially for you.
16949.0,Occasional Buyers,CHRISTMAS METAL POSTCARD WITH BELLS,General engagement,Explore our latest offers selected specially for you.
16950.0,Occasional Buyers,WHITE HANGING HEART T-LIGHT HOLDER,General engagement,Explore our latest offers selected specially for you.
16951.0,Occasional Buyers,DINOSAUR KEYRINGS ASSORTED,General engagement,Explore our latest offers selected specially for you.
16952.0,Occasional Buyers,PINK POLKADOT WRAP ,General engagement,Explore our latest offers selected specially for you.
16953.0,Occasional Buyers,JUMBO BAG RED RETROSPOT,General engagement,Explore our latest offers selected specially for you.
16954.0,Occasional Buyers,LARGE CAKE STAND  HANGING STRAWBERY,General engagement,Explore our latest offers selected specially for you.
16955.0,Inactive Customers,POLKADOT PEN,General engagement,Explore our latest offers selected specially for you.
16956.0,Occasional Buyers,20 DOLLY PEGS RETROSPOT,General engagement,Explore our latest offers selected specially for you.
16957.0,Inactive Customers,HANGING SPRING FLOWER EGG SMALL,General engagement,Explore our latest offers selected specially for you.
16959.0,Occasional Buyers,CHARLOTTE BAG APPLES DESIGN,General engagement,Explore our latest offers selected specially for you.
16960.0,Occasional Buyers,RABBIT NIGHT LIGHT,General engagement,Explore our latest offers selected specially for you.
16961.0,Occasional Buyers,ZINC  HEART T-LIGHT HOLDER,General engagement,Explore our latest offers selected specially for you.
16963.0,Inactive Customers,FELTCRAFT 6 FLOWER FRIENDS,General engagement,Explore our latest offers selected specially for you.
16965.0,Inactive Customers,BROCADE RING PURSE ,General engagement,Explore our latest offers selected specially for you.
16966.0,Occasional Buyers,BAG 125g SWIRLY MARBLES,General engagement,Explore our latest offers selected specially for you.
16967.0,Inactive Customers,WORLD WAR 2 GLIDERS ASSTD DESIGNS,General engagement,Explore our latest offers selected specially for you.
16968.0,Occasional Buyers,WRAP CHRISTMAS VILLAGE,General engagement,Explore our latest offers selected specially for you.
16969.0,Occasional Buyers,PIECE OF CAMO STATIONERY SET,General engagement,Explore our latest offers selected specially for you.
16971.0,Occasional Buyers,SILVER HEARTS TABLE DECORATION,General engagement,Explore our latest offers selected specially for you.
16976.0,Inactive Customers,ANTIQUE SILVER TEA GLASS ENGRAVED,General engagement,Explore our latest offers selected specially for you.
16978.0,Occasional Buyers,YULETIDE IMAGES GIFT WRAP SET,General engagement,Explore our latest offers selected specially for you.
16979.0,Occasional Buyers,CHRISTMAS HANGING STAR WITH BELL,General engagement,Explore our latest offers selected specially for you.
16980.0,Inactive Customers,HANGING HEART JAR T-LIGHT HOLDER,General engagement,Explore our latest offers selected specially for you.
16982.0,Occasional Buyers,3D TRADITIONAL CHRISTMAS STICKERS,General engagement,Explore our latest offers selected specially for you.
16983.0,Occasional Buyers,CHRISTMAS HANGING STAR WITH BELL,General engagement,Explore our latest offers selected specially for you.
16984.0,Occasional Buyers,BROCADE RING PURSE ,General engagement,Explore our latest offers selected specially for you.
16985.0,Occasional Buyers,WHITE HANGING HEART T-LIGHT HOLDER,General engagement,Explore our latest offers selected specially for you.
16986.0,Occasional Buyers,JUMBO BAG RED RETROSPOT,General engagement,Explore our latest offers selected specially for you.
16987.0,Occasional Buyers,DOORMAT KEEP CALM AND COME IN,General engagement,Explore our latest offers selected specially for you.
16988.0,Occasional Buyers,POPCORN HOLDER,General engagement,Explore our latest offers selected specially for you.
16989.0,Occasional Buyers,HERB MARKER BASIL,General engagement,Explore our latest offers selected specially for you.
16990.0,Inactive Customers,JUMBO  BAG BAROQUE BLACK WHITE,General engagement,Explore our latest offers selected specially for you.
16992.0,Occasional Buyers,PACK OF 72 RETROSPOT CAKE CASES,General engagement,Explore our latest offers selected specially for you.
16996.0,Occasional Buyers,ASSORTED COLOUR BIRD ORNAMENT,General engagement,Explore our latest offers selected specially for you.
16997.0,Inactive Customers,JUMBO BAG RED RETROSPOT,General engagement,Explore our latest offers selected specially for you.
16998.0,Inactive Customers,AIRLINE BAG VINTAGE TOKYO 78,General engagement,Explore our latest offers selected specially for you.
16999.0,Occasional Buyers,JUMBO BAG 50'S CHRISTMAS ,General engagement,Explore our latest offers selected specially for you.
17001.0,Occasional Buyers,JUMBO BAG RED RETROSPOT,General engagement,Explore our latest offers selected specially for you.
17002.0,Occasional Buyers,HANGING HEART JAR T-LIGHT HOLDER,General engagement,Explore our latest offers selected specially for you.
17004.0,Occasional Buyers,CAMOUFLAGE LED TORCH,General engagement,Explore our latest offers selected specially for you.
17006.0,Occasional Buyers,RETROSPOT GIANT TUBE MATCHES,General engagement,Explore our latest offers selected specially for you.
17007.0,Occasional Buyers,DINOSAUR KEYRINGS ASSORTED,General engagement,Explore our latest offers selected specially for you.
17010.0,Occasional Buyers,MINI PAINT SET VINTAGE ,General engagement,Explore our latest offers selected specially for you.
17011.0,Occasional Buyers,60 TEATIME FAIRY CAKE CASES,General engagement,Explore our latest offers selected specially for you.
17014.0,Occasional Buyers,HAPPY STENCIL CRAFT,General engagement,Explore our latest offers selected specially for you.
17015.0,Occasional Buyers,EMPIRE GIFT WRAP,General engagement,Explore our latest offers selected specially for you.
17017.0,Loyal Customers,WORLD WAR 2 GLIDERS ASSTD DESIGNS,Increase repeat purchases,We appreciate your loyalty! Get a special offer on WORLD WAR 2 GLIDERS ASSTD DESIGNS and continue enjoying your favorite picks.
17018.0,Occasional Buyers,HANGING HEART ZINC T-LIGHT HOLDER,General engagement,Explore our latest offers selected specially for you.
17019.0,Occasional Buyers,SMALL POPCORN HOLDER,General engagement,Explore our latest offers selected specially for you.
17022.0,Occasional Buyers,WOODEN HEART CHRISTMAS SCANDINAVIAN,General engagement,Explore our latest offers selected specially for you.
17024.0,Occasional Buyers,COLUMBIAN CANDLE ROUND ,General engagement,Explore our latest offers selected specially for you.
17025.0,Occasional Buyers,T-LIGHT GLASS FLUTED ANTIQUE,General engagement,Explore our latest offers selected specially for you.
17026.0,Inactive Customers,RETROSPOT RED WASHING UP GLOVES,General engagement,Explore our latest offers selected specially for you.
17027.0,Occasional Buyers,6 RIBBONS RUSTIC CHARM,General engagement,Explore our latest offers selected specially for you.
17029.0,Occasional Buyers,JUMBO BAG RED RETROSPOT,General engagement,Explore our latest offers selected specially for you.
17030.0,Occasional Buyers,WOODEN HEART CHRISTMAS SCANDINAVIAN,General engagement,Explore our latest offers selected specially for you.
17031.0,Occasional Buyers,JUMBO BAG 50'S CHRISTMAS ,General engagement,Explore our latest offers selected specially for you.
17033.0,Occasional Buyers,PARTY CONES CANDY ASSORTED,General engagement,Explore our latest offers selected specially for you.
17034.0,Occasional Buyers,PEARL CRYSTAL PUMPKIN T-LIGHT HLDR,General engagement,Explore our latest offers selected specially for you.
17035.0,Inactive Customers,COLOUR GLASS T-LIGHT HOLDER HANGING,General engagement,Explore our latest offers selected specially for you.
17037.0,Occasional Buyers,MAGIC DRAWING SLATE DOLLY GIRL ,General engagement,Explore our latest offers selected specially for you.
17038.0,Occasional Buyers,SET 8 CANDLES VINTAGE DOILY,General engagement,Explore our latest offers selected specially for you.
17040.0,Occasional Buyers,WRAP DOILEY DESIGN,General engagement,Explore our latest offers selected specially for you.
17041.0,Occasional Buyers,WRAP PINK FAIRY CAKES ,General engagement,Explore our latest offers selected specially for you.
17042.0,Occasional Buyers,WORLD WAR 2 GLIDERS ASSTD DESIGNS,General engagement,Explore our latest offers selected specially for you.
17043.0,Occasional Buyers,MOROCCAN TEA GLASS,General engagement,Explore our latest offers selected specially for you.
17044.0,Occasional Buyers,SILVER HANGING T-LIGHT HOLDER,General engagement,Explore our latest offers selected specially for you.
17045.0,Occasional Buyers,GRAND CHOCOLATECANDLE,General engagement,Explore our latest offers selected specially for you.
17046.0,Inactive Customers,SMALL RED RETROSPOT WINDMILL,General engagement,Explore our latest offers selected specially for you.
17047.0,Occasional Buyers,PACK OF 12 HEARTS DESIGN TISSUES ,General engagement,Explore our latest offers selected specially for you.
17048.0,Occasional Buyers,JUMBO BAG PINK POLKADOT,General engagement,Explore our latest offers selected specially for you.
17049.0,Occasional Buyers,PAPER CHAIN KIT 50'S CHRISTMAS ,General engagement,Explore our latest offers selected specially for you.
17050.0,Occasional Buyers,POLKADOT PEN,General engagement,Explore our latest offers selected specially for you.
17051.0,Inactive Customers,RED RETROSPOT CHARLOTTE BAG,General engagement,Explore our latest offers selected specially for you.
17052.0,Occasional Buyers,6 GIFT TAGS 50'S CHRISTMAS ,General engagement,Explore our latest offers selected specially for you.
17053.0,Occasional Buyers,PIGGY BANK RETROSPOT ,General engagement,Explore our latest offers selected specially for you.
17054.0,Occasional Buyers,FUNKY DIVA PEN,General engagement,Explore our latest offers selected specially for you.
17058.0,Occasional Buyers,ASSORTED COLOUR BIRD ORNAMENT,General engagement,Explore our latest offers selected specially for you.
17059.0,Occasional Buyers,BUBBLEGUM RING ASSORTED,General engagement,Explore our latest offers selected specially for you.
17060.0,Inactive Customers,HANGING HEART JAR T-LIGHT HOLDER,General engagement,Explore our latest offers selected specially for you.
17061.0,Occasional Buyers,PARTY BUNTING,General engagement,Explore our latest offers selected specially for you.
17062.0,Inactive Customers,FENG SHUI PILLAR CANDLE,General engagement,Explore our latest offers selected specially for you.
17063.0,Occasional Buyers,DECORATIVE WICKER HEART MEDIUM,General engagement,Explore our latest offers selected specially for you.
17064.0,Occasional Buyers,CACTI T-LIGHT CANDLES,General engagement,Explore our latest offers selected specially for you.
17068.0,Loyal Customers,RECYCLING BAG RETROSPOT ,Increase repeat purchases,We appreciate your loyalty! Get a special offer on RECYCLING BAG RETROSPOT  and continue enjoying your favorite picks.
17069.0,Occasional Buyers,WRAP RED VINTAGE DOILY,General engagement,Explore our latest offers selected specially for you.
17070.0,Occasional Buyers,PACK 3 BOXES BIRD PANNETONE ,General engagement,Explore our latest offers selected specially for you.
17071.0,Occasional Buyers,HEART OF WICKER SMALL,General engagement,Explore our latest offers selected specially for you.
17073.0,Occasional Buyers,WORLD WAR 2 GLIDERS ASSTD DESIGNS,General engagement,Explore our latest offers selected specially for you.
17075.0,Occasional Buyers,SOLDIERS EGG CUP ,General engagement,Explore our latest offers selected specially for you.
17076.0,Occasional Buyers,STRAWBERRY CERAMIC TRINKET POT,General engagement,Explore our latest offers selected specially for you.
17078.0,Occasional Buyers,PORCELAIN BUDAH INCENSE HOLDER,General engagement,Explore our latest offers selected specially for you.
17079.0,Occasional Buyers,PARTY BUNTING,General engagement,Explore our latest offers selected specially for you.
17080.0,Occasional Buyers,HANGING HEART JAR T-LIGHT HOLDER,General engagement,Explore our latest offers selected specially for you.
17081.0,Occasional Buyers,ANTIQUE SILVER T-LIGHT GLASS,General engagement,Explore our latest offers selected specially for you.
17082.0,Occasional Buyers,CHRISTMAS METAL TAGS ASSORTED ,General engagement,Explore our latest offers selected specially for you.
17083.0,Occasional Buyers,BLUE POLKADOT BOWL,General engagement,Explore our latest offers selected specially for you.
17084.0,Occasional Buyers,HYACINTH BULB T-LIGHT CANDLES,General engagement,Explore our latest offers selected specially for you.
17085.0,Occasional Buyers,GROW YOUR OWN PLANT IN A CAN ,General engagement,Explore our latest offers selected specially for you.
17086.0,Occasional Buyers,TRADITIONAL NAUGHTS & CROSSES,General engagement,Explore our latest offers selected specially for you.
17088.0,Occasional Buyers,JUMBO BAG RED RETROSPOT,General engagement,Explore our latest offers selected specially for you.
17090.0,Occasional Buyers,COFFEE MUG APPLES DESIGN,General engagement,Explore our latest offers selected specially for you.
17091.0,Occasional Buyers,WORLD WAR 2 GLIDERS ASSTD DESIGNS,General engagement,Explore our latest offers selected specially for you.
17092.0,Occasional Buyers,DINOSAUR KEYRINGS ASSORTED,General engagement,Explore our latest offers selected specially for you.
17094.0,Inactive Customers,3 PIECE SPACEBOY COOKIE CUTTER SET,General engagement,Explore our latest offers selected specially for you.
17095.0,Occasional Buyers,ASSORTED COLOURS SILK FAN,General engagement,Explore our latest offers selected specially for you.
17096.0,Occasional Buyers,BAG OF SILVER STONES,General engagement,Explore our latest offers selected specially for you.
17097.0,Occasional Buyers,VICTORIAN  METAL POSTCARD SPRING,General engagement,Explore our latest offers selected specially for you.
17100.0,Occasional Buyers,MINI PAINT SET VINTAGE ,General engagement,Explore our latest offers selected specially for you.
17101.0,Occasional Buyers,POPCORN HOLDER,General engagement,Explore our latest offers selected specially for you.
17102.0,Inactive Customers,CAKE STAND 3 TIER MAGIC GARDEN,General engagement,Explore our latest offers selected specially for you.
17105.0,Inactive Customers,PORCELAIN BUDAH INCENSE HOLDER,General engagement,Explore our latest offers selected specially for you.
17107.0,Occasional Buyers,ASSORTED INCENSE PACK,General engagement,Explore our latest offers selected specially for you.
17109.0,Occasional Buyers,BOUDOIR SQUARE TISSUE BOX,General engagement,Explore our latest offers selected specially for you.
17110.0,Inactive Customers,PINK DOUGHNUT TRINKET POT ,General engagement,Explore our latest offers selected specially for you.
17111.0,Occasional Buyers,FAIRY DREAMS INCENSE ,General engagement,Explore our latest offers selected specially for you.
17114.0,Occasional Buyers,WOODEN FRAME ANTIQUE WHITE ,General engagement,Explore our latest offers selected specially for you.
17115.0,Occasional Buyers,ETCHED GLASS COASTER,General engagement,Explore our latest offers selected specially for you.
17117.0,Inactive Customers,BATHROOM METAL SIGN,General engagement,Explore our latest offers selected specially for you.
17118.0,Inactive Customers,12 PENCILS SMALL TUBE RED RETROSPOT,General engagement,Explore our latest offers selected specially for you.
17119.0,Occasional Buyers,CHRISTMAS HANGING STAR WITH BELL,General engagement,Explore our latest offers selected specially for you.
17120.0,Inactive Customers,ANTIQUE SILVER T-LIGHT GLASS,General engagement,Explore our latest offers selected specially for you.
17122.0,Occasional Buyers,VINTAGE EMBOSSED HEART,General engagement,Explore our latest offers selected specially for you.
17123.0,Inactive Customers,LARGE CIRCULAR MIRROR MOBILE,General engagement,Explore our latest offers selected specially for you.
17124.0,Inactive Customers,T-LIGHT HOLDER HANGING LACE,General engagement,Explore our latest offers selected specially for you.
17125.0,Occasional Buyers,POPART WOODEN PENCILS ASST,General engagement,Explore our latest offers selected specially for you.
17126.0,Inactive Customers,DISCO BALL CHRISTMAS DECORATION,General engagement,Explore our latest offers selected specially for you.
17128.0,Inactive Customers,LARGE CIRCULAR MIRROR MOBILE,General engagement,Explore our latest offers selected specially for you.
17131.0,Occasional Buyers,WHITE HANGING HEART T-LIGHT HOLDER,General engagement,Explore our latest offers selected specially for you.
17133.0,Occasional Buyers,AREA PATROLLED METAL SIGN,General engagement,Explore our latest offers selected specially for you.
17134.0,Occasional Buyers,PHOTO FRAME CORNICE,General engagement,Explore our latest offers selected specially for you.
17135.0,Occasional Buyers,STAR DECORATION RUSTIC,General engagement,Explore our latest offers selected specially for you.
17138.0,Inactive Customers,HOMEMADE JAM SCENTED CANDLES,General engagement,Explore our latest offers selected specially for you.
17139.0,Loyal Customers,LUNCH BAG RED RETROSPOT,Increase repeat purchases,We appreciate your loyalty! Get a special offer on LUNCH BAG RED RETROSPOT and continue enjoying your favorite picks.
17140.0,Inactive Customers,SET OF 36 TEATIME PAPER DOILIES,General engagement,Explore our latest offers selected specially for you.
17142.0,Inactive Customers,GIRAFFE WOODEN RULER,General engagement,Explore our latest offers selected specially for you.
17144.0,Occasional Buyers,WRAP CHRISTMAS VILLAGE,General engagement,Explore our latest offers selected specially for you.
17146.0,Occasional Buyers,VICTORIAN GLASS HANGING T-LIGHT,General engagement,Explore our latest offers selected specially for you.
17147.0,Occasional Buyers,SET/10 PINK POLKADOT PARTY CANDLES,General engagement,Explore our latest offers selected specially for you.
17148.0,Occasional Buyers,HANGING  BUTTERFLY T-LIGHT HOLDER,General engagement,Explore our latest offers selected specially for you.
17152.0,Inactive Customers,PARTY CONES CANDY ASSORTED,General engagement,Explore our latest offers selected specially for you.
17153.0,Occasional Buyers,HOMEMADE JAM SCENTED CANDLES,General engagement,Explore our latest offers selected specially for you.
17154.0,Occasional Buyers,HANGING WOOD AND FELT FLOWER,General engagement,Explore our latest offers selected specially for you.
17155.0,Occasional Buyers,PARTY METAL SIGN ,General engagement,Explore our latest offers selected specially for you.
17157.0,Occasional Buyers,BLACK RECORD COVER FRAME,General engagement,Explore our latest offers selected specially for you.
17158.0,Occasional Buyers,CLEAR DRAWER KNOB ACRYLIC EDWARDIAN,General engagement,Explore our latest offers selected specially for you.
17159.0,Occasional Buyers,HOUSE SHAPE PENCIL SHARPENER,General engagement,Explore our latest offers selected specially for you.
17160.0,Occasional Buyers,WORLD WAR 2 GLIDERS ASSTD DESIGNS,General engagement,Explore our latest offers selected specially for you.
17162.0,Occasional Buyers,"KEY FOB , BACK DOOR ",General engagement,Explore our latest offers selected specially for you.
17163.0,Occasional Buyers,CHOCOLATE HOT WATER BOTTLE,General engagement,Explore our latest offers selected specially for you.
17164.0,Occasional Buyers,PACK OF 72 RETROSPOT CAKE CASES,General engagement,Explore our latest offers selected specially for you.
17165.0,Inactive Customers,PLACE SETTING WHITE HEART,General engagement,Explore our latest offers selected specially for you.
17166.0,Occasional Buyers,ALARM CLOCK BAKELIKE RED ,General engagement,Explore our latest offers selected specially for you.
17169.0,Occasional Buyers,BUBBLEGUM RING ASSORTED,General engagement,Explore our latest offers selected specially for you.
17171.0,Inactive Customers,HEART DECORATION PAINTED ZINC ,General engagement,Explore our latest offers selected specially for you.
17172.0,Occasional Buyers,CHRISTMAS METAL POSTCARD WITH BELLS,General engagement,Explore our latest offers selected specially for you.
17173.0,Occasional Buyers,WHITE HANGING HEART T-LIGHT HOLDER,General engagement,Explore our latest offers selected specially for you.
17174.0,Inactive Customers,COLOUR GLASS T-LIGHT HOLDER HANGING,General engagement,Explore our latest offers selected specially for you.
17175.0,Occasional Buyers,PORCELAIN ROSE SMALL,General engagement,Explore our latest offers selected specially for you.
17176.0,Inactive Customers,WHITE HANGING HEART T-LIGHT HOLDER,General engagement,Explore our latest offers selected specially for you.
17179.0,Inactive Customers,GLITTER BUTTERFLY CLIPS,General engagement,Explore our latest offers selected specially for you.
17180.0,Occasional Buyers,PACK OF 60 SPACEBOY CAKE CASES,General engagement,Explore our latest offers selected specially for you.
17181.0,Occasional Buyers,AGED GLASS SILVER T-LIGHT HOLDER,General engagement,Explore our latest offers selected specially for you.
17183.0,Occasional Buyers,EMPIRE TISSUE BOX,General engagement,Explore our latest offers selected specially for you.
17186.0,Occasional Buyers,POPCORN HOLDER,General engagement,Explore our latest offers selected specially for you.
17187.0,Inactive Customers,ASSORTED COLOURS SILK FAN,General engagement,Explore our latest offers selected specially for you.
17188.0,Occasional Buyers,FANCY FONTS BIRTHDAY WRAP,General engagement,Explore our latest offers selected specially for you.
17189.0,Occasional Buyers,RAINY LADIES BIRTHDAY CARD,General engagement,Explore our latest offers selected specially for you.
17190.0,Occasional Buyers,WRAP ALPHABET POSTER  ,General engagement,Explore our latest offers selected specially for you.
17191.0,Occasional Buyers,CLEAR DRAWER KNOB ACRYLIC EDWARDIAN,General engagement,Explore our latest offers selected specially for you.
17193.0,Occasional Buyers,MINI PAINT SET VINTAGE ,General engagement,Explore our latest offers selected specially for you.
17194.0,Inactive Customers,12 MESSAGE CARDS WITH ENVELOPES,General engagement,Explore our latest offers selected specially for you.
17197.0,Occasional Buyers,BOX OF VINTAGE ALPHABET BLOCKS,General engagement,Explore our latest offers selected specially for you.
17198.0,Occasional Buyers,GLITTER CHRISTMAS HEART ,General engagement,Explore our latest offers selected specially for you.
17201.0,Occasional Buyers,SLATE TILE NATURAL HANGING,General engagement,Explore our latest offers selected specially for you.
17203.0,Occasional Buyers,BLUE CALCULATOR RULER,General engagement,Explore our latest offers selected specially for you.
17204.0,Inactive Customers,SET 3 PAPER VINTAGE CHICK PAPER EGG,General engagement,Explore our latest offers selected specially for you.
17205.0,Occasional Buyers,SKULLS AND CROSSBONES WRAP,General engagement,Explore our latest offers selected specially for you.
17206.0,Occasional Buyers,EMBROIDERED RIBBON REEL DAISY ,General engagement,Explore our latest offers selected specially for you.
17211.0,Occasional Buyers,WORLD WAR 2 GLIDERS ASSTD DESIGNS,General engagement,Explore our latest offers selected specially for you.
17212.0,Inactive Customers,COFFEE SCENT PILLAR CANDLE,General engagement,Explore our latest offers selected specially for you.
17213.0,Occasional Buyers,ASSORTED COLOURS SILK FAN,General engagement,Explore our latest offers selected specially for you.
17214.0,Occasional Buyers,BIRD DECORATION GREEN POLKADOT,General engagement,Explore our latest offers selected specially for you.
17217.0,Inactive Customers,WOODEN UNION JACK BUNTING,General engagement,Explore our latest offers selected specially for you.
17218.0,Occasional Buyers,CHRISTMAS TABLE SILVER CANDLE SPIKE,General engagement,Explore our latest offers selected specially for you.
17219.0,Occasional Buyers,T-LIGHT GLASS FLUTED ANTIQUE,General engagement,Explore our latest offers selected specially for you.
17220.0,Occasional Buyers,WRAP CAROUSEL,General engagement,Explore our latest offers selected specially for you.
17221.0,Occasional Buyers,ANTIQUE SILVER TEA GLASS ENGRAVED,General engagement,Explore our latest offers selected specially for you.
17222.0,Occasional Buyers,GARDENIA 1 WICK MORRIS BOXED CANDLE,General engagement,Explore our latest offers selected specially for you.
17223.0,Inactive Customers,ASSORTED COLOUR BIRD ORNAMENT,General engagement,Explore our latest offers selected specially for you.
17226.0,Inactive Customers,12 PENCILS TALL TUBE RED RETROSPOT,General engagement,Explore our latest offers selected specially for you.
17227.0,Occasional Buyers,SET OF 20 KIDS COOKIE CUTTERS,General engagement,Explore our latest offers selected specially for you.
17228.0,Occasional Buyers,ASSORTED INCENSE PACK,General engagement,Explore our latest offers selected specially for you.
17229.0,Occasional Buyers,JUMBO BAG RED RETROSPOT,General engagement,Explore our latest offers selected specially for you.
17230.0,Inactive Customers,SMALL POPCORN HOLDER,General engagement,Explore our latest offers selected specially for you.
17231.0,Occasional Buyers,GLITTER CHRISTMAS STAR ,General engagement,Explore our latest offers selected specially for you.
17232.0,Occasional Buyers,ROTATING SILVER ANGELS T-LIGHT HLDR,General engagement,Explore our latest offers selected specially for you.
17233.0,Occasional Buyers,CHRISTMAS TABLE SILVER CANDLE SPIKE,General engagement,Explore our latest offers selected specially for you.
17234.0,Inactive Customers,CARD I LOVE LONDON ,General engagement,Explore our latest offers selected specially for you.
17235.0,Occasional Buyers,RIBBON REEL SNOWY VILLAGE,General engagement,Explore our latest offers selected specially for you.
17236.0,Occasional Buyers,IVORY HANGING DECORATION  BIRD,General engagement,Explore our latest offers selected specially for you.
17237.0,Occasional Buyers,SET 6 PAPER TABLE LANTERN HEARTS ,General engagement,Explore our latest offers selected specially for you.
17238.0,Loyal Customers,BROCADE RING PURSE ,Increase repeat purchases,We appreciate your loyalty! Get a special offer on BROCADE RING PURSE  and continue enjoying your favorite picks.
17239.0,Inactive Customers,HANGING HEART JAR T-LIGHT HOLDER,General engagement,Explore our latest offers selected specially for you.
17242.0,Occasional Buyers,ICE CREAM SUNDAE LIP GLOSS,General engagement,Explore our latest offers selected specially for you.
17243.0,Loyal Customers,CHOCOLATE HOT WATER BOTTLE,Increase repeat purchases,We appreciate your loyalty! Get a special offer on CHOCOLATE HOT WATER BOTTLE and continue enjoying your favorite picks.
17244.0,Occasional Buyers,HI TEC ALPINE HAND WARMER,General engagement,Explore our latest offers selected specially for you.
17245.0,Inactive Customers,12 MESSAGE CARDS WITH ENVELOPES,General engagement,Explore our latest offers selected specially for you.
17247.0,Occasional Buyers, 50'S CHRISTMAS GIFT BAG LARGE,General engagement,Explore our latest offers selected specially for you.
17248.0,Occasional Buyers,RAIN PONCHO RETROSPOT,General engagement,Explore our latest offers selected specially for you.
17250.0,Occasional Buyers,BOTANICAL LAVENDER GIFT WRAP ,General engagement,Explore our latest offers selected specially for you.
17251.0,Inactive Customers,PACK OF 12 LONDON TISSUES ,General engagement,Explore our latest offers selected specially for you.
17252.0,Occasional Buyers,FRIDGE MAGNETS LA VIE EN ROSE,General engagement,Explore our latest offers selected specially for you.
17253.0,Occasional Buyers,JINGLE BELL HEART ANTIQUE GOLD,General engagement,Explore our latest offers selected specially for you.
17254.0,Occasional Buyers,MINI PAINT SET VINTAGE ,General engagement,Explore our latest offers selected specially for you.
17255.0,Occasional Buyers,MUSICAL ZINC HEART DECORATION ,General engagement,Explore our latest offers selected specially for you.
17256.0,Occasional Buyers,SOMBRERO ,General engagement,Explore our latest offers selected specially for you.
17259.0,Inactive Customers,MULTI COLOUR SILVER T-LIGHT HOLDER,General engagement,Explore our latest offers selected specially for you.
17262.0,Occasional Buyers,PARTY BUNTING,General engagement,Explore our latest offers selected specially for you.
17263.0,Inactive Customers,BLUE SPOT CERAMIC DRAWER KNOB,General engagement,Explore our latest offers selected specially for you.
17265.0,Occasional Buyers,TRAVEL CARD WALLET KEEP CALM,General engagement,Explore our latest offers selected specially for you.
17266.0,Occasional Buyers,GLITTER HEART DECORATION,General engagement,Explore our latest offers selected specially for you.
17267.0,Occasional Buyers,VICTORIAN GLASS HANGING T-LIGHT,General engagement,Explore our latest offers selected specially for you.
17268.0,Occasional Buyers,HANGING JAM JAR T-LIGHT HOLDER,General engagement,Explore our latest offers selected specially for you.
17272.0,Occasional Buyers,WORLD WAR 2 GLIDERS ASSTD DESIGNS,General engagement,Explore our latest offers selected specially for you.
17274.0,Occasional Buyers,CHRISTMAS TABLE SILVER CANDLE SPIKE,General engagement,Explore our latest offers selected specially for you.
17277.0,Inactive Customers,FOLKART ZINC HEART CHRISTMAS DEC,General engagement,Explore our latest offers selected specially for you.
17278.0,Inactive Customers,FANCY FONTS BIRTHDAY WRAP,General engagement,Explore our latest offers selected specially for you.
17279.0,Occasional Buyers,WOODEN FRAME ANTIQUE WHITE ,General engagement,Explore our latest offers selected specially for you.
17282.0,Occasional Buyers,SET 12 KIDS COLOUR  CHALK STICKS,General engagement,Explore our latest offers selected specially for you.
17284.0,Occasional Buyers,PACK OF 12 LONDON TISSUES ,General engagement,Explore our latest offers selected specially for you.
17286.0,Occasional Buyers,ENGLISH ROSE SMALL SCENTED FLOWER,General engagement,Explore our latest offers selected specially for you.
17287.0,Occasional Buyers,HEART FILIGREE DOVE  SMALL,General engagement,Explore our latest offers selected specially for you.
17288.0,Occasional Buyers,MINI PAINT SET VINTAGE ,General engagement,Explore our latest offers selected specially for you.
17289.0,Occasional Buyers,4 WILDFLOWER BOTANICAL CANDLES,General engagement,Explore our latest offers selected specially for you.
17290.0,Occasional Buyers,BLUE EGG  SPOON,General engagement,Explore our latest offers selected specially for you.
17291.0,Inactive Customers,GLASS CLOCHE LARGE,General engagement,Explore our latest offers selected specially for you.
17293.0,Occasional Buyers,AGED GLASS SILVER T-LIGHT HOLDER,General engagement,Explore our latest offers selected specially for you.
17295.0,Occasional Buyers,VINTAGE GLASS T-LIGHT HOLDER,General engagement,Explore our latest offers selected specially for you.
17297.0,Occasional Buyers,DOLLY GIRL CHILDRENS EGG CUP,General engagement,Explore our latest offers selected specially for you.
17298.0,Occasional Buyers,VINTAGE BEAD PINK PURSE ,General engagement,Explore our latest offers selected specially for you.
17299.0,Occasional Buyers,LARGE HANGING IVORY & RED WOOD BIRD,General engagement,Explore our latest offers selected specially for you.
17301.0,Occasional Buyers,PACK OF 12 LONDON TISSUES ,General engagement,Explore our latest offers selected specially for you.
17302.0,Occasional Buyers,SET 6 PAPER TABLE LANTERN HEARTS ,General engagement,Explore our latest offers selected specially for you.
17303.0,Inactive Customers,EMPIRE GIFT WRAP,General engagement,Explore our latest offers selected specially for you.
17306.0,Loyal Customers,PACK OF 12 LONDON TISSUES ,Increase repeat purchases,We appreciate your loyalty! Get a special offer on PACK OF 12 LONDON TISSUES  and continue enjoying your favorite picks.
17309.0,Occasional Buyers,MULTI COLOUR SILVER T-LIGHT HOLDER,General engagement,Explore our latest offers selected specially for you.
17311.0,Occasional Buyers,ICE CREAM BUBBLES,General engagement,Explore our latest offers selected specially for you.
17312.0,Occasional Buyers,SMALL REGAL  SILVER CANDLEPOT ,General engagement,Explore our latest offers selected specially for you.
17313.0,Occasional Buyers,3D VINTAGE CHRISTMAS STICKERS ,General engagement,Explore our latest offers selected specially for you.
17314.0,Occasional Buyers,PACK OF 12 LONDON TISSUES ,General engagement,Explore our latest offers selected specially for you.
17315.0,Loyal Customers,PLACE SETTING WHITE HEART,Increase repeat purchases,We appreciate your loyalty! Get a special offer on PLACE SETTING WHITE HEART and continue enjoying your favorite picks.
17317.0,Occasional Buyers,CHRISTMAS TOILET ROLL,General engagement,Explore our latest offers selected specially for you.
17320.0,Occasional Buyers,PLACE SETTING WHITE HEART,General engagement,Explore our latest offers selected specially for you.
17321.0,Occasional Buyers,BUBBLEGUM RING ASSORTED,General engagement,Explore our latest offers selected specially for you.
17323.0,Occasional Buyers,CHARLOTTE BAG SUKI DESIGN,General engagement,Explore our latest offers selected specially for you.
17324.0,Occasional Buyers,BLUE POLKADOT CUP,General engagement,Explore our latest offers selected specially for you.
17325.0,Inactive Customers,LARGE HEART MEASURING SPOONS,General engagement,Explore our latest offers selected specially for you.
17329.0,Occasional Buyers,ROSE SCENT CANDLE IN JEWELLED BOX,General engagement,Explore our latest offers selected specially for you.
17330.0,Occasional Buyers,PLAYING CARDS JUBILEE UNION JACK,General engagement,Explore our latest offers selected specially for you.
17331.0,Occasional Buyers,REGENCY CAKESTAND 3 TIER,General engagement,Explore our latest offers selected specially for you.
17333.0,Occasional Buyers,CARD I LOVE LONDON ,General engagement,Explore our latest offers selected specially for you.
17334.0,Inactive Customers,MINI PAINT SET VINTAGE ,General engagement,Explore our latest offers selected specially for you.
17337.0,Inactive Customers,MINI PAINT SET VINTAGE ,General engagement,Explore our latest offers selected specially for you.
17338.0,Occasional Buyers,WHITE HANGING HEART T-LIGHT HOLDER,General engagement,Explore our latest offers selected specially for you.
17339.0,Occasional Buyers,FRENCH STYLE STORAGE JAR BONBONS,General engagement,Explore our latest offers selected specially for you.
17340.0,Loyal Customers,WORLD WAR 2 GLIDERS ASSTD DESIGNS,Increase repeat purchases,We appreciate your loyalty! Get a special offer on WORLD WAR 2 GLIDERS ASSTD DESIGNS and continue enjoying your favorite picks.
17341.0,Inactive Customers,CHINESE DRAGON PAPER LANTERNS,General engagement,Explore our latest offers selected specially for you.
17343.0,Inactive Customers,SILVER HANGING T-LIGHT HOLDER,General engagement,Explore our latest offers selected specially for you.
17344.0,Occasional Buyers,AGED GLASS SILVER T-LIGHT HOLDER,General engagement,Explore our latest offers selected specially for you.
17345.0,Occasional Buyers,ASSORTED COLOUR T-LIGHT HOLDER,General engagement,Explore our latest offers selected specially for you.
17346.0,Loyal Customers,AGED GLASS SILVER T-LIGHT HOLDER,Increase repeat purchases,We appreciate your loyalty! Get a special offer on AGED GLASS SILVER T-LIGHT HOLDER and continue enjoying your favorite picks.
17347.0,Occasional Buyers,ANTIQUE SILVER TEA GLASS ENGRAVED,General engagement,Explore our latest offers selected specially for you.
17348.0,Occasional Buyers,BUBBLEGUM RING ASSORTED,General engagement,Explore our latest offers selected specially for you.
17349.0,Inactive Customers,LOVELY BONBON STICKER SHEET,General engagement,Explore our latest offers selected specially for you.
17350.0,Occasional Buyers,WRAP CHRISTMAS SCREEN PRINT,General engagement,Explore our latest offers selected specially for you.
17351.0,Occasional Buyers,DOORMAT UNION FLAG,General engagement,Explore our latest offers selected specially for you.
17353.0,Occasional Buyers,LUNCH BAG DOLLY GIRL DESIGN,General engagement,Explore our latest offers selected specially for you.
17354.0,Occasional Buyers,CHRISTMAS STAR WISH LIST CHALKBOARD,General engagement,Explore our latest offers selected specially for you.
17356.0,Inactive Customers,CREAM FELT EASTER EGG BASKET,General engagement,Explore our latest offers selected specially for you.
17357.0,Occasional Buyers,SET OF 6 RIBBONS VINTAGE CHRISTMAS,General engagement,Explore our latest offers selected specially for you.
17358.0,Inactive Customers,"FANCY FONT BIRTHDAY CARD, ",General engagement,Explore our latest offers selected specially for you.
17359.0,Occasional Buyers,GOLD FABRIC MIRROR,General engagement,Explore our latest offers selected specially for you.
17360.0,Occasional Buyers,BLUE SCANDINAVIAN PAISLEY WRAP,General engagement,Explore our latest offers selected specially for you.
17361.0,Occasional Buyers,BLACK RECORD COVER FRAME,General engagement,Explore our latest offers selected specially for you.
17362.0,Inactive Customers,CACTI T-LIGHT CANDLES,General engagement,Explore our latest offers selected specially for you.
17364.0,Occasional Buyers,GROW A FLYTRAP OR SUNFLOWER IN TIN,General engagement,Explore our latest offers selected specially for you.
17365.0,Occasional Buyers,ANIMAL STICKERS,General engagement,Explore our latest offers selected specially for you.
17367.0,Inactive Customers,BROCADE RING PURSE ,General engagement,Explore our latest offers selected specially for you.
17368.0,Occasional Buyers,BLUE ROSE FABRIC MIRROR,General engagement,Explore our latest offers selected specially for you.
17370.0,Occasional Buyers,HOUSE SHAPE PENCIL SHARPENER,General engagement,Explore our latest offers selected specially for you.
17371.0,Occasional Buyers,RETRO COFFEE MUGS ASSORTED,General engagement,Explore our latest offers selected specially for you.
17372.0,Occasional Buyers,CRYSTAL STUD EARRINGS ASSORTED COL ,General engagement,Explore our latest offers selected specially for you.
17373.0,Occasional Buyers,72 SWEETHEART FAIRY CAKE CASES,General engagement,Explore our latest offers selected specially for you.
17374.0,Inactive Customers,PACK OF 6 BIRDY GIFT TAGS,General engagement,Explore our latest offers selected specially for you.
17375.0,Inactive Customers,BROCADE RING PURSE ,General engagement,Explore our latest offers selected specially for you.
17376.0,Occasional Buyers,LUNCH BOX I LOVE LONDON,General engagement,Explore our latest offers selected specially for you.
17377.0,Loyal Customers, SET 2 TEA TOWELS I LOVE LONDON ,Increase repeat purchases,We appreciate your loyalty! Get a special offer on  SET 2 TEA TOWELS I LOVE LONDON  and continue enjoying your favorite picks.
17379.0,Occasional Buyers,POPART WOODEN PENCILS ASST,General engagement,Explore our latest offers selected specially for you.
17381.0,Loyal Customers,PACK OF 12 LONDON TISSUES ,Increase repeat purchases,We appreciate your loyalty! Get a special offer on PACK OF 12 LONDON TISSUES  and continue enjoying your favorite picks.
17382.0,Occasional Buyers,CANDY SPOT HAND BAG,General engagement,Explore our latest offers selected specially for you.
17383.0,Occasional Buyers,WRAP CHRISTMAS VILLAGE,General engagement,Explore our latest offers selected specially for you.
17384.0,Occasional Buyers,EDWARDIAN PARASOL NATURAL,General engagement,Explore our latest offers selected specially for you.
17385.0,Occasional Buyers,TEATIME ROUND PENCIL SHARPENER ,General engagement,Explore our latest offers selected specially for you.
17386.0,Occasional Buyers,CUT GLASS HEXAGON T-LIGHT HOLDER,General engagement,Explore our latest offers selected specially for you.
17387.0,Occasional Buyers,CHRISTMAS HANGING STAR WITH BELL,General engagement,Explore our latest offers selected specially for you.
17388.0,Occasional Buyers,ANTIQUE SILVER TEA GLASS ENGRAVED,General engagement,Explore our latest offers selected specially for you.
17389.0,Loyal Customers,RECIPE BOX PANTRY YELLOW DESIGN,Increase repeat purchases,We appreciate your loyalty! Get a special offer on RECIPE BOX PANTRY YELLOW DESIGN and continue enjoying your favorite picks.
17391.0,Inactive Customers,VICTORIAN GLASS HANGING T-LIGHT,General engagement,Explore our latest offers selected specially for you.
17392.0,Inactive Customers,BLUE SCANDINAVIAN PAISLEY WRAP,General engagement,Explore our latest offers selected specially for you.
17394.0,Inactive Customers,ZINC T-LIGHT HOLDER STARS SMALL,General engagement,Explore our latest offers selected specially for you.
17396.0,Occasional Buyers,ALARM CLOCK BAKELIKE RED ,General engagement,Explore our latest offers selected specially for you.
17397.0,Occasional Buyers,GIRAFFE WOODEN RULER,General engagement,Explore our latest offers selected specially for you.
17398.0,Occasional Buyers,PACK OF 12 RED RETROSPOT TISSUES ,General engagement,Explore our latest offers selected specially for you.
17400.0,Occasional Buyers,DOUGHNUT LIP GLOSS ,General engagement,Explore our latest offers selected specially for you.
17402.0,Occasional Buyers,SET OF 6 SOLDIER SKITTLES,General engagement,Explore our latest offers selected specially for you.
17403.0,Occasional Buyers,PACK OF 12 BLUE PAISLEY TISSUES ,General engagement,Explore our latest offers selected specially for you.
17404.0,Loyal Customers,MINI PAINT SET VINTAGE ,Increase repeat purchases,We appreciate your loyalty! Get a special offer on MINI PAINT SET VINTAGE  and continue enjoying your favorite picks.
17405.0,Occasional Buyers,WRAP 50'S  CHRISTMAS,General engagement,Explore our latest offers selected specially for you.
17406.0,Inactive Customers,LOVE HEART POCKET WARMER,General engagement,Explore our latest offers selected specially for you.
17408.0,Inactive Customers,CAKE STAND LOVEBIRD 2 TIER PINK,General engagement,Explore our latest offers selected specially for you.
17409.0,Inactive Customers,IVORY KITCHEN SCALES,General engagement,Explore our latest offers selected specially for you.
17410.0,Occasional Buyers,POPCORN HOLDER,General engagement,Explore our latest offers selected specially for you.
17411.0,Occasional Buyers,CACTI T-LIGHT CANDLES,General engagement,Explore our latest offers selected specially for you.
17412.0,Occasional Buyers,RED TOADSTOOL LED NIGHT LIGHT,General engagement,Explore our latest offers selected specially for you.
17414.0,Occasional Buyers,BROCADE RING PURSE ,General engagement,Explore our latest offers selected specially for you.
17415.0,Occasional Buyers,JAM MAKING SET PRINTED,General engagement,Explore our latest offers selected specially for you.
17416.0,Occasional Buyers,CHARLIE AND LOLA FIGURES TINS,General engagement,Explore our latest offers selected specially for you.
17418.0,Occasional Buyers,RATTLE SNAKE EGGS,General engagement,Explore our latest offers selected specially for you.
17419.0,Occasional Buyers,GROW A FLYTRAP OR SUNFLOWER IN TIN,General engagement,Explore our latest offers selected specially for you.
17420.0,Occasional Buyers,JINGLE BELL HEART DECORATION,General engagement,Explore our latest offers selected specially for you.
17422.0,Occasional Buyers,CHRISTMAS METAL POSTCARD WITH BELLS,General engagement,Explore our latest offers selected specially for you.
17423.0,Occasional Buyers,HANGING JAM JAR T-LIGHT HOLDER,General engagement,Explore our latest offers selected specially for you.
17425.0,Occasional Buyers,VICTORIAN GLASS HANGING T-LIGHT,General engagement,Explore our latest offers selected specially for you.
17426.0,Occasional Buyers,60 TEATIME FAIRY CAKE CASES,General engagement,Explore our latest offers selected specially for you.
17427.0,Occasional Buyers,PLAYING CARDS KEEP CALM & CARRY ON,General engagement,Explore our latest offers selected specially for you.
17428.0,Loyal Customers,S/4 VALENTINE DECOUPAGE HEART BOX,Increase repeat purchases,We appreciate your loyalty! Get a special offer on S/4 VALENTINE DECOUPAGE HEART BOX and continue enjoying your favorite picks.
17429.0,Occasional Buyers,EASTER DECORATION HANGING BUNNY,General engagement,Explore our latest offers selected specially for you.
17430.0,Occasional Buyers,MINI PAINT SET VINTAGE ,General engagement,Explore our latest offers selected specially for you.
17431.0,Inactive Customers,HANGING SPRING FLOWER EGG LARGE,General engagement,Explore our latest offers selected specially for you.
17432.0,Occasional Buyers,ANTIQUE SILVER T-LIGHT GLASS,General engagement,Explore our latest offers selected specially for you.
17433.0,Occasional Buyers,AGED GLASS SILVER T-LIGHT HOLDER,General engagement,Explore our latest offers selected specially for you.
17434.0,Occasional Buyers,CHRISTMAS HANGING STAR WITH BELL,General engagement,Explore our latest offers selected specially for you.
17436.0,Occasional Buyers,COFFEE MUG DOG + BALL DESIGN,General engagement,Explore our latest offers selected specially for you.
17438.0,Inactive Customers,JAM MAKING SET PRINTED,General engagement,Explore our latest offers selected specially for you.
17440.0,Inactive Customers,MULTI COLOUR SILVER T-LIGHT HOLDER,General engagement,Explore our latest offers selected specially for you.
17442.0,Occasional Buyers,WRAP DOILEY DESIGN,General engagement,Explore our latest offers selected specially for you.
17443.0,Inactive Customers,RETRO COFFEE MUGS ASSORTED,General engagement,Explore our latest offers selected specially for you.
17444.0,Inactive Customers,WORLD WAR 2 GLIDERS ASSTD DESIGNS,General engagement,Explore our latest offers selected specially for you.
17446.0,Inactive Customers,IVORY PAPER CUP CAKE CASES ,General engagement,Explore our latest offers selected specially for you.
17447.0,Occasional Buyers,ASSORTED COLOUR BIRD ORNAMENT,General engagement,Explore our latest offers selected specially for you.
17449.0,Occasional Buyers,EGG CUP NATURAL CHICKEN,General engagement,Explore our latest offers selected specially for you.
17450.0,Champions,HEART OF WICKER SMALL,General engagement,Explore our latest offers selected specially for you.
17451.0,Occasional Buyers,WOODEN STAR CHRISTMAS SCANDINAVIAN,General engagement,Explore our latest offers selected specially for you.
17453.0,Occasional Buyers,GREEN REGENCY TEACUP AND SAUCER,General engagement,Explore our latest offers selected specially for you.
17454.0,Inactive Customers,JUMBO BAG APPLES,General engagement,Explore our latest offers selected specially for you.
17455.0,Inactive Customers,LUNCH BAG ALPHABET DESIGN,General engagement,Explore our latest offers selected specially for you.
17456.0,Inactive Customers,CHRISTMAS TREE HEART DECORATION,General engagement,Explore our latest offers selected specially for you.
17457.0,Occasional Buyers,SET 12 LAVENDER  BOTANICAL T-LIGHTS,General engagement,Explore our latest offers selected specially for you.
17458.0,Occasional Buyers,PAPER POCKET TRAVELING FAN ,General engagement,Explore our latest offers selected specially for you.
17459.0,Occasional Buyers,BUBBLEGUM RING ASSORTED,General engagement,Explore our latest offers selected specially for you.
17460.0,Occasional Buyers,WHITE HANGING HEART T-LIGHT HOLDER,General engagement,Explore our latest offers selected specially for you.
17461.0,Occasional Buyers,WHITE SAGE INCENSE,General engagement,Explore our latest offers selected specially for you.
17462.0,Occasional Buyers,MEMO BOARD COTTAGE DESIGN,General engagement,Explore our latest offers selected specially for you.
17463.0,Occasional Buyers,PINK POLKADOT WRAP ,General engagement,Explore our latest offers selected specially for you.
17464.0,Inactive Customers,BROCADE RING PURSE ,General engagement,Explore our latest offers selected specially for you.
17466.0,Occasional Buyers,SINGLE HEART ZINC T-LIGHT HOLDER,General engagement,Explore our latest offers selected specially for you.
17468.0,Occasional Buyers,CHRISTMAS STAR WISH LIST CHALKBOARD,General engagement,Explore our latest offers selected specially for you.
17469.0,Occasional Buyers,JUMBO BAG 50'S CHRISTMAS ,General engagement,Explore our latest offers selected specially for you.
17470.0,Occasional Buyers,BLUE POLKADOT COFFEE MUG,General engagement,Explore our latest offers selected specially for you.
17472.0,Inactive Customers,METAL DECORATION NAUGHTY CHILDREN ,General engagement,Explore our latest offers selected specially for you.
17475.0,Occasional Buyers,BLUE POLKADOT WRAP,General engagement,Explore our latest offers selected specially for you.
17480.0,Occasional Buyers,PACK OF 12 TRADITIONAL CRAYONS,General engagement,Explore our latest offers selected specially for you.
17481.0,Occasional Buyers,CHRISTMAS TREE PAINTED ZINC ,General engagement,Explore our latest offers selected specially for you.
17483.0,Occasional Buyers,WRAP CHRISTMAS VILLAGE,General engagement,Explore our latest offers selected specially for you.
17486.0,Inactive Customers,ASSORTED BOTTLE TOP  MAGNETS ,General engagement,Explore our latest offers selected specially for you.
17489.0,Occasional Buyers,BUBBLEGUM RING ASSORTED,General engagement,Explore our latest offers selected specially for you.
17490.0,Occasional Buyers,VINTAGE RED TRIM ENAMEL BOWL ,General engagement,Explore our latest offers selected specially for you.
17491.0,Occasional Buyers,PACK OF 6 BIRDY GIFT TAGS,General engagement,Explore our latest offers selected specially for you.
17492.0,Inactive Customers,ASSORTED COLOUR BIRD ORNAMENT,General engagement,Explore our latest offers selected specially for you.
17495.0,Occasional Buyers,SET OF 20 VINTAGE CHRISTMAS NAPKINS,General engagement,Explore our latest offers selected specially for you.
17496.0,Inactive Customers,ASSORTED COLOURS SILK FAN,General engagement,Explore our latest offers selected specially for you.
17498.0,Occasional Buyers,CHRISTMAS TREE PAINTED ZINC ,General engagement,Explore our latest offers selected specially for you.
17499.0,Inactive Customers,FUNKY DIVA PEN,General engagement,Explore our latest offers selected specially for you.
17500.0,Occasional Buyers,LOVE SEAT ANTIQUE WHITE METAL,General engagement,Explore our latest offers selected specially for you.
17501.0,Inactive Customers,60 TEATIME FAIRY CAKE CASES,General engagement,Explore our latest offers selected specially for you.
17502.0,Occasional Buyers,IVORY WICKER HEART SMALL,General engagement,Explore our latest offers selected specially for you.
17503.0,Occasional Buyers,WOODEN HEART CHRISTMAS SCANDINAVIAN,General engagement,Explore our latest offers selected specially for you.
17504.0,Inactive Customers,HEART OF WICKER SMALL,General engagement,Explore our latest offers selected specially for you.
17505.0,Inactive Customers,4 TRADITIONAL SPINNING TOPS,General engagement,Explore our latest offers selected specially for you.
17506.0,Occasional Buyers,PINK POLKADOT WRAP ,General engagement,Explore our latest offers selected specially for you.
17507.0,Inactive Customers,BATHROOM METAL SIGN,General engagement,Explore our latest offers selected specially for you.
17508.0,Inactive Customers,EASTER DECORATION HANGING BUNNY,General engagement,Explore our latest offers selected specially for you.
17509.0,Occasional Buyers,ICE CREAM SUNDAE LIP GLOSS,General engagement,Explore our latest offers selected specially for you.
17510.0,Occasional Buyers,MAGIC DRAWING SLATE DINOSAUR,General engagement,Explore our latest offers selected specially for you.
17511.0,Champions,DISCO BALL CHRISTMAS DECORATION,General engagement,Explore our latest offers selected specially for you.
17512.0,Occasional Buyers,COLOUR GLASS T-LIGHT HOLDER HANGING,General engagement,Explore our latest offers selected specially for you.
17513.0,Occasional Buyers,PLAYING CARDS KEEP CALM & CARRY ON,General engagement,Explore our latest offers selected specially for you.
17514.0,Occasional Buyers,MINI PAINTED GARDEN DECORATION ,General engagement,Explore our latest offers selected specially for you.
17515.0,Occasional Buyers,FRENCH BLUE METAL DOOR SIGN 6,General engagement,Explore our latest offers selected specially for you.
17516.0,Occasional Buyers,WORLD WAR 2 GLIDERS ASSTD DESIGNS,General engagement,Explore our latest offers selected specially for you.
17517.0,Inactive Customers,BUNNY DECORATION MAGIC GARDEN,General engagement,Explore our latest offers selected specially for you.
17519.0,Occasional Buyers,SET/6 RED SPOTTY PAPER PLATES,General engagement,Explore our latest offers selected specially for you.
17520.0,Occasional Buyers,WOODEN HEART CHRISTMAS SCANDINAVIAN,General engagement,Explore our latest offers selected specially for you.
17521.0,Occasional Buyers,HANGING HEART WITH BELL,General engagement,Explore our latest offers selected specially for you.
17522.0,Occasional Buyers,VICTORIAN GLASS HANGING T-LIGHT,General engagement,Explore our latest offers selected specially for you.
17523.0,Occasional Buyers,GIRLS ALPHABET IRON ON PATCHES ,General engagement,Explore our latest offers selected specially for you.
17524.0,Inactive Customers,RETROSPOT SMALL TUBE MATCHES,General engagement,Explore our latest offers selected specially for you.
17525.0,Inactive Customers,CHOCOLATE HOT WATER BOTTLE,General engagement,Explore our latest offers selected specially for you.
17526.0,Occasional Buyers,3 PIECE SPACEBOY COOKIE CUTTER SET,General engagement,Explore our latest offers selected specially for you.
17527.0,Occasional Buyers,BLUE POLKADOT WRAP,General engagement,Explore our latest offers selected specially for you.
17528.0,Occasional Buyers,SET 12 COLOUR PENCILS SPACEBOY ,General engagement,Explore our latest offers selected specially for you.
17530.0,Occasional Buyers,CARD MOTORBIKE SANTA,General engagement,Explore our latest offers selected specially for you.
17531.0,Inactive Customers,WRAP DOILEY DESIGN,General engagement,Explore our latest offers selected specially for you.
17534.0,Occasional Buyers,WRAP GINGHAM ROSE ,General engagement,Explore our latest offers selected specially for you.
17535.0,Inactive Customers,COLOUR GLASS T-LIGHT HOLDER HANGING,General engagement,Explore our latest offers selected specially for you.
17536.0,Inactive Customers,SET OF 16 VINTAGE RED CUTLERY,General engagement,Explore our latest offers selected specially for you.
17537.0,Occasional Buyers,CHRISTMAS PUDDING TRINKET POT ,General engagement,Explore our latest offers selected specially for you.
17538.0,Occasional Buyers,DISCO BALL CHRISTMAS DECORATION,General engagement,Explore our latest offers selected specially for you.
17540.0,Occasional Buyers,CHOCOLATE HOT WATER BOTTLE,General engagement,Explore our latest offers selected specially for you.
17542.0,Inactive Customers,RED RETROSPOT WRAP ,General engagement,Explore our latest offers selected specially for you.
17545.0,Occasional Buyers,CRYSTAL STUD EARRINGS ASSORTED COL ,General engagement,Explore our latest offers selected specially for you.
17548.0,Inactive Customers,PACK OF 6 BIRDY GIFT TAGS,General engagement,Explore our latest offers selected specially for you.
17549.0,Occasional Buyers,GLITTER HEART DECORATION,General engagement,Explore our latest offers selected specially for you.
17550.0,Inactive Customers,DECORATION WOBBLY CHICKEN,General engagement,Explore our latest offers selected specially for you.
17551.0,Inactive Customers,GROW A FLYTRAP OR SUNFLOWER IN TIN,General engagement,Explore our latest offers selected specially for you.
17552.0,Occasional Buyers,PACK OF 12 WOODLAND TISSUES ,General engagement,Explore our latest offers selected specially for you.
17553.0,Occasional Buyers,SOMBRERO ,General engagement,Explore our latest offers selected specially for you.
17554.0,Occasional Buyers,WRAP VINTAGE LEAF DESIGN,General engagement,Explore our latest offers selected specially for you.
17555.0,Occasional Buyers,DISCO BALL CHRISTMAS DECORATION,General engagement,Explore our latest offers selected specially for you.
17556.0,Inactive Customers,T-LIGHT GLASS FLUTED ANTIQUE,General engagement,Explore our latest offers selected specially for you.
17557.0,Occasional Buyers,"FEATHER PEN,HOT PINK",General engagement,Explore our latest offers selected specially for you.
17560.0,Occasional Buyers,COLOUR GLASS T-LIGHT HOLDER HANGING,General engagement,Explore our latest offers selected specially for you.
17561.0,Occasional Buyers,BUBBLEGUM RING ASSORTED,General engagement,Explore our latest offers selected specially for you.
17562.0,Occasional Buyers,BROCADE RING PURSE ,General engagement,Explore our latest offers selected specially for you.
17564.0,Occasional Buyers,SET OF 4 NAPKIN CHARMS CUTLERY,General engagement,Explore our latest offers selected specially for you.
17566.0,Occasional Buyers,JINGLE BELL HEART DECORATION,General engagement,Explore our latest offers selected specially for you.
17567.0,Occasional Buyers,ASSORTED COLOUR BIRD ORNAMENT,General engagement,Explore our latest offers selected specially for you.
17569.0,Inactive Customers,CACTI T-LIGHT CANDLES,General engagement,Explore our latest offers selected specially for you.
17571.0,Occasional Buyers,DISCO BALL CHRISTMAS DECORATION,General engagement,Explore our latest offers selected specially for you.
17572.0,Occasional Buyers,GRAND CHOCOLATECANDLE,General engagement,Explore our latest offers selected specially for you.
17573.0,Occasional Buyers,FRENCH STYLE STORAGE JAR CAFE ,General engagement,Explore our latest offers selected specially for you.
17574.0,Inactive Customers,20 DOLLY PEGS RETROSPOT,General engagement,Explore our latest offers selected specially for you.
17576.0,Loyal Customers,CLEAR DRAWER KNOB ACRYLIC EDWARDIAN,Increase repeat purchases,We appreciate your loyalty! Get a special offer on CLEAR DRAWER KNOB ACRYLIC EDWARDIAN and continue enjoying your favorite picks.
17578.0,Inactive Customers,BLUE POLKADOT COFFEE MUG,General engagement,Explore our latest offers selected specially for you.
17579.0,Occasional Buyers,ICE CREAM SUNDAE LIP GLOSS,General engagement,Explore our latest offers selected specially for you.
17580.0,Inactive Customers,6 EGG HOUSE PAINTED WOOD,General engagement,Explore our latest offers selected specially for you.
17581.0,Loyal Customers,JUMBO BAG RED RETROSPOT,Increase repeat purchases,We appreciate your loyalty! Get a special offer on JUMBO BAG RED RETROSPOT and continue enjoying your favorite picks.
17582.0,Inactive Customers,GROW A FLYTRAP OR SUNFLOWER IN TIN,General engagement,Explore our latest offers selected specially for you.
17584.0,Occasional Buyers,WASHROOM METAL SIGN,General engagement,Explore our latest offers selected specially for you.
17585.0,Occasional Buyers,LETTER SHAPE PENCIL SHARPENER,General engagement,Explore our latest offers selected specially for you.
17588.0,Occasional Buyers,BROCADE RING PURSE ,General engagement,Explore our latest offers selected specially for you.
17589.0,Occasional Buyers,DOUGHNUT LIP GLOSS ,General engagement,Explore our latest offers selected specially for you.
17590.0,Occasional Buyers,DISCO BALL CHRISTMAS DECORATION,General engagement,Explore our latest offers selected specially for you.
17591.0,Occasional Buyers,HOT BATHS METAL SIGN,General engagement,Explore our latest offers selected specially for you.
17593.0,Occasional Buyers,HANGING MINI COLOURED BOTTLES,General engagement,Explore our latest offers selected specially for you.
17594.0,Occasional Buyers,LUNCH BAG  BLACK SKULL.,General engagement,Explore our latest offers selected specially for you.
17595.0,Occasional Buyers,CACTI T-LIGHT CANDLES,General engagement,Explore our latest offers selected specially for you.
17596.0,Occasional Buyers,BROCADE RING PURSE ,General engagement,Explore our latest offers selected specially for you.
17597.0,Inactive Customers,WORLD WAR 2 GLIDERS ASSTD DESIGNS,General engagement,Explore our latest offers selected specially for you.
17600.0,Occasional Buyers,LADS ONLY TISSUE BOX,General engagement,Explore our latest offers selected specially for you.
17601.0,Inactive Customers,DINOSAUR KEYRINGS ASSORTED,General engagement,Explore our latest offers selected specially for you.
17602.0,Occasional Buyers,ROTATING SILVER ANGELS T-LIGHT HLDR,General engagement,Explore our latest offers selected specially for you.
17603.0,Occasional Buyers,6 RIBBONS RUSTIC CHARM,General engagement,Explore our latest offers selected specially for you.
17604.0,Inactive Customers,BROCADE RING PURSE ,General engagement,Explore our latest offers selected specially for you.
17608.0,Occasional Buyers,WRAP ALPHABET POSTER  ,General engagement,Explore our latest offers selected specially for you.
17609.0,Occasional Buyers,PENS ASSORTED FUNKY JEWELED ,General engagement,Explore our latest offers selected specially for you.
17611.0,Loyal Customers,WORLD WAR 2 GLIDERS ASSTD DESIGNS,Increase repeat purchases,We appreciate your loyalty! Get a special offer on WORLD WAR 2 GLIDERS ASSTD DESIGNS and continue enjoying your favorite picks.
17612.0,Occasional Buyers,JUMBO BAG RED RETROSPOT,General engagement,Explore our latest offers selected specially for you.
17613.0,Occasional Buyers,WHITE HANGING HEART T-LIGHT HOLDER,General engagement,Explore our latest offers selected specially for you.
17614.0,Occasional Buyers,AGED GLASS SILVER T-LIGHT HOLDER,General engagement,Explore our latest offers selected specially for you.
17615.0,Occasional Buyers,SMALL GLASS HEART TRINKET POT,General engagement,Explore our latest offers selected specially for you.
17616.0,Inactive Customers,WHITE HANGING HEART T-LIGHT HOLDER,General engagement,Explore our latest offers selected specially for you.
17618.0,Occasional Buyers,TEA BAG PLATE RED RETROSPOT,General engagement,Explore our latest offers selected specially for you.
17619.0,Inactive Customers,BLUE POLKADOT EGG CUP ,General engagement,Explore our latest offers selected specially for you.
17620.0,Occasional Buyers,JAM JAR WITH GREEN LID,General engagement,Explore our latest offers selected specially for you.
17621.0,Occasional Buyers,PAPER CHAIN KIT 50'S CHRISTMAS ,General engagement,Explore our latest offers selected specially for you.
17623.0,Occasional Buyers,60 CAKE CASES VINTAGE CHRISTMAS,General engagement,Explore our latest offers selected specially for you.
17624.0,Occasional Buyers,BLUE SCANDINAVIAN PAISLEY WRAP,General engagement,Explore our latest offers selected specially for you.
17625.0,Occasional Buyers,IVORY HANGING DECORATION  HEART,General engagement,Explore our latest offers selected specially for you.
17628.0,Occasional Buyers,PACK OF 60 DINOSAUR CAKE CASES,General engagement,Explore our latest offers selected specially for you.
17629.0,Occasional Buyers,GROOVY CACTUS INFLATABLE,General engagement,Explore our latest offers selected specially for you.
17630.0,Inactive Customers,ZINC FINISH 15CM PLANTER POTS,General engagement,Explore our latest offers selected specially for you.
17631.0,Occasional Buyers,HAIRCLIPS FORTIES FABRIC ASSORTED,General engagement,Explore our latest offers selected specially for you.
17633.0,Occasional Buyers,CHRISTMAS RETROSPOT ANGEL WOOD,General engagement,Explore our latest offers selected specially for you.
17634.0,Occasional Buyers,60 TEATIME FAIRY CAKE CASES,General engagement,Explore our latest offers selected specially for you.
17636.0,Occasional Buyers,WOODEN STAR CHRISTMAS SCANDINAVIAN,General engagement,Explore our latest offers selected specially for you.
17637.0,Occasional Buyers,DANISH ROSE PHOTO FRAME,General engagement,Explore our latest offers selected specially for you.
17639.0,Inactive Customers,BLUE SPOT CERAMIC DRAWER KNOB,General engagement,Explore our latest offers selected specially for you.
17640.0,Occasional Buyers,COLOUR GLASS. STAR T-LIGHT HOLDER,General engagement,Explore our latest offers selected specially for you.
17642.0,Occasional Buyers,VINTAGE RED ENAMEL TRIM MUG ,General engagement,Explore our latest offers selected specially for you.
17643.0,Inactive Customers,DOVE DECORATION PAINTED ZINC ,General engagement,Explore our latest offers selected specially for you.
17644.0,Occasional Buyers,CLOTHES PEGS RETROSPOT PACK 24 ,General engagement,Explore our latest offers selected specially for you.
17646.0,Inactive Customers,SET OF 4 PANTRY JELLY MOULDS,General engagement,Explore our latest offers selected specially for you.
17647.0,Occasional Buyers,PANTRY HOOK BALLOON WHISK ,General engagement,Explore our latest offers selected specially for you.
17648.0,Occasional Buyers,6 RIBBONS RUSTIC CHARM,General engagement,Explore our latest offers selected specially for you.
17649.0,Occasional Buyers,PACK OF 72 RETROSPOT CAKE CASES,General engagement,Explore our latest offers selected specially for you.
17650.0,Occasional Buyers,PACK OF 12 COLOURED PENCILS,General engagement,Explore our latest offers selected specially for you.
17651.0,Occasional Buyers,POPART WOODEN PENCILS ASST,General engagement,Explore our latest offers selected specially for you.
17652.0,Occasional Buyers,SMALL DOLLY MIX DESIGN ORANGE BOWL,General engagement,Explore our latest offers selected specially for you.
17653.0,Occasional Buyers,SET 12 COLOURING PENCILS DOILY,General engagement,Explore our latest offers selected specially for you.
17654.0,Inactive Customers,BLUE SPOT CERAMIC DRAWER KNOB,General engagement,Explore our latest offers selected specially for you.
17655.0,Occasional Buyers,PLEASE ONE PERSON METAL SIGN,General engagement,Explore our latest offers selected specially for you.
17656.0,Occasional Buyers,DOVE DECORATION PAINTED ZINC ,General engagement,Explore our latest offers selected specially for you.
17658.0,Occasional Buyers,"FEATHER PEN,COAL BLACK",General engagement,Explore our latest offers selected specially for you.
17659.0,Occasional Buyers,WORLD WAR 2 GLIDERS ASSTD DESIGNS,General engagement,Explore our latest offers selected specially for you.
17660.0,Occasional Buyers,FAIRY DREAMS INCENSE ,General engagement,Explore our latest offers selected specially for you.
17663.0,Occasional Buyers,TROPICAL  HONEYCOMB PAPER GARLAND ,General engagement,Explore our latest offers selected specially for you.
17664.0,Occasional Buyers,FUNKY DIVA PEN,General engagement,Explore our latest offers selected specially for you.
17666.0,Occasional Buyers,DECORATIVE WICKER HEART LARGE,General engagement,Explore our latest offers selected specially for you.
17667.0,Occasional Buyers,CACTI T-LIGHT CANDLES,General engagement,Explore our latest offers selected specially for you.
17668.0,Occasional Buyers,SET/10 IVORY POLKADOT PARTY CANDLES,General engagement,Explore our latest offers selected specially for you.
17669.0,Occasional Buyers,JUMBO BAG APPLES,General engagement,Explore our latest offers selected specially for you.
17670.0,Inactive Customers,PACK OF 6 SANDCASTLE FLAGS ASSORTED,General engagement,Explore our latest offers selected specially for you.
17671.0,Occasional Buyers,ASSORTED COLOUR BIRD ORNAMENT,General engagement,Explore our latest offers selected specially for you.
17672.0,Occasional Buyers,ROTATING SILVER ANGELS T-LIGHT HLDR,General engagement,Explore our latest offers selected specially for you.
17673.0,Occasional Buyers,MINI HIGHLIGHTER PENS,General engagement,Explore our latest offers selected specially for you.
17674.0,Occasional Buyers,VINTAGE HEADS AND TAILS CARD GAME ,General engagement,Explore our latest offers selected specially for you.
17675.0,Loyal Customers,WHITE HANGING HEART T-LIGHT HOLDER,Increase repeat purchases,We appreciate your loyalty! Get a special offer on WHITE HANGING HEART T-LIGHT HOLDER and continue enjoying your favorite picks.
17676.0,Occasional Buyers,LUNCH BAG VINTAGE LEAF DESIGN,General engagement,Explore our latest offers selected specially for you.
17677.0,Loyal Customers,JUMBO BAG RED RETROSPOT,Increase repeat purchases,We appreciate your loyalty! Get a special offer on JUMBO BAG RED RETROSPOT and continue enjoying your favorite picks.
17678.0,Inactive Customers,WRAP POPPIES  DESIGN,General engagement,Explore our latest offers selected specially for you.
17679.0,Occasional Buyers,SET OF 60 PANTRY DESIGN CAKE CASES ,General engagement,Explore our latest offers selected specially for you.
17680.0,Occasional Buyers,HEART WOODEN CHRISTMAS DECORATION,General engagement,Explore our latest offers selected specially for you.
17682.0,Occasional Buyers,HANGING HEART JAR T-LIGHT HOLDER,General engagement,Explore our latest offers selected specially for you.
17684.0,Occasional Buyers,SCANDINAVIAN 3 HEARTS NAPKIN RING,General engagement,Explore our latest offers selected specially for you.
17685.0,Occasional Buyers,BLACK ENCHANTED FOREST PLACEMAT,General engagement,Explore our latest offers selected specially for you.
17686.0,Occasional Buyers,JUMBO  BAG BAROQUE BLACK WHITE,General engagement,Explore our latest offers selected specially for you.
17690.0,Loyal Customers,RED RETROSPOT WRAP ,Increase repeat purchases,We appreciate your loyalty! Get a special offer on RED RETROSPOT WRAP  and continue enjoying your favorite picks.
17691.0,Inactive Customers,FELTCRAFT HAIRBANDS PINK AND WHITE ,General engagement,Explore our latest offers selected specially for you.
17692.0,Occasional Buyers,I CAN ONLY PLEASE ONE PERSON MUG,General engagement,Explore our latest offers selected specially for you.
17693.0,Occasional Buyers,WRAP POPPIES  DESIGN,General engagement,Explore our latest offers selected specially for you.
17694.0,Occasional Buyers,"ASSORTED FLOWER COLOUR ""LEIS""",General engagement,Explore our latest offers selected specially for you.
17695.0,Occasional Buyers,HEART DECORATION RUSTIC HANGING ,General engagement,Explore our latest offers selected specially for you.
17696.0,Occasional Buyers,SLEEPING CAT ERASERS,General engagement,Explore our latest offers selected specially for you.
17697.0,Inactive Customers,PLASTERS IN TIN CIRCUS PARADE ,General engagement,Explore our latest offers selected specially for you.
17698.0,Inactive Customers,GROW A FLYTRAP OR SUNFLOWER IN TIN,General engagement,Explore our latest offers selected specially for you.
17700.0,Occasional Buyers,WHITE HANGING HEART T-LIGHT HOLDER,General engagement,Explore our latest offers selected specially for you.
17701.0,Inactive Customers,HOMEMADE JAM SCENTED CANDLES,General engagement,Explore our latest offers selected specially for you.
17702.0,Occasional Buyers,JUMBO BAG RED RETROSPOT,General engagement,Explore our latest offers selected specially for you.
17703.0,Occasional Buyers,POPCORN HOLDER,General engagement,Explore our latest offers selected specially for you.
17704.0,Inactive Customers,FUNKY DIVA PEN,General engagement,Explore our latest offers selected specially for you.
17705.0,Occasional Buyers,LUNCH BAG  BLACK SKULL.,General engagement,Explore our latest offers selected specially for you.
17706.0,Loyal Customers,BROCADE RING PURSE ,Increase repeat purchases,We appreciate your loyalty! Get a special offer on BROCADE RING PURSE  and continue enjoying your favorite picks.
17707.0,Inactive Customers,MOROCCAN TEA GLASS,General engagement,Explore our latest offers selected specially for you.
17708.0,Inactive Customers,GUMBALL COAT RACK,General engagement,Explore our latest offers selected specially for you.
17709.0,Inactive Customers,GREEN REGENCY TEACUP AND SAUCER,General engagement,Explore our latest offers selected specially for you.
17711.0,Occasional Buyers,GROW A FLYTRAP OR SUNFLOWER IN TIN,General engagement,Explore our latest offers selected specially for you.
17712.0,Occasional Buyers,GROW A FLYTRAP OR SUNFLOWER IN TIN,General engagement,Explore our latest offers selected specially for you.
17714.0,Inactive Customers,3 WHITE CHOC MORRIS BOXED CANDLES,General engagement,Explore our latest offers selected specially for you.
17715.0,Inactive Customers,LARGE CIRCULAR MIRROR MOBILE,General engagement,Explore our latest offers selected specially for you.
17716.0,Occasional Buyers,PAPER CHAIN KIT 50'S CHRISTMAS ,General engagement,Explore our latest offers selected specially for you.
17718.0,Inactive Customers,SET 20 NAPKINS FAIRY CAKES DESIGN ,General engagement,Explore our latest offers selected specially for you.
17719.0,Loyal Customers,DAIRY MAID STRIPE MUG,Increase repeat purchases,We appreciate your loyalty! Get a special offer on DAIRY MAID STRIPE MUG and continue enjoying your favorite picks.
17720.0,Occasional Buyers,CHOCOLATE HOT WATER BOTTLE,General engagement,Explore our latest offers selected specially for you.
17722.0,Occasional Buyers,SET OF 6 FUNKY BEAKERS,General engagement,Explore our latest offers selected specially for you.
17723.0,Occasional Buyers,PARTY BUNTING,General engagement,Explore our latest offers selected specially for you.
17724.0,Occasional Buyers,SPOTTY BUNTING,General engagement,Explore our latest offers selected specially for you.
17725.0,Occasional Buyers,COOK WITH WINE METAL SIGN ,General engagement,Explore our latest offers selected specially for you.
17727.0,Occasional Buyers,BLUE SCANDINAVIAN PAISLEY WRAP,General engagement,Explore our latest offers selected specially for you.
17728.0,Occasional Buyers,ANGEL DECORATION STARS ON DRESS,General engagement,Explore our latest offers selected specially for you.
17730.0,Occasional Buyers,FUNKY DIVA PEN,General engagement,Explore our latest offers selected specially for you.
17731.0,Occasional Buyers,60 CAKE CASES DOLLY GIRL DESIGN,General engagement,Explore our latest offers selected specially for you.
17732.0,Inactive Customers,CHRISTMAS RETROSPOT HEART WOOD,General engagement,Explore our latest offers selected specially for you.
17733.0,Occasional Buyers,HANGING HEART JAR T-LIGHT HOLDER,General engagement,Explore our latest offers selected specially for you.
17734.0,Occasional Buyers,WORLD WAR 2 GLIDERS ASSTD DESIGNS,General engagement,Explore our latest offers selected specially for you.
17735.0,Loyal Customers,LUNCH BAG  BLACK SKULL.,Increase repeat purchases,We appreciate your loyalty! Get a special offer on LUNCH BAG  BLACK SKULL. and continue enjoying your favorite picks.
17736.0,Occasional Buyers,CLEAR DRAWER KNOB ACRYLIC EDWARDIAN,General engagement,Explore our latest offers selected specially for you.
17737.0,Occasional Buyers,MULTI COLOUR SILVER T-LIGHT HOLDER,General engagement,Explore our latest offers selected specially for you.
17738.0,Occasional Buyers,CHRISTMAS PUDDING TRINKET POT ,General engagement,Explore our latest offers selected specially for you.
17739.0,Occasional Buyers,HANGING HEART JAR T-LIGHT HOLDER,General engagement,Explore our latest offers selected specially for you.
17742.0,Occasional Buyers,ASSORTED COLOUR BIRD ORNAMENT,General engagement,Explore our latest offers selected specially for you.
17744.0,Occasional Buyers,COLOURING PENCILS BROWN TUBE,General engagement,Explore our latest offers selected specially for you.
17746.0,Inactive Customers,CHILDRENS APRON APPLES DESIGN,General engagement,Explore our latest offers selected specially for you.
17747.0,Occasional Buyers,MIRROR MOSAIC HURRICANE LAMP ,General engagement,Explore our latest offers selected specially for you.
17749.0,Inactive Customers,BLUE POLKADOT EGG CUP ,General engagement,Explore our latest offers selected specially for you.
17750.0,Occasional Buyers,TRAVEL CARD WALLET I LOVE LONDON,General engagement,Explore our latest offers selected specially for you.
17752.0,Inactive Customers,RATTLE SNAKE EGGS,General engagement,Explore our latest offers selected specially for you.
17754.0,Occasional Buyers,JUMBO BAG RED RETROSPOT,General engagement,Explore our latest offers selected specially for you.
17757.0,Loyal Customers,BLUE POLKADOT CUP,Increase repeat purchases,We appreciate your loyalty! Get a special offer on BLUE POLKADOT CUP and continue enjoying your favorite picks.
17758.0,Occasional Buyers,ICE CREAM PEN LIP GLOSS ,General engagement,Explore our latest offers selected specially for you.
17759.0,Occasional Buyers,CHRISTMAS HANGING STAR WITH BELL,General engagement,Explore our latest offers selected specially for you.
17760.0,Occasional Buyers,SMALL HANGING IVORY/RED WOOD BIRD,General engagement,Explore our latest offers selected specially for you.
17761.0,Occasional Buyers,CHRISTMAS HANGING STAR WITH BELL,General engagement,Explore our latest offers selected specially for you.
17763.0,Inactive Customers,LARGE CIRCULAR MIRROR MOBILE,General engagement,Explore our latest offers selected specially for you.
17764.0,Occasional Buyers,WRAP VINTAGE PETALS  DESIGN,General engagement,Explore our latest offers selected specially for you.
17765.0,Inactive Customers,COLOURING PENCILS BROWN TUBE,General engagement,Explore our latest offers selected specially for you.
17767.0,Occasional Buyers,3 ROSE MORRIS BOXED CANDLES,General engagement,Explore our latest offers selected specially for you.
17768.0,Occasional Buyers,HAND WARMER UNION JACK,General engagement,Explore our latest offers selected specially for you.
17769.0,Occasional Buyers,ASSORTED COLOUR BIRD ORNAMENT,General engagement,Explore our latest offers selected specially for you.
17770.0,Inactive Customers,MULTI COLOUR SILVER T-LIGHT HOLDER,General engagement,Explore our latest offers selected specially for you.
17771.0,Occasional Buyers,BLUE SCANDINAVIAN PAISLEY WRAP,General engagement,Explore our latest offers selected specially for you.
17772.0,Occasional Buyers,ADVENT CALENDAR GINGHAM SACK,General engagement,Explore our latest offers selected specially for you.
17774.0,Occasional Buyers,WORLD WAR 2 GLIDERS ASSTD DESIGNS,General engagement,Explore our latest offers selected specially for you.
17775.0,Inactive Customers,HEART DECORATION PAINTED ZINC ,General engagement,Explore our latest offers selected specially for you.
17777.0,Occasional Buyers,PLACE SETTING WHITE HEART,General engagement,Explore our latest offers selected specially for you.
17779.0,Occasional Buyers,DINOSAUR KEYRINGS ASSORTED,General engagement,Explore our latest offers selected specially for you.
17781.0,Inactive Customers,RELAX LARGE WOOD LETTERS,General engagement,Explore our latest offers selected specially for you.
17783.0,Occasional Buyers,BIRTHDAY BANQUET GIFT WRAP,General engagement,Explore our latest offers selected specially for you.
17785.0,Occasional Buyers,CARD MOTORBIKE SANTA,General engagement,Explore our latest offers selected specially for you.
17786.0,Occasional Buyers,ASS FLORAL PRINT MULTI SCREWDRIVER,General engagement,Explore our latest offers selected specially for you.
17787.0,Inactive Customers,WHITE JEWELLED HEART DECORATION,General engagement,Explore our latest offers selected specially for you.
17788.0,Occasional Buyers,RED DINER WALL CLOCK,General engagement,Explore our latest offers selected specially for you.
17789.0,Inactive Customers,SILVER PLATE CANDLE BOWL SMALL,General engagement,Explore our latest offers selected specially for you.
17790.0,Occasional Buyers,HEART OF WICKER SMALL,General engagement,Explore our latest offers selected specially for you.
17791.0,Occasional Buyers,36 PENCILS TUBE RED RETROSPOT,General engagement,Explore our latest offers selected specially for you.
17793.0,Occasional Buyers,BUBBLEGUM RING ASSORTED,General engagement,Explore our latest offers selected specially for you.
17795.0,Inactive Customers,DINOSAUR KEYRINGS ASSORTED,General engagement,Explore our latest offers selected specially for you.
17796.0,Occasional Buyers,"SET 3 RETROSPOT TEA,COFFEE,SUGAR",General engagement,Explore our latest offers selected specially for you.
17797.0,Occasional Buyers,EMPIRE GIFT WRAP,General engagement,Explore our latest offers selected specially for you.
17799.0,Occasional Buyers,RED SPOT PAPER GIFT BAG,General engagement,Explore our latest offers selected specially for you.
17800.0,Occasional Buyers,GROW A FLYTRAP OR SUNFLOWER IN TIN,General engagement,Explore our latest offers selected specially for you.
17802.0,Occasional Buyers,DINOSAUR KEYRINGS ASSORTED,General engagement,Explore our latest offers selected specially for you.
17805.0,Occasional Buyers,WHITE JEWELLED HEART DECORATION,General engagement,Explore our latest offers selected specially for you.
17806.0,Occasional Buyers,PENS ASSORTED SPACEBALL,General engagement,Explore our latest offers selected specially for you.
17809.0,Occasional Buyers,PACK OF 6 BIRDY GIFT TAGS,General engagement,Explore our latest offers selected specially for you.
17811.0,Loyal Customers,POPCORN HOLDER,Increase repeat purchases,We appreciate your loyalty! Get a special offer on POPCORN HOLDER and continue enjoying your favorite picks.
17812.0,Occasional Buyers,MULTI COLOUR SILVER T-LIGHT HOLDER,General engagement,Explore our latest offers selected specially for you.
17813.0,Occasional Buyers,MINI PAINT SET VINTAGE ,General engagement,Explore our latest offers selected specially for you.
17816.0,Occasional Buyers,JAM JAR WITH PINK LID,General engagement,Explore our latest offers selected specially for you.
17817.0,Occasional Buyers,ANTIQUE SILVER TEA GLASS ENGRAVED,General engagement,Explore our latest offers selected specially for you.
17819.0,Occasional Buyers,GREEN REGENCY TEACUP AND SAUCER,General engagement,Explore our latest offers selected specially for you.
17824.0,Occasional Buyers,WORLD WAR 2 GLIDERS ASSTD DESIGNS,General engagement,Explore our latest offers selected specially for you.
17827.0,Occasional Buyers,FUNKY DIVA PEN,General engagement,Explore our latest offers selected specially for you.
17828.0,Occasional Buyers,GRAND CHOCOLATECANDLE,General engagement,Explore our latest offers selected specially for you.
17829.0,Inactive Customers,ASSORTED CHEESE FRIDGE MAGNETS,General engagement,Explore our latest offers selected specially for you.
17830.0,Occasional Buyers,HANGING METAL HEART LANTERN,General engagement,Explore our latest offers selected specially for you.
17831.0,Occasional Buyers,GREEN REGENCY TEACUP AND SAUCER,General engagement,Explore our latest offers selected specially for you.
17832.0,Occasional Buyers,PENS ASSORTED SPACEBALL,General engagement,Explore our latest offers selected specially for you.
17835.0,Occasional Buyers,SILVER FABRIC MIRROR,General engagement,Explore our latest offers selected specially for you.
17836.0,Occasional Buyers,ORIGAMI LAVENDER INCENSE/CANDL SET ,General engagement,Explore our latest offers selected specially for you.
17837.0,Occasional Buyers,CERAMIC STRAWBERRY CAKE MONEY BANK,General engagement,Explore our latest offers selected specially for you.
17838.0,Occasional Buyers,WORLD WAR 2 GLIDERS ASSTD DESIGNS,General engagement,Explore our latest offers selected specially for you.
17839.0,Occasional Buyers,WRAP CIRCUS PARADE,General engagement,Explore our latest offers selected specially for you.
17841.0,Champions,DISCO BALL CHRISTMAS DECORATION,General engagement,Explore our latest offers selected specially for you.
17843.0,Inactive Customers,Manual,General engagement,Explore our latest offers selected specially for you.
17844.0,Occasional Buyers,SET OF 12 FAIRY CAKE BAKING CASES,General engagement,Explore our latest offers selected specially for you.
17846.0,Occasional Buyers,Manual,General engagement,Explore our latest offers selected specially for you.
17848.0,Occasional Buyers,VICTORIAN  METAL POSTCARD SPRING,General engagement,Explore our latest offers selected specially for you.
17849.0,Inactive Customers,ANTIQUE SILVER T-LIGHT GLASS,General engagement,Explore our latest offers selected specially for you.
17850.0,Loyal Customers,WHITE HANGING HEART T-LIGHT HOLDER,Increase repeat purchases,We appreciate your loyalty! Get a special offer on WHITE HANGING HEART T-LIGHT HOLDER and continue enjoying your favorite picks.
17852.0,Occasional Buyers,ANTIQUE SILVER TEA GLASS ENGRAVED,General engagement,Explore our latest offers selected specially for you.
17854.0,Inactive Customers,ZINC METAL HEART DECORATION,General engagement,Explore our latest offers selected specially for you.
17855.0,Inactive Customers,MINI JIGSAW SPACEBOY,General engagement,Explore our latest offers selected specially for you.
17856.0,Occasional Buyers,ANTIQUE SILVER TEA GLASS ENGRAVED,General engagement,Explore our latest offers selected specially for you.
17857.0,Loyal Customers,Manual,Increase repeat purchases,We appreciate your loyalty! Get a special offer on Manual and continue enjoying your favorite picks.
17858.0,Occasional Buyers,CLEAR DRAWER KNOB ACRYLIC EDWARDIAN,General engagement,Explore our latest offers selected specially for you.
17859.0,Inactive Customers,ANIMAL STICKERS,General engagement,Explore our latest offers selected specially for you.
17860.0,Inactive Customers,PACK OF 12 BLUE PAISLEY TISSUES ,General engagement,Explore our latest offers selected specially for you.
17861.0,Occasional Buyers,WORLD WAR 2 GLIDERS ASSTD DESIGNS,General engagement,Explore our latest offers selected specially for you.
17862.0,Inactive Customers,BLUE 3 PIECE POLKADOT CUTLERY SET,General engagement,Explore our latest offers selected specially for you.
17863.0,Occasional Buyers,KIDS RAIN MAC BLUE,General engagement,Explore our latest offers selected specially for you.
17864.0,Occasional Buyers,DINOSAUR KEYRINGS ASSORTED,General engagement,Explore our latest offers selected specially for you.
17865.0,Loyal Customers,AREA PATROLLED METAL SIGN,Increase repeat purchases,We appreciate your loyalty! Get a special offer on AREA PATROLLED METAL SIGN and continue enjoying your favorite picks.
17866.0,Inactive Customers,DOUGHNUT LIP GLOSS ,General engagement,Explore our latest offers selected specially for you.
17867.0,Occasional Buyers,WHITE TALL PORCELAIN T-LIGHT HOLDER,General engagement,Explore our latest offers selected specially for you.
17869.0,Occasional Buyers,4 LILY  BOTANICAL DINNER CANDLES,General engagement,Explore our latest offers selected specially for you.
17870.0,Occasional Buyers,3 HEARTS HANGING DECORATION RUSTIC,General engagement,Explore our latest offers selected specially for you.
17871.0,Inactive Customers,BLUE POLKADOT COFFEE MUG,General engagement,Explore our latest offers selected specially for you.
17873.0,Occasional Buyers,AREA PATROLLED METAL SIGN,General engagement,Explore our latest offers selected specially for you.
17874.0,Inactive Customers,PACK OF 12 LONDON TISSUES ,General engagement,Explore our latest offers selected specially for you.
17877.0,Inactive Customers,PACK OF 12 RED RETROSPOT TISSUES ,General engagement,Explore our latest offers selected specially for you.
17878.0,Occasional Buyers,SMALL HANGING IVORY/RED WOOD BIRD,General engagement,Explore our latest offers selected specially for you.
17879.0,Inactive Customers,ZINC HERB GARDEN CONTAINER,General engagement,Explore our latest offers selected specially for you.
17880.0,Inactive Customers,MINI PAINT SET VINTAGE ,General engagement,Explore our latest offers selected specially for you.
17881.0,Inactive Customers,ENCHANTED BIRD COATHANGER 5 HOOK,General engagement,Explore our latest offers selected specially for you.
17883.0,Occasional Buyers,CHRISTMAS HANGING SNOWFLAKE,General engagement,Explore our latest offers selected specially for you.
17884.0,Occasional Buyers,CARTOON  PENCIL SHARPENERS,General engagement,Explore our latest offers selected specially for you.
17885.0,Occasional Buyers,DISCO BALL CHRISTMAS DECORATION,General engagement,Explore our latest offers selected specially for you.
17886.0,Occasional Buyers,CHILDRENS APRON SPACEBOY DESIGN,General engagement,Explore our latest offers selected specially for you.
17887.0,Occasional Buyers,CHRISTMAS STAR WISH LIST CHALKBOARD,General engagement,Explore our latest offers selected specially for you.
17888.0,Occasional Buyers,BLUE POLKADOT WRAP,General engagement,Explore our latest offers selected specially for you.
17889.0,Inactive Customers,HANGING HEART JAR T-LIGHT HOLDER,General engagement,Explore our latest offers selected specially for you.
17890.0,Inactive Customers,CARD MOTORBIKE SANTA,General engagement,Explore our latest offers selected specially for you.
17891.0,Inactive Customers,PARTY INVITES FOOTBALL,General engagement,Explore our latest offers selected specially for you.
17892.0,Occasional Buyers,PIGGY BANK RETROSPOT ,General engagement,Explore our latest offers selected specially for you.
17893.0,Inactive Customers,WRAP I LOVE LONDON ,General engagement,Explore our latest offers selected specially for you.
17894.0,Occasional Buyers,WHITE HANGING HEART T-LIGHT HOLDER,General engagement,Explore our latest offers selected specially for you.
17895.0,Occasional Buyers,PENS ASSORTED FUNNY FACE,General engagement,Explore our latest offers selected specially for you.
17896.0,Occasional Buyers,ANTIQUE SILVER TEA GLASS ENGRAVED,General engagement,Explore our latest offers selected specially for you.
17897.0,Inactive Customers,CARD I LOVE LONDON ,General engagement,Explore our latest offers selected specially for you.
17898.0,Occasional Buyers,WORLD WAR 2 GLIDERS ASSTD DESIGNS,General engagement,Explore our latest offers selected specially for you.
17899.0,Inactive Customers,CRYSTAL STUD EARRINGS ASSORTED COL ,General engagement,Explore our latest offers selected specially for you.
17900.0,Inactive Customers,POLYESTER FILLER PAD 40x40cm,General engagement,Explore our latest offers selected specially for you.
17901.0,Occasional Buyers,BOX OF 6 MINI 50'S CRACKERS,General engagement,Explore our latest offers selected specially for you.
17904.0,Occasional Buyers,CARD BIRTHDAY COWBOY,General engagement,Explore our latest offers selected specially for you.
17905.0,Occasional Buyers,POLYESTER FILLER PAD 40x40cm,General engagement,Explore our latest offers selected specially for you.
17906.0,Inactive Customers,FRENCH CHATEAU LARGE PLATTER ,General engagement,Explore our latest offers selected specially for you.
17908.0,Inactive Customers,PARTY TIME PENCIL ERASERS,General engagement,Explore our latest offers selected specially for you.
17911.0,Occasional Buyers,6 GIFT TAGS VINTAGE CHRISTMAS ,General engagement,Explore our latest offers selected specially for you.
17912.0,Inactive Customers,FOOD/DRINK SPONGE STICKERS,General engagement,Explore our latest offers selected specially for you.
17913.0,Occasional Buyers,ICE CREAM BUBBLES,General engagement,Explore our latest offers selected specially for you.
17914.0,Occasional Buyers,WORLD WAR 2 GLIDERS ASSTD DESIGNS,General engagement,Explore our latest offers selected specially for you.
17917.0,Occasional Buyers,LETTER SHAPE PENCIL SHARPENER,General engagement,Explore our latest offers selected specially for you.
17919.0,Occasional Buyers,MINI PAINT SET VINTAGE ,General engagement,Explore our latest offers selected specially for you.
17920.0,Loyal Customers,GIRLS ALPHABET IRON ON PATCHES ,Increase repeat purchases,We appreciate your loyalty! Get a special offer on GIRLS ALPHABET IRON ON PATCHES  and continue enjoying your favorite picks.
17921.0,Occasional Buyers,VICTORIAN GLASS HANGING T-LIGHT,General engagement,Explore our latest offers selected specially for you.
17923.0,Inactive Customers,PARTY BUNTING,General engagement,Explore our latest offers selected specially for you.
17924.0,Occasional Buyers,SET OF 6 NATIVITY MAGNETS ,General engagement,Explore our latest offers selected specially for you.
17925.0,Inactive Customers,BLACK RECORD COVER FRAME,General engagement,Explore our latest offers selected specially for you.
17926.0,Occasional Buyers,"ASSORTED FLOWER COLOUR ""LEIS""",General engagement,Explore our latest offers selected specially for you.
17928.0,Occasional Buyers,Manual,General engagement,Explore our latest offers selected specially for you.
17929.0,Occasional Buyers,CHILDS BREAKFAST SET SPACEBOY ,General engagement,Explore our latest offers selected specially for you.
17930.0,Occasional Buyers,"ASSORTED FLOWER COLOUR ""LEIS""",General engagement,Explore our latest offers selected specially for you.
17931.0,Occasional Buyers,BIRDCAGE DECORATION TEALIGHT HOLDER,General engagement,Explore our latest offers selected specially for you.
17932.0,Occasional Buyers,FLUTED ANTIQUE CANDLE HOLDER,General engagement,Explore our latest offers selected specially for you.
17934.0,Occasional Buyers,WOODEN BOX OF DOMINOES,General engagement,Explore our latest offers selected specially for you.
17935.0,Occasional Buyers,ECONOMY LUGGAGE TAG,General engagement,Explore our latest offers selected specially for you.
17936.0,Occasional Buyers,LUNCH BOX I LOVE LONDON,General engagement,Explore our latest offers selected specially for you.
17937.0,Occasional Buyers,RED  HARMONICA IN BOX ,General engagement,Explore our latest offers selected specially for you.
17939.0,Inactive Customers,DANISH ROSE DECORATIVE PLATE,General engagement,Explore our latest offers selected specially for you.
17940.0,Occasional Buyers,PACK OF 12 LONDON TISSUES ,General engagement,Explore our latest offers selected specially for you.
17941.0,Occasional Buyers,SCANDINAVIAN REDS RIBBONS,General engagement,Explore our latest offers selected specially for you.
17942.0,Occasional Buyers,WHITE WICKER STAR ,General engagement,Explore our latest offers selected specially for you.
17946.0,Inactive Customers,PACK OF 12 PINK POLKADOT TISSUES,General engagement,Explore our latest offers selected specially for you.
17947.0,Occasional Buyers,SWEETHEART CERAMIC TRINKET BOX,General engagement,Explore our latest offers selected specially for you.
17948.0,Inactive Customers,BISCUIT TIN 50'S CHRISTMAS,General engagement,Explore our latest offers selected specially for you.
17949.0,Loyal Customers,POPCORN HOLDER,Increase repeat purchases,We appreciate your loyalty! Get a special offer on POPCORN HOLDER and continue enjoying your favorite picks.
17950.0,Occasional Buyers,WORLD WAR 2 GLIDERS ASSTD DESIGNS,General engagement,Explore our latest offers selected specially for you.
17951.0,Occasional Buyers,HAND WARMER UNION JACK,General engagement,Explore our latest offers selected specially for you.
17954.0,Occasional Buyers,BOYS ALPHABET IRON ON PATCHES,General engagement,Explore our latest offers selected specially for you.
17955.0,Inactive Customers,LARGE CIRCULAR MIRROR MOBILE,General engagement,Explore our latest offers selected specially for you.
17956.0,Inactive Customers,SET OF 2 WOODEN MARKET CRATES,General engagement,Explore our latest offers selected specially for you.
17957.0,Occasional Buyers,ASSORTED TUTTI FRUTTI BRACELET,General engagement,Explore our latest offers selected specially for you.
17958.0,Occasional Buyers,SET OF 4 DIAMOND NAPKIN RINGS,General engagement,Explore our latest offers selected specially for you.
17960.0,Inactive Customers,MAKE YOUR OWN MONSOON CARD KIT,General engagement,Explore our latest offers selected specially for you.
17961.0,Loyal Customers,6 ROCKET BALLOONS ,Increase repeat purchases,We appreciate your loyalty! Get a special offer on 6 ROCKET BALLOONS  and continue enjoying your favorite picks.
17962.0,Occasional Buyers,BROCADE RING PURSE ,General engagement,Explore our latest offers selected specially for you.
17964.0,Occasional Buyers,ASSORTED CREEPY CRAWLIES,General engagement,Explore our latest offers selected specially for you.
17965.0,Occasional Buyers,TRAVEL CARD WALLET KEEP CALM,General engagement,Explore our latest offers selected specially for you.
17966.0,Occasional Buyers,WRAP ENGLISH ROSE ,General engagement,Explore our latest offers selected specially for you.
17967.0,Inactive Customers,CARD MOTORBIKE SANTA,General engagement,Explore our latest offers selected specially for you.
17968.0,Inactive Customers,CHRISTMAS METAL TAGS ASSORTED ,General engagement,Explore our latest offers selected specially for you.
17969.0,Inactive Customers,CHINESE DRAGON PAPER LANTERNS,General engagement,Explore our latest offers selected specially for you.
17970.0,Inactive Customers,10 COLOUR SPACEBOY PEN,General engagement,Explore our latest offers selected specially for you.
17972.0,Inactive Customers,ASSTD MULTICOLOUR CIRCLES MUG,General engagement,Explore our latest offers selected specially for you.
17973.0,Occasional Buyers,DISCO BALL CHRISTMAS DECORATION,General engagement,Explore our latest offers selected specially for you.
17974.0,Occasional Buyers,PENS ASSORTED FUNNY FACE,General engagement,Explore our latest offers selected specially for you.
17975.0,Occasional Buyers,HOME BUILDING BLOCK WORD,General engagement,Explore our latest offers selected specially for you.
17976.0,Inactive Customers,CLAM SHELL SMALL ,General engagement,Explore our latest offers selected specially for you.
17977.0,Occasional Buyers,WORLD WAR 2 GLIDERS ASSTD DESIGNS,General engagement,Explore our latest offers selected specially for you.
17978.0,Inactive Customers,ANGEL DECORATION 3 BUTTONS ,General engagement,Explore our latest offers selected specially for you.
17979.0,Occasional Buyers,6 ROCKET BALLOONS ,General engagement,Explore our latest offers selected specially for you.
17980.0,Inactive Customers,AGED GLASS SILVER T-LIGHT HOLDER,General engagement,Explore our latest offers selected specially for you.
17984.0,Inactive Customers,ANIMAL STICKERS,General engagement,Explore our latest offers selected specially for you.
17985.0,Occasional Buyers,NAMASTE SWAGAT INCENSE,General engagement,Explore our latest offers selected specially for you.
17986.0,Occasional Buyers,JUMBO BAG SCANDINAVIAN BLUE PAISLEY,General engagement,Explore our latest offers selected specially for you.
17987.0,Inactive Customers,SKULLS  STICKERS,General engagement,Explore our latest offers selected specially for you.
17988.0,Occasional Buyers,KNICKERBOCKERGLORY MAGNET ASSORTED ,General engagement,Explore our latest offers selected specially for you.
17990.0,Inactive Customers,RED  HARMONICA IN BOX ,General engagement,Explore our latest offers selected specially for you.
17991.0,Inactive Customers,PINK REGENCY TEACUP AND SAUCER,General engagement,Explore our latest offers selected specially for you.
17994.0,Occasional Buyers,DOUGHNUT LIP GLOSS ,General engagement,Explore our latest offers selected specially for you.
17995.0,Inactive Customers,CHINESE DRAGON PAPER LANTERNS,General engagement,Explore our latest offers selected specially for you.
17997.0,Occasional Buyers,ASSTD FRUIT+FLOWERS FRIDGE MAGNETS,General engagement,Explore our latest offers selected specially for you.
17999.0,Occasional Buyers,CARD MOTORBIKE SANTA,General engagement,Explore our latest offers selected specially for you.
18001.0,Occasional Buyers,RED RETROSPOT WRAP ,General engagement,Explore our latest offers selected specially for you.
18004.0,Inactive Customers,LETTER SHAPE PENCIL SHARPENER,General engagement,Explore our latest offers selected specially for you.
18005.0,Occasional Buyers,LARGE STRIPES CHOCOLATE GIFT BAG,General engagement,Explore our latest offers selected specially for you.
18006.0,Occasional Buyers,DOUGHNUT LIP GLOSS ,General engagement,Explore our latest offers selected specially for you.
18008.0,Occasional Buyers,20 DOLLY PEGS RETROSPOT,General engagement,Explore our latest offers selected specially for you.
18009.0,Inactive Customers,WRAP POPPIES  DESIGN,General engagement,Explore our latest offers selected specially for you.
18010.0,Inactive Customers,POTTING SHED SEED ENVELOPES,General engagement,Explore our latest offers selected specially for you.
18011.0,Inactive Customers,GOLD PRINT PAPER BAG,General engagement,Explore our latest offers selected specially for you.
18013.0,Inactive Customers,MAGIC DRAWING SLATE CIRCUS PARADE  ,General engagement,Explore our latest offers selected specially for you.
18014.0,Occasional Buyers,PAINTED METAL PEARS ASSORTED,General engagement,Explore our latest offers selected specially for you.
18015.0,Occasional Buyers,FOOD/DRINK SPONGE STICKERS,General engagement,Explore our latest offers selected specially for you.
18016.0,Occasional Buyers,TRAVEL CARD WALLET KEEP CALM,General engagement,Explore our latest offers selected specially for you.
18017.0,Occasional Buyers,JUMBO BAG RED RETROSPOT,General engagement,Explore our latest offers selected specially for you.
18018.0,Occasional Buyers,DISCO BALL CHRISTMAS DECORATION,General engagement,Explore our latest offers selected specially for you.
18019.0,Occasional Buyers,PARTY BUNTING,General engagement,Explore our latest offers selected specially for you.
18022.0,Occasional Buyers,WORLD WAR 2 GLIDERS ASSTD DESIGNS,General engagement,Explore our latest offers selected specially for you.
18024.0,Inactive Customers,GROW A FLYTRAP OR SUNFLOWER IN TIN,General engagement,Explore our latest offers selected specially for you.
18027.0,Occasional Buyers,TRAVEL CARD WALLET I LOVE LONDON,General engagement,Explore our latest offers selected specially for you.
18030.0,Occasional Buyers,MEDIUM MEDINA STAMPED METAL BOWL ,General engagement,Explore our latest offers selected specially for you.
18032.0,Inactive Customers,LOVE GARLAND PAINTED ZINC ,General engagement,Explore our latest offers selected specially for you.
18033.0,Occasional Buyers,POPART WOODEN PENCILS ASST,General engagement,Explore our latest offers selected specially for you.
18034.0,Occasional Buyers,ANGEL DECORATION 3 BUTTONS ,General engagement,Explore our latest offers selected specially for you.
18035.0,Occasional Buyers,RED  HARMONICA IN BOX ,General engagement,Explore our latest offers selected specially for you.
18036.0,Occasional Buyers,ROTATING SILVER ANGELS T-LIGHT HLDR,General engagement,Explore our latest offers selected specially for you.
18037.0,Inactive Customers,ROUND CONTAINER SET OF 5 RETROSPOT,General engagement,Explore our latest offers selected specially for you.
18040.0,Occasional Buyers,JUMBO BAG WOODLAND ANIMALS,General engagement,Explore our latest offers selected specially for you.
18041.0,Loyal Customers,SET/20 RED RETROSPOT PAPER NAPKINS ,Increase repeat purchases,We appreciate your loyalty! Get a special offer on SET/20 RED RETROSPOT PAPER NAPKINS  and continue enjoying your favorite picks.
18042.0,Occasional Buyers,CLOTHES PEGS RETROSPOT PACK 24 ,General engagement,Explore our latest offers selected specially for you.
18043.0,Occasional Buyers,TOP SECRET PEN SET,General engagement,Explore our latest offers selected specially for you.
18044.0,Occasional Buyers,PACK OF 12 LONDON TISSUES ,General engagement,Explore our latest offers selected specially for you.
18045.0,Occasional Buyers,BLUE POLKADOT WRAP,General engagement,Explore our latest offers selected specially for you.
18048.0,Inactive Customers,ANTIQUE SILVER TEA GLASS ENGRAVED,General engagement,Explore our latest offers selected specially for you.
18050.0,Inactive Customers,CAKE PLATE LOVEBIRD WHITE,General engagement,Explore our latest offers selected specially for you.
18053.0,Occasional Buyers,WOODEN HEART CHRISTMAS SCANDINAVIAN,General engagement,Explore our latest offers selected specially for you.
18055.0,Occasional Buyers,ASSORTED COLOUR BIRD ORNAMENT,General engagement,Explore our latest offers selected specially for you.
18056.0,Inactive Customers,ASSORTED EASTER DECORATIONS  BELLS,General engagement,Explore our latest offers selected specially for you.
18058.0,Occasional Buyers,RED HANGING HEART T-LIGHT HOLDER,General engagement,Explore our latest offers selected specially for you.
18059.0,Occasional Buyers,4 LILY  BOTANICAL DINNER CANDLES,General engagement,Explore our latest offers selected specially for you.
18061.0,Occasional Buyers,HANGING HEART ZINC T-LIGHT HOLDER,General engagement,Explore our latest offers selected specially for you.
18062.0,Inactive Customers,DOLLY HONEYCOMB GARLAND,General engagement,Explore our latest offers selected specially for you.
18064.0,Occasional Buyers,JUMBO BAG DOILEY PATTERNS,General engagement,Explore our latest offers selected specially for you.
18065.0,Occasional Buyers,PLACE SETTING WHITE HEART,General engagement,Explore our latest offers selected specially for you.
18066.0,Occasional Buyers,PACK OF 6 BIRDY GIFT TAGS,General engagement,Explore our latest offers selected specially for you.
18067.0,Occasional Buyers,12 PENCILS TALL TUBE RED RETROSPOT,General engagement,Explore our latest offers selected specially for you.
18068.0,Inactive Customers,FAUX FUR CHOCOLATE THROW,General engagement,Explore our latest offers selected specially for you.
18069.0,Occasional Buyers,BUBBLEGUM RING ASSORTED,General engagement,Explore our latest offers selected specially for you.
18071.0,Inactive Customers,ANTIQUE SILVER T-LIGHT GLASS,General engagement,Explore our latest offers selected specially for you.
18072.0,Inactive Customers,"BLACK TEA,COFFEE,SUGAR JARS",General engagement,Explore our latest offers selected specially for you.
18073.0,Occasional Buyers,ANTIQUE SILVER T-LIGHT GLASS,General engagement,Explore our latest offers selected specially for you.
18074.0,Inactive Customers,COLOUR GLASS T-LIGHT HOLDER HANGING,General engagement,Explore our latest offers selected specially for you.
18075.0,Occasional Buyers,WHITE HANGING HEART T-LIGHT HOLDER,General engagement,Explore our latest offers selected specially for you.
18077.0,Occasional Buyers,RABBIT NIGHT LIGHT,General engagement,Explore our latest offers selected specially for you.
18078.0,Inactive Customers,ROSES REGENCY TEACUP AND SAUCER ,General engagement,Explore our latest offers selected specially for you.
18079.0,Occasional Buyers,TRAVEL CARD WALLET KEEP CALM,General engagement,Explore our latest offers selected specially for you.
18080.0,Occasional Buyers,PAPER CHAIN KIT EMPIRE,General engagement,Explore our latest offers selected specially for you.
18081.0,Occasional Buyers,CHRISTMAS TREE STAR DECORATION,General engagement,Explore our latest offers selected specially for you.
18082.0,Occasional Buyers,MAGIC DRAWING SLATE DINOSAUR,General engagement,Explore our latest offers selected specially for you.
18084.0,Occasional Buyers,WOODEN STAR CHRISTMAS SCANDINAVIAN,General engagement,Explore our latest offers selected specially for you.
18085.0,Inactive Customers,SCOTTIE DOG HOT WATER BOTTLE,General engagement,Explore our latest offers selected specially for you.
18086.0,Inactive Customers,PACK OF 12 SKULL TISSUES,General engagement,Explore our latest offers selected specially for you.
18087.0,Occasional Buyers,EMPIRE DESIGN ROSETTE,General engagement,Explore our latest offers selected specially for you.
18088.0,Occasional Buyers,AGED GLASS SILVER T-LIGHT HOLDER,General engagement,Explore our latest offers selected specially for you.
18092.0,Occasional Buyers,MOROCCAN TEA GLASS,General engagement,Explore our latest offers selected specially for you.
18093.0,Occasional Buyers,AGED GLASS SILVER T-LIGHT HOLDER,General engagement,Explore our latest offers selected specially for you.
18094.0,Occasional Buyers,ASSORTED COLOURS SILK FAN,General engagement,Explore our latest offers selected specially for you.
18095.0,Inactive Customers,MINI PAINT SET VINTAGE ,General engagement,Explore our latest offers selected specially for you.
18096.0,Occasional Buyers,LETTER SHAPE PENCIL SHARPENER,General engagement,Explore our latest offers selected specially for you.
18097.0,Occasional Buyers,WORLD WAR 2 GLIDERS ASSTD DESIGNS,General engagement,Explore our latest offers selected specially for you.
18099.0,Occasional Buyers,TRAVEL CARD WALLET KEEP CALM,General engagement,Explore our latest offers selected specially for you.
18101.0,Occasional Buyers,WHITE JEWELLED HEART DECORATION,General engagement,Explore our latest offers selected specially for you.
18102.0,Champions,CREAM HEART CARD HOLDER,General engagement,Explore our latest offers selected specially for you.
18104.0,Occasional Buyers,HEART WOODEN CHRISTMAS DECORATION,General engagement,Explore our latest offers selected specially for you.
18105.0,Occasional Buyers,WOODEN FRAME ANTIQUE WHITE ,General engagement,Explore our latest offers selected specially for you.
18106.0,Inactive Customers,WHITE HANGING HEART T-LIGHT HOLDER,General engagement,Explore our latest offers selected specially for you.
18108.0,Inactive Customers,ANTIQUE SILVER T-LIGHT GLASS,General engagement,Explore our latest offers selected specially for you.
18109.0,Loyal Customers,PLACE SETTING WHITE HEART,Increase repeat purchases,We appreciate your loyalty! Get a special offer on PLACE SETTING WHITE HEART and continue enjoying your favorite picks.
18110.0,Occasional Buyers,OFFICE MUG WARMER BLACK+SILVER ,General engagement,Explore our latest offers selected specially for you.
18112.0,Occasional Buyers,FROSTED WHITE BASE ,General engagement,Explore our latest offers selected specially for you.
18113.0,Inactive Customers,ANTIQUE SILVER TEA GLASS ETCHED,General engagement,Explore our latest offers selected specially for you.
18114.0,Inactive Customers,BLUE TEA TOWEL CLASSIC DESIGN,General engagement,Explore our latest offers selected specially for you.
18116.0,Occasional Buyers,PACK OF 12 LONDON TISSUES ,General engagement,Explore our latest offers selected specially for you.
18117.0,Occasional Buyers,LETTER SHAPE PENCIL SHARPENER,General engagement,Explore our latest offers selected specially for you.
18118.0,Loyal Customers,SMALL POPCORN HOLDER,Increase repeat purchases,We appreciate your loyalty! Get a special offer on SMALL POPCORN HOLDER and continue enjoying your favorite picks.
18119.0,Inactive Customers,CARD MOTORBIKE SANTA,General engagement,Explore our latest offers selected specially for you.
18120.0,Inactive Customers,PINK VINTAGE PAISLEY PICNIC BAG,General engagement,Explore our latest offers selected specially for you.
18121.0,Inactive Customers,ANTIQUE SILVER T-LIGHT GLASS,General engagement,Explore our latest offers selected specially for you.
18122.0,Occasional Buyers,WORLD WAR 2 GLIDERS ASSTD DESIGNS,General engagement,Explore our latest offers selected specially for you.
18123.0,Occasional Buyers,12 PENCILS TALL TUBE SKULLS,General engagement,Explore our latest offers selected specially for you.
18125.0,Occasional Buyers,POLKADOT PEN,General engagement,Explore our latest offers selected specially for you.
18126.0,Occasional Buyers,GROW A FLYTRAP OR SUNFLOWER IN TIN,General engagement,Explore our latest offers selected specially for you.
18127.0,Occasional Buyers,FENG SHUI PILLAR CANDLE,General engagement,Explore our latest offers selected specially for you.
18129.0,Inactive Customers,HOMEMADE JAM SCENTED CANDLES,General engagement,Explore our latest offers selected specially for you.
18130.0,Occasional Buyers,HANGING HEART WITH BELL,General engagement,Explore our latest offers selected specially for you.
18133.0,Inactive Customers,SMALL CERAMIC TOP STORAGE JAR ,General engagement,Explore our latest offers selected specially for you.
18135.0,Occasional Buyers,ANTIQUE SILVER TEA GLASS ENGRAVED,General engagement,Explore our latest offers selected specially for you.
18136.0,Occasional Buyers,LAVENDER SCENTED FABRIC HEART,General engagement,Explore our latest offers selected specially for you.
18138.0,Inactive Customers,FRENCH FLORAL CUSHION COVER ,General engagement,Explore our latest offers selected specially for you.
18139.0,Occasional Buyers,PARTY BUNTING,General engagement,Explore our latest offers selected specially for you.
18142.0,Inactive Customers,BAG 125g SWIRLY MARBLES,General engagement,Explore our latest offers selected specially for you.
18143.0,Occasional Buyers,60 CAKE CASES VINTAGE CHRISTMAS,General engagement,Explore our latest offers selected specially for you.
18144.0,Occasional Buyers,ASSORTED COLOUR BIRD ORNAMENT,General engagement,Explore our latest offers selected specially for you.
18145.0,Occasional Buyers,WORLD WAR 2 GLIDERS ASSTD DESIGNS,General engagement,Explore our latest offers selected specially for you.
18146.0,Occasional Buyers,60 TEATIME FAIRY CAKE CASES,General engagement,Explore our latest offers selected specially for you.
18147.0,Occasional Buyers,RED RETROSPOT WRAP ,General engagement,Explore our latest offers selected specially for you.
18149.0,Occasional Buyers,ASSORTED COLOUR BIRD ORNAMENT,General engagement,Explore our latest offers selected specially for you.
18150.0,Occasional Buyers,FELTCRAFT HAIRBAND PINK AND PURPLE,General engagement,Explore our latest offers selected specially for you.
18151.0,Occasional Buyers,12 PENCILS SMALL TUBE SKULL,General engagement,Explore our latest offers selected specially for you.
18154.0,Occasional Buyers,CHRISTMAS RETROSPOT ANGEL WOOD,General engagement,Explore our latest offers selected specially for you.
18155.0,Occasional Buyers,PLACE SETTING WHITE HEART,General engagement,Explore our latest offers selected specially for you.
18156.0,Occasional Buyers,WRAP CHRISTMAS VILLAGE,General engagement,Explore our latest offers selected specially for you.
18158.0,Occasional Buyers,CHARLOTTE BAG APPLES DESIGN,General engagement,Explore our latest offers selected specially for you.
18159.0,Inactive Customers,REGENCY CAKESTAND 3 TIER,General engagement,Explore our latest offers selected specially for you.
18160.0,Occasional Buyers,COLOUR GLASS T-LIGHT HOLDER HANGING,General engagement,Explore our latest offers selected specially for you.
18161.0,Occasional Buyers,ASSORTED COLOUR BIRD ORNAMENT,General engagement,Explore our latest offers selected specially for you.
18164.0,Occasional Buyers,WRAP  VINTAGE DOILY ,General engagement,Explore our latest offers selected specially for you.
18165.0,Inactive Customers,REGENCY TEA SPOON,General engagement,Explore our latest offers selected specially for you.
18167.0,Occasional Buyers,FELTCRAFT CHRISTMAS FAIRY,General engagement,Explore our latest offers selected specially for you.
18168.0,Inactive Customers,"ASSORTED FLOWER COLOUR ""LEIS""",General engagement,Explore our latest offers selected specially for you.
18169.0,Occasional Buyers,LARGE WHITE HEART OF WICKER,General engagement,Explore our latest offers selected specially for you.
18170.0,Occasional Buyers,LARGE WHITE HEART OF WICKER,General engagement,Explore our latest offers selected specially for you.
18171.0,Occasional Buyers,ASSORTED COLOUR BIRD ORNAMENT,General engagement,Explore our latest offers selected specially for you.
18172.0,Loyal Customers,WHITE HANGING HEART T-LIGHT HOLDER,Increase repeat purchases,We appreciate your loyalty! Get a special offer on WHITE HANGING HEART T-LIGHT HOLDER and continue enjoying your favorite picks.
18173.0,Occasional Buyers,PARTY CONES CANDY TREE DECORATION,General engagement,Explore our latest offers selected specially for you.
18174.0,Occasional Buyers,JUMBO BAG RED RETROSPOT,General engagement,Explore our latest offers selected specially for you.
18176.0,Inactive Customers,72 SWEETHEART FAIRY CAKE CASES,General engagement,Explore our latest offers selected specially for you.
18177.0,Occasional Buyers,JUMBO  BAG BAROQUE BLACK WHITE,General engagement,Explore our latest offers selected specially for you.
18178.0,Occasional Buyers,PACK OF 12 SPACEBOY TISSUES,General engagement,Explore our latest offers selected specially for you.
18179.0,Occasional Buyers,GIRLS ALPHABET IRON ON PATCHES ,General engagement,Explore our latest offers selected specially for you.
18180.0,Occasional Buyers,POPCORN HOLDER,General engagement,Explore our latest offers selected specially for you.
18181.0,Occasional Buyers,COLOUR GLASS T-LIGHT HOLDER HANGING,General engagement,Explore our latest offers selected specially for you.
18183.0,Inactive Customers,COLOUR GLASS T-LIGHT HOLDER HANGING,General engagement,Explore our latest offers selected specially for you.
18184.0,Occasional Buyers,ASSORTED COLOURS SILK FAN,General engagement,Explore our latest offers selected specially for you.
18185.0,Inactive Customers,72 SWEETHEART FAIRY CAKE CASES,General engagement,Explore our latest offers selected specially for you.
18188.0,Occasional Buyers,ROTATING SILVER ANGELS T-LIGHT HLDR,General engagement,Explore our latest offers selected specially for you.
18189.0,Occasional Buyers,60 TEATIME FAIRY CAKE CASES,General engagement,Explore our latest offers selected specially for you.
18190.0,Inactive Customers,ASSORTED COLOURS SILK FAN,General engagement,Explore our latest offers selected specially for you.
18191.0,Inactive Customers,MULTI COLOUR SILVER T-LIGHT HOLDER,General engagement,Explore our latest offers selected specially for you.
18192.0,Occasional Buyers,PAPER CHAIN KIT 50'S CHRISTMAS ,General engagement,Explore our latest offers selected specially for you.
18193.0,Inactive Customers,MINI PAINTED GARDEN DECORATION ,General engagement,Explore our latest offers selected specially for you.
18194.0,Occasional Buyers,6 RIBBONS ELEGANT CHRISTMAS ,General engagement,Explore our latest offers selected specially for you.
18196.0,Occasional Buyers,HANGING MINI COLOURED BOTTLES,General engagement,Explore our latest offers selected specially for you.
18198.0,Loyal Customers,VICTORIAN GLASS HANGING T-LIGHT,Increase repeat purchases,We appreciate your loyalty! Get a special offer on VICTORIAN GLASS HANGING T-LIGHT and continue enjoying your favorite picks.
18200.0,Occasional Buyers,ANTIQUE SILVER TEA GLASS ENGRAVED,General engagement,Explore our latest offers selected specially for you.
18202.0,Inactive Customers,ASSORTED COLOUR BIRD ORNAMENT,General engagement,Explore our latest offers selected specially for you.
18203.0,Inactive Customers,PICTURE FRAME WOOD TRIPLE PORTRAIT,General engagement,Explore our latest offers selected specially for you.
18204.0,Occasional Buyers,DOUGHNUT LIP GLOSS ,General engagement,Explore our latest offers selected specially for you.
18205.0,Occasional Buyers,HEART OF WICKER SMALL,General engagement,Explore our latest offers selected specially for you.
18209.0,Occasional Buyers,BLUE POLKADOT LUGGAGE TAG ,General engagement,Explore our latest offers selected specially for you.
18210.0,Occasional Buyers,CHRISTMAS HANGING STAR WITH BELL,General engagement,Explore our latest offers selected specially for you.
18211.0,Occasional Buyers,VICTORIAN GLASS HANGING T-LIGHT,General engagement,Explore our latest offers selected specially for you.
18212.0,Inactive Customers,YELLOW METAL CHICKEN HEART ,General engagement,Explore our latest offers selected specially for you.
18213.0,Inactive Customers,FANCY FONTS BIRTHDAY WRAP,General engagement,Explore our latest offers selected specially for you.
18215.0,Occasional Buyers,PLEASE ONE PERSON METAL SIGN,General engagement,Explore our latest offers selected specially for you.
18216.0,Occasional Buyers,FILIGREE HEART BUTTERFLY WHITE ,General engagement,Explore our latest offers selected specially for you.
18217.0,Occasional Buyers,SET OF 12 FAIRY CAKE BAKING CASES,General engagement,Explore our latest offers selected specially for you.
18218.0,Inactive Customers,LUNCH BAG SUKI DESIGN ,General engagement,Explore our latest offers selected specially for you.
18219.0,Occasional Buyers,ASSORTED COLOUR BIRD ORNAMENT,General engagement,Explore our latest offers selected specially for you.
18220.0,Inactive Customers,STRAWBERRY CERAMIC TRINKET BOX,General engagement,Explore our latest offers selected specially for you.
18221.0,Occasional Buyers,WORLD WAR 2 GLIDERS ASSTD DESIGNS,General engagement,Explore our latest offers selected specially for you.
18222.0,Occasional Buyers,EASTER DECORATION HANGING BUNNY,General engagement,Explore our latest offers selected specially for you.
18223.0,Loyal Customers,BEWARE OF THE CAT METAL SIGN ,Increase repeat purchases,We appreciate your loyalty! Get a special offer on BEWARE OF THE CAT METAL SIGN  and continue enjoying your favorite picks.
18224.0,Inactive Customers,BAG 250g SWIRLY MARBLES,General engagement,Explore our latest offers selected specially for you.
18225.0,Occasional Buyers,60 CAKE CASES VINTAGE CHRISTMAS,General engagement,Explore our latest offers selected specially for you.
18226.0,Occasional Buyers,LUNCH BAG RED RETROSPOT,General engagement,Explore our latest offers selected specially for you.
18227.0,Inactive Customers,ZINC METAL HEART DECORATION,General engagement,Explore our latest offers selected specially for you.
18228.0,Occasional Buyers,BLUE GLASS GEMS IN BAG,General engagement,Explore our latest offers selected specially for you.
18229.0,Loyal Customers,LUNCH BAG RED RETROSPOT,Increase repeat purchases,We appreciate your loyalty! Get a special offer on LUNCH BAG RED RETROSPOT and continue enjoying your favorite picks.
18230.0,Occasional Buyers,PLEASE ONE PERSON METAL SIGN,General engagement,Explore our latest offers selected specially for you.
18231.0,Inactive Customers,RED DRAWER KNOB ACRYLIC EDWARDIAN,General engagement,Explore our latest offers selected specially for you.
18232.0,Occasional Buyers,EMPIRE GIFT WRAP,General engagement,Explore our latest offers selected specially for you.
18233.0,Inactive Customers,CHEST NATURAL WOOD 20 DRAWERS,General engagement,Explore our latest offers selected specially for you.
18235.0,Occasional Buyers,6 GIFT TAGS VINTAGE CHRISTMAS ,General engagement,Explore our latest offers selected specially for you.
18236.0,Occasional Buyers,WRAP DOILEY DESIGN,General engagement,Explore our latest offers selected specially for you.
18237.0,Occasional Buyers,DECORATIVE WICKER HEART SMALL,General engagement,Explore our latest offers selected specially for you.
18239.0,Inactive Customers,VICTORIAN GLASS HANGING T-LIGHT,General engagement,Explore our latest offers selected specially for you.
18240.0,Occasional Buyers,EDWARDIAN PARASOL BLACK,General engagement,Explore our latest offers selected specially for you.
18241.0,Loyal Customers,60 TEATIME FAIRY CAKE CASES,Increase repeat purchases,We appreciate your loyalty! Get a special offer on 60 TEATIME FAIRY CAKE CASES and continue enjoying your favorite picks.
18242.0,Occasional Buyers,SMALL CERAMIC TOP STORAGE JAR ,General engagement,Explore our latest offers selected specially for you.
18245.0,Occasional Buyers,CACTI T-LIGHT CANDLES,General engagement,Explore our latest offers selected specially for you.
18246.0,Occasional Buyers,PAPER BUNTING WHITE LACE,General engagement,Explore our latest offers selected specially for you.
18248.0,Occasional Buyers,FLOWERS TILE COASTER,General engagement,Explore our latest offers selected specially for you.
18249.0,Occasional Buyers,PENS ASSORTED FUNKY JEWELED ,General engagement,Explore our latest offers selected specially for you.
18250.0,Inactive Customers,MINI PAINT SET VINTAGE ,General engagement,Explore our latest offers selected specially for you.
18251.0,Occasional Buyers,60 CAKE CASES VINTAGE CHRISTMAS,General engagement,Explore our latest offers selected specially for you.
18252.0,Occasional Buyers,WRAP PAISLEY PARK ,General engagement,Explore our latest offers selected specially for you.
18255.0,Occasional Buyers,ANTIQUE SILVER T-LIGHT GLASS,General engagement,Explore our latest offers selected specially for you.
18257.0,Occasional Buyers,JUMBO BAG 50'S CHRISTMAS ,General engagement,Explore our latest offers selected specially for you.
18259.0,Occasional Buyers,CHOCOLATE HOT WATER BOTTLE,General engagement,Explore our latest offers selected specially for you.
18260.0,Inactive Customers,PLACE SETTING WHITE HEART,General engagement,Explore our latest offers selected specially for you.
18261.0,Occasional Buyers,CHRISTMAS CRAFT WHITE FAIRY ,General engagement,Explore our latest offers selected specially for you.
18262.0,Occasional Buyers,BLUE PUDDING SPOON,General engagement,Explore our latest offers selected specially for you.
18263.0,Occasional Buyers,ASS FLORAL PRINT MULTI SCREWDRIVER,General engagement,Explore our latest offers selected specially for you.
18265.0,Occasional Buyers,BOTANICAL ROSE GIFT WRAP,General engagement,Explore our latest offers selected specially for you.
18268.0,Occasional Buyers,SET OF 16 VINTAGE ROSE CUTLERY,General engagement,Explore our latest offers selected specially for you.
18269.0,Inactive Customers,10 COLOUR SPACEBOY PEN,General engagement,Explore our latest offers selected specially for you.
18270.0,Occasional Buyers,HANGING HEART JAR T-LIGHT HOLDER,General engagement,Explore our latest offers selected specially for you.
18272.0,Occasional Buyers,BLUE POLKADOT COFFEE MUG,General engagement,Explore our latest offers selected specially for you.
18273.0,Occasional Buyers,"ART LIGHTS,FUNK MONKEY",General engagement,Explore our latest offers selected specially for you.
18274.0,Occasional Buyers,FAIRY CAKE FLANNEL ASSORTED COLOUR,General engagement,Explore our latest offers selected specially for you.
18276.0,Occasional Buyers,MINI PAINT SET VINTAGE ,General engagement,Explore our latest offers selected specially for you.
18277.0,Occasional Buyers,WOODEN STAR CHRISTMAS SCANDINAVIAN,General engagement,Explore our latest offers selected specially for you.
18278.0,Occasional Buyers,CHRISTMAS STAR WISH LIST CHALKBOARD,General engagement,Explore our latest offers selected specially for you.
18280.0,Inactive Customers,PAPER CHAIN KIT EMPIRE,General engagement,Explore our latest offers selected specially for you.
18281.0,Inactive Customers,CARD CIRCUS PARADE,General engagement,Explore our latest offers selected specially for you.
18282.0,Occasional Buyers,FRENCH STYLE STORAGE JAR BONBONS,General engagement,Explore our latest offers selected specially for you.
18283.0,Loyal Customers,10 COLOUR SPACEBOY PEN,Increase repeat purchases,We appreciate your loyalty! Get a special offer on 10 COLOUR SPACEBOY PEN and continue enjoying your favorite picks.
18287.0,Occasional Buyers,S/4 IVORY MINI ROSE CANDLE IN BOWL,General engagement,Explore our latest offers selected specially for you.
